run_tag,strategy,profile,concurrency,endpoint,error_detail,occurrences
atomic_update_mixed_c100_rep1,atomic_update,mixed,100,/items/:id/reserve [POST],"CatchResponseError('Conflict error: {""error_code"":""IDEMPOTENCY_CONFLICT"",""message"":""Duplicate idempotency key \'u1851204838672-cec085f064284130\' used with conflicting reservation parameters.""}')",1
atomic_update_mixed_c100_rep1,atomic_update,mixed,100,/items/:id/reserve [POST],"CatchResponseError('Conflict error: {""error_code"":""IDEMPOTENCY_CONFLICT"",""message"":""Duplicate idempotency key \'u1851204843856-0e385d3a22c5484d\' used with conflicting reservation parameters.""}')",1
atomic_update_mixed_c100_rep1,atomic_update,mixed,100,/items/:id/reserve [POST],"CatchResponseError('Conflict error: {""error_code"":""IDEMPOTENCY_CONFLICT"",""message"":""Duplicate idempotency key \'u1851206145552-adb73651670d4a37\' used with conflicting reservation parameters.""}')",1
atomic_update_mixed_c100_rep1,atomic_update,mixed,100,/items/:id/reserve [POST],"CatchResponseError('Conflict error: {""error_code"":""IDEMPOTENCY_CONFLICT"",""message"":""Duplicate idempotency key \'u1851204859024-ac02bf99211245ac\' used with conflicting reservation parameters.""}')",1
atomic_update_mixed_c100_rep1,atomic_update,mixed,100,/items/:id/reserve [POST],"CatchResponseError('Conflict error: {""error_code"":""IDEMPOTENCY_CONFLICT"",""message"":""Duplicate idempotency key \'u1851204840016-57c03d0109274b28\' used with conflicting reservation parameters.""}')",1
atomic_update_mixed_c100_rep1,atomic_update,mixed,100,/items/:id/reserve [POST],"CatchResponseError('Conflict error: {""error_code"":""IDEMPOTENCY_CONFLICT"",""message"":""Duplicate idempotency key \'u1851205419664-1683dd91e3154fdf\' used with conflicting reservation parameters.""}')",1
atomic_update_mixed_c100_rep1,atomic_update,mixed,100,/items/:id/reserve [POST],"CatchResponseError('Conflict error: {""error_code"":""IDEMPOTENCY_CONFLICT"",""message"":""Duplicate idempotency key \'u1851210362960-7b802d251ca4452d\' used with conflicting reservation parameters.""}')",1
atomic_update_mixed_c100_rep1,atomic_update,mixed,100,/items/:id/reserve [POST],"CatchResponseError('Conflict error: {""error_code"":""IDEMPOTENCY_CONFLICT"",""message"":""Duplicate idempotency key \'u1851210595216-855627a4f4184a1d\' used with conflicting reservation parameters.""}')",1
atomic_update_mixed_c100_rep1,atomic_update,mixed,100,/items/:id/reserve [POST],"CatchResponseError('Conflict error: {""error_code"":""IDEMPOTENCY_CONFLICT"",""message"":""Duplicate idempotency key \'u1851206146704-802ce8665ce44ab0\' used with conflicting reservation parameters.""}')",1
atomic_update_mixed_c100_rep1,atomic_update,mixed,100,/items/:id/reserve [POST],"CatchResponseError('Conflict error: {""error_code"":""IDEMPOTENCY_CONFLICT"",""message"":""Duplicate idempotency key \'u1851210581776-3bca9b4db456439c\' used with conflicting reservation parameters.""}')",1
atomic_update_mixed_c100_rep1,atomic_update,mixed,100,/items/:id/reserve [POST],"CatchResponseError('Conflict error: {""error_code"":""IDEMPOTENCY_CONFLICT"",""message"":""Duplicate idempotency key \'u1851205420048-8d16daeb770643c7\' used with conflicting reservation parameters.""}')",1
atomic_update_mixed_c100_rep1,atomic_update,mixed,100,/items/:id/reserve [POST],"CatchResponseError('Conflict error: {""error_code"":""IDEMPOTENCY_CONFLICT"",""message"":""Duplicate idempotency key \'u1851206154576-698fc85319494e1d\' used with conflicting reservation parameters.""}')",1
atomic_update_mixed_c100_rep1,atomic_update,mixed,100,/items/:id/reserve [POST],"CatchResponseError('Conflict error: {""error_code"":""IDEMPOTENCY_CONFLICT"",""message"":""Duplicate idempotency key \'u1851204839056-a4290380010d45b6\' used with conflicting reservation parameters.""}')",1
atomic_update_mixed_c100_rep1,atomic_update,mixed,100,/items/:id/reserve [POST],"CatchResponseError('Conflict error: {""error_code"":""IDEMPOTENCY_CONFLICT"",""message"":""Duplicate idempotency key \'u1851204745936-cd05f5c5eabf4cc1\' used with conflicting reservation parameters.""}')",1
atomic_update_mixed_c100_rep1,atomic_update,mixed,100,/items/:id/reserve [POST],"CatchResponseError('Conflict error: {""error_code"":""IDEMPOTENCY_CONFLICT"",""message"":""Duplicate idempotency key \'u1851206146704-e187b4cc297d47f0\' used with conflicting reservation parameters.""}')",2
atomic_update_mixed_c100_rep1,atomic_update,mixed,100,/items/:id/reserve [POST],"CatchResponseError('Conflict error: {""error_code"":""IDEMPOTENCY_CONFLICT"",""message"":""Duplicate idempotency key \'u1851206154384-8422679c98bb498d\' used with conflicting reservation parameters.""}')",1
atomic_update_mixed_c100_rep1,atomic_update,mixed,100,/items/:id/reserve [POST],"CatchResponseError('Conflict error: {""error_code"":""IDEMPOTENCY_CONFLICT"",""message"":""Duplicate idempotency key \'u1851204843472-2682c6fcb1604661\' used with conflicting reservation parameters.""}')",1
atomic_update_mixed_c100_rep1,atomic_update,mixed,100,/items/:id/reserve [POST],"CatchResponseError('Conflict error: {""error_code"":""IDEMPOTENCY_CONFLICT"",""message"":""Duplicate idempotency key \'u1851205421200-a3c400c7f00d4071\' used with conflicting reservation parameters.""}')",1
atomic_update_mixed_c100_rep1,atomic_update,mixed,100,/items/:id/reserve [POST],"CatchResponseError('Conflict error: {""error_code"":""IDEMPOTENCY_CONFLICT"",""message"":""Duplicate idempotency key \'u1851204842704-771ed9ef5dd94cdf\' used with conflicting reservation parameters.""}')",1
atomic_update_mixed_c100_rep1,atomic_update,mixed,100,/items/:id/reserve [POST],"CatchResponseError('Conflict error: {""error_code"":""IDEMPOTENCY_CONFLICT"",""message"":""Duplicate idempotency key \'u1851204834256-13351eb074bd44fb\' used with conflicting reservation parameters.""}')",1
atomic_update_mixed_c100_rep1,atomic_update,mixed,100,/items/:id/reserve [POST],"CatchResponseError('Conflict error: {""error_code"":""IDEMPOTENCY_CONFLICT"",""message"":""Duplicate idempotency key \'u1851204841552-449e49e666374c81\' used with conflicting reservation parameters.""}')",1
atomic_update_mixed_c100_rep1,atomic_update,mixed,100,/items/:id/reserve [POST],"CatchResponseError('Conflict error: {""error_code"":""IDEMPOTENCY_CONFLICT"",""message"":""Duplicate idempotency key \'u1851205420432-cb4d78e317c640e6\' used with conflicting reservation parameters.""}')",1
atomic_update_mixed_c100_rep1,atomic_update,mixed,100,/items/:id/reserve [POST],"CatchResponseError('Conflict error: {""error_code"":""IDEMPOTENCY_CONFLICT"",""message"":""Duplicate idempotency key \'u1851205419280-fe5485c8041f4369\' used with conflicting reservation parameters.""}')",1
atomic_update_mixed_c100_rep1,atomic_update,mixed,100,/items/:id/reserve [POST],"CatchResponseError('Conflict error: {""error_code"":""IDEMPOTENCY_CONFLICT"",""message"":""Duplicate idempotency key \'u1851210353168-46e5358426da462a\' used with conflicting reservation parameters.""}')",1
atomic_update_mixed_c100_rep1,atomic_update,mixed,100,/items/:id/reserve [POST],"CatchResponseError('Conflict error: {""error_code"":""IDEMPOTENCY_CONFLICT"",""message"":""Duplicate idempotency key \'u1851210586000-49a3147d20884268\' used with conflicting reservation parameters.""}')",1
atomic_update_mixed_c100_rep1,atomic_update,mixed,100,/items/:id/reserve [POST],"CatchResponseError('Conflict error: {""error_code"":""IDEMPOTENCY_CONFLICT"",""message"":""Duplicate idempotency key \'u1851204837136-32e3ba8002ff4c9a\' used with conflicting reservation parameters.""}')",1
atomic_update_mixed_c100_rep1,atomic_update,mixed,100,/items/:id/reserve [POST],"CatchResponseError('Conflict error: {""error_code"":""IDEMPOTENCY_CONFLICT"",""message"":""Duplicate idempotency key \'u1851205420432-95a56986ba5440d3\' used with conflicting reservation parameters.""}')",1
atomic_update_mixed_c100_rep1,atomic_update,mixed,100,/items/:id/reserve [POST],"CatchResponseError('Conflict error: {""error_code"":""IDEMPOTENCY_CONFLICT"",""message"":""Duplicate idempotency key \'u1851204859024-d9b3b71bdea44efe\' used with conflicting reservation parameters.""}')",1
atomic_update_mixed_c100_rep1,atomic_update,mixed,100,/items/:id/reserve [POST],"CatchResponseError('Conflict error: {""error_code"":""IDEMPOTENCY_CONFLICT"",""message"":""Duplicate idempotency key \'u1851210582736-d47f6fd94f38402d\' used with conflicting reservation parameters.""}')",1
atomic_update_mixed_c100_rep1,atomic_update,mixed,100,/items/:id/reserve [POST],"CatchResponseError('Conflict error: {""error_code"":""IDEMPOTENCY_CONFLICT"",""message"":""Duplicate idempotency key \'u1851204841168-6270e34c21f24f28\' used with conflicting reservation parameters.""}')",1
atomic_update_mixed_c100_rep1,atomic_update,mixed,100,/items/:id/reserve [POST],"CatchResponseError('Conflict error: {""error_code"":""IDEMPOTENCY_CONFLICT"",""message"":""Duplicate idempotency key \'u1851210356432-1d4170e52fd04cdc\' used with conflicting reservation parameters.""}')",1
atomic_update_mixed_c100_rep1,atomic_update,mixed,100,/items/:id/reserve [POST],"CatchResponseError('Conflict error: {""error_code"":""IDEMPOTENCY_CONFLICT"",""message"":""Duplicate idempotency key \'u1851204845008-80aebaef60ed4d96\' used with conflicting reservation parameters.""}')",1
atomic_update_mixed_c100_rep1,atomic_update,mixed,100,/items/:id/reserve [POST],"CatchResponseError('Conflict error: {""error_code"":""IDEMPOTENCY_CONFLICT"",""message"":""Duplicate idempotency key \'u1851210586576-15e4b59293ee42ad\' used with conflicting reservation parameters.""}')",1
atomic_update_mixed_c100_rep1,atomic_update,mixed,100,/items/:id/reserve [POST],"CatchResponseError('Conflict error: {""error_code"":""IDEMPOTENCY_CONFLICT"",""message"":""Duplicate idempotency key \'u1851204573376-a8fb28bf66a246e9\' used with conflicting reservation parameters.""}')",1
atomic_update_mixed_c100_rep1,atomic_update,mixed,100,/items/:id/reserve [POST],"CatchResponseError('Conflict error: {""error_code"":""IDEMPOTENCY_CONFLICT"",""message"":""Duplicate idempotency key \'u1851203979984-81d346a7623742ed\' used with conflicting reservation parameters.""}')",1
atomic_update_mixed_c100_rep1,atomic_update,mixed,100,/items/:id/reserve [POST],"CatchResponseError('Conflict error: {""error_code"":""IDEMPOTENCY_CONFLICT"",""message"":""Duplicate idempotency key \'u1851210586000-4045bd89841248e5\' used with conflicting reservation parameters.""}')",1
atomic_update_mixed_c100_rep1,atomic_update,mixed,100,/items/:id/reserve [POST],"CatchResponseError('Conflict error: {""error_code"":""IDEMPOTENCY_CONFLICT"",""message"":""Duplicate idempotency key \'u1851204836368-726f88e31bae46ae\' used with conflicting reservation parameters.""}')",1
atomic_update_mixed_c100_rep2,atomic_update,mixed,100,/items/:id/reserve [POST],"CatchResponseError('Conflict error: {""error_code"":""IDEMPOTENCY_CONFLICT"",""message"":""Duplicate idempotency key \'u1717861818128-790ef8fb377f4880\' used with conflicting reservation parameters.""}')",1
atomic_update_mixed_c100_rep2,atomic_update,mixed,100,/items/:id/reserve [POST],"CatchResponseError('Conflict error: {""error_code"":""IDEMPOTENCY_CONFLICT"",""message"":""Duplicate idempotency key \'u1717861232336-dcd08c0b9dc74fa2\' used with conflicting reservation parameters.""}')",1
atomic_update_mixed_c100_rep2,atomic_update,mixed,100,/items/:id/reserve [POST],"CatchResponseError('Conflict error: {""error_code"":""IDEMPOTENCY_CONFLICT"",""message"":""Duplicate idempotency key \'u1717861822160-5c9c62808652493c\' used with conflicting reservation parameters.""}')",1
atomic_update_mixed_c100_rep2,atomic_update,mixed,100,/items/:id/reserve [POST],"CatchResponseError('Conflict error: {""error_code"":""IDEMPOTENCY_CONFLICT"",""message"":""Duplicate idempotency key \'u1717861231184-1fd28d4beee44abf\' used with conflicting reservation parameters.""}')",1
atomic_update_mixed_c100_rep2,atomic_update,mixed,100,/items/:id/reserve [POST],"CatchResponseError('Conflict error: {""error_code"":""IDEMPOTENCY_CONFLICT"",""message"":""Duplicate idempotency key \'u1717866802704-65cf1ac3f77c4b25\' used with conflicting reservation parameters.""}')",1
atomic_update_mixed_c100_rep2,atomic_update,mixed,100,/items/:id/reserve [POST],"CatchResponseError('Conflict error: {""error_code"":""IDEMPOTENCY_CONFLICT"",""message"":""Duplicate idempotency key \'u1717866795792-e6898e4ab0bd4403\' used with conflicting reservation parameters.""}')",1
atomic_update_mixed_c100_rep2,atomic_update,mixed,100,/items/:id/reserve [POST],"CatchResponseError('Conflict error: {""error_code"":""IDEMPOTENCY_CONFLICT"",""message"":""Duplicate idempotency key \'u1717861823120-2890a9fbac184f10\' used with conflicting reservation parameters.""}')",1
atomic_update_mixed_c100_rep2,atomic_update,mixed,100,/items/:id/reserve [POST],"CatchResponseError('Conflict error: {""error_code"":""IDEMPOTENCY_CONFLICT"",""message"":""Duplicate idempotency key \'u1717866791952-1f0470ead55a4429\' used with conflicting reservation parameters.""}')",1
atomic_update_mixed_c100_rep2,atomic_update,mixed,100,/items/:id/reserve [POST],"CatchResponseError('Conflict error: {""error_code"":""IDEMPOTENCY_CONFLICT"",""message"":""Duplicate idempotency key \'u1717861230224-35e35c20fa07497a\' used with conflicting reservation parameters.""}')",1
atomic_update_mixed_c100_rep2,atomic_update,mixed,100,/items/:id/reserve [POST],"CatchResponseError('Conflict error: {""error_code"":""IDEMPOTENCY_CONFLICT"",""message"":""Duplicate idempotency key \'u1717866802512-eef1273ef2354bd7\' used with conflicting reservation parameters.""}')",1
atomic_update_mixed_c100_rep2,atomic_update,mixed,100,/items/:id/reserve [POST],"CatchResponseError('Conflict error: {""error_code"":""IDEMPOTENCY_CONFLICT"",""message"":""Duplicate idempotency key \'u1717861228304-0c8790982d454109\' used with conflicting reservation parameters.""}')",1
atomic_update_mixed_c100_rep2,atomic_update,mixed,100,/items/:id/reserve [POST],"CatchResponseError('Conflict error: {""error_code"":""IDEMPOTENCY_CONFLICT"",""message"":""Duplicate idempotency key \'u1717861822160-1bc77ff9f32b4055\' used with conflicting reservation parameters.""}')",1
atomic_update_mixed_c100_rep2,atomic_update,mixed,100,/items/:id/reserve [POST],"CatchResponseError('Conflict error: {""error_code"":""IDEMPOTENCY_CONFLICT"",""message"":""Duplicate idempotency key \'u1717866805200-f1e886c50943469b\' used with conflicting reservation parameters.""}')",1
atomic_update_mixed_c100_rep2,atomic_update,mixed,100,/items/:id/reserve [POST],"CatchResponseError('Conflict error: {""error_code"":""IDEMPOTENCY_CONFLICT"",""message"":""Duplicate idempotency key \'u1717862534992-ba97a3900893448d\' used with conflicting reservation parameters.""}')",1
atomic_update_mixed_c100_rep2,atomic_update,mixed,100,/items/:id/reserve [POST],"CatchResponseError('Conflict error: {""error_code"":""IDEMPOTENCY_CONFLICT"",""message"":""Duplicate idempotency key \'u1717861232336-6a7c8cc7ef82448b\' used with conflicting reservation parameters.""}')",1
atomic_update_mixed_c100_rep2,atomic_update,mixed,100,/items/:id/reserve [POST],"CatchResponseError('Conflict error: {""error_code"":""IDEMPOTENCY_CONFLICT"",""message"":""Duplicate idempotency key \'u1717861229840-02dcd376aebc4089\' used with conflicting reservation parameters.""}')",1
atomic_update_mixed_c100_rep2,atomic_update,mixed,100,/items/:id/reserve [POST],"CatchResponseError('Conflict error: {""error_code"":""IDEMPOTENCY_CONFLICT"",""message"":""Duplicate idempotency key \'u1717862545360-5e32343ec17a49c4\' used with conflicting reservation parameters.""}')",1
atomic_update_mixed_c100_rep2,atomic_update,mixed,100,/items/:id/reserve [POST],"CatchResponseError('Conflict error: {""error_code"":""IDEMPOTENCY_CONFLICT"",""message"":""Duplicate idempotency key \'u1717861236560-3f6d8cd5229845ab\' used with conflicting reservation parameters.""}')",1
atomic_update_mixed_c100_rep2,atomic_update,mixed,100,/items/:id/reserve [POST],"CatchResponseError('Conflict error: {""error_code"":""IDEMPOTENCY_CONFLICT"",""message"":""Duplicate idempotency key \'u1717861822160-705e35f319094dec\' used with conflicting reservation parameters.""}')",1
atomic_update_mixed_c100_rep2,atomic_update,mixed,100,/items/:id/reserve [POST],"CatchResponseError('Conflict error: {""error_code"":""IDEMPOTENCY_CONFLICT"",""message"":""Duplicate idempotency key \'u1717861812368-b138b108e66f4a93\' used with conflicting reservation parameters.""}')",1
atomic_update_mixed_c100_rep2,atomic_update,mixed,100,/items/:id/reserve [POST],"CatchResponseError('Conflict error: {""error_code"":""IDEMPOTENCY_CONFLICT"",""message"":""Duplicate idempotency key \'u1717861235408-2fd289bdd15642ea\' used with conflicting reservation parameters.""}')",1
atomic_update_mixed_c100_rep2,atomic_update,mixed,100,/items/:id/reserve [POST],"CatchResponseError('Conflict error: {""error_code"":""IDEMPOTENCY_CONFLICT"",""message"":""Duplicate idempotency key \'u1717866792912-18d80480855c4219\' used with conflicting reservation parameters.""}')",1
atomic_update_mixed_c100_rep2,atomic_update,mixed,100,/items/:id/reserve [POST],"CatchResponseError('Conflict error: {""error_code"":""IDEMPOTENCY_CONFLICT"",""message"":""Duplicate idempotency key \'u1717861137104-85250d314e3d412c\' used with conflicting reservation parameters.""}')",1
atomic_update_mixed_c100_rep2,atomic_update,mixed,100,/items/:id/reserve [POST],"CatchResponseError('Conflict error: {""error_code"":""IDEMPOTENCY_CONFLICT"",""message"":""Duplicate idempotency key \'u1717861229072-a1eb09bee8124ef7\' used with conflicting reservation parameters.""}')",1
atomic_update_mixed_c100_rep2,atomic_update,mixed,100,/items/:id/reserve [POST],"CatchResponseError('Conflict error: {""error_code"":""IDEMPOTENCY_CONFLICT"",""message"":""Duplicate idempotency key \'u1717867024784-e9276506d7eb42d3\' used with conflicting reservation parameters.""}')",1
atomic_update_mixed_c100_rep2,atomic_update,mixed,100,/items/:id/reserve [POST],"CatchResponseError('Conflict error: {""error_code"":""IDEMPOTENCY_CONFLICT"",""message"":""Duplicate idempotency key \'u1717861227920-b86c15b6c3694136\' used with conflicting reservation parameters.""}')",1
atomic_update_mixed_c100_rep2,atomic_update,mixed,100,/items/:id/reserve [POST],"CatchResponseError('Conflict error: {""error_code"":""IDEMPOTENCY_CONFLICT"",""message"":""Duplicate idempotency key \'u1717860412656-192231bc250a48ae\' used with conflicting reservation parameters.""}')",1
atomic_update_mixed_c100_rep2,atomic_update,mixed,100,/items/:id/reserve [POST],"CatchResponseError('Conflict error: {""error_code"":""IDEMPOTENCY_CONFLICT"",""message"":""Duplicate idempotency key \'u1717861233104-013d465710ad41c6\' used with conflicting reservation parameters.""}')",1
atomic_update_mixed_c20_rep1,atomic_update,mixed,20,/items/:id/reserve [POST],"CatchResponseError('Conflict error: {""error_code"":""IDEMPOTENCY_CONFLICT"",""message"":""Duplicate idempotency key \'u1754122484304-465974e39de2409f\' used with conflicting reservation parameters.""}')",1
atomic_update_mixed_c20_rep1,atomic_update,mixed,20,/items/:id/reserve [POST],"CatchResponseError('Conflict error: {""error_code"":""IDEMPOTENCY_CONFLICT"",""message"":""Duplicate idempotency key \'u1754123958416-65448d6b5d48437a\' used with conflicting reservation parameters.""}')",1
atomic_update_mixed_c20_rep1,atomic_update,mixed,20,/items/:id/reserve [POST],"CatchResponseError('Conflict error: {""error_code"":""IDEMPOTENCY_CONFLICT"",""message"":""Duplicate idempotency key \'u1754122199664-5b78d3f33cee41a3\' used with conflicting reservation parameters.""}')",1
atomic_update_mixed_c20_rep1,atomic_update,mixed,20,/items/:id/reserve [POST],"CatchResponseError('Conflict error: {""error_code"":""IDEMPOTENCY_CONFLICT"",""message"":""Duplicate idempotency key \'u1754123957648-2db31a63b95c4d4e\' used with conflicting reservation parameters.""}')",1
atomic_update_mixed_c20_rep1,atomic_update,mixed,20,/items/:id/reserve [POST],"CatchResponseError('Conflict error: {""error_code"":""IDEMPOTENCY_CONFLICT"",""message"":""Duplicate idempotency key \'u1754122256464-5cdaac4d1b894b97\' used with conflicting reservation parameters.""}')",1
atomic_update_mixed_c20_rep1,atomic_update,mixed,20,/items/:id/reserve [POST],"CatchResponseError('Conflict error: {""error_code"":""IDEMPOTENCY_CONFLICT"",""message"":""Duplicate idempotency key \'u1754122843280-dee0f020d8f14cd3\' used with conflicting reservation parameters.""}')",1
atomic_update_mixed_c20_rep1,atomic_update,mixed,20,/items/:id/reserve [POST],"CatchResponseError('Conflict error: {""error_code"":""IDEMPOTENCY_CONFLICT"",""message"":""Duplicate idempotency key \'u1754122507408-47a1c382449a4feb\' used with conflicting reservation parameters.""}')",1
atomic_update_mixed_c20_rep1,atomic_update,mixed,20,/items/:id/reserve [POST],"CatchResponseError('Conflict error: {""error_code"":""IDEMPOTENCY_CONFLICT"",""message"":""Duplicate idempotency key \'u1754122555456-65fd7b33d10942db\' used with conflicting reservation parameters.""}')",1
atomic_update_mixed_c20_rep1,atomic_update,mixed,20,/items/:id/reserve [POST],"CatchResponseError('Conflict error: {""error_code"":""IDEMPOTENCY_CONFLICT"",""message"":""Duplicate idempotency key \'u1754122492560-0d24311b9be64acb\' used with conflicting reservation parameters.""}')",1
atomic_update_mixed_c20_rep1,atomic_update,mixed,20,/items/:id/reserve [POST],"CatchResponseError('Conflict error: {""error_code"":""IDEMPOTENCY_CONFLICT"",""message"":""Duplicate idempotency key \'u1754123958800-6cc1ddb2566b488e\' used with conflicting reservation parameters.""}')",1
atomic_update_mixed_c20_rep1,atomic_update,mixed,20,/items/:id/reserve [POST],"CatchResponseError('Conflict error: {""error_code"":""IDEMPOTENCY_CONFLICT"",""message"":""Duplicate idempotency key \'u1754122256464-8ed0a7f800264582\' used with conflicting reservation parameters.""}')",1
atomic_update_mixed_c20_rep1,atomic_update,mixed,20,/items/:id/reserve [POST],"CatchResponseError('Conflict error: {""error_code"":""IDEMPOTENCY_CONFLICT"",""message"":""Duplicate idempotency key \'u1754122484304-f41da07b6f174eaf\' used with conflicting reservation parameters.""}')",1
atomic_update_mixed_c20_rep1,atomic_update,mixed,20,/items/:id/reserve [POST],"CatchResponseError('Conflict error: {""error_code"":""IDEMPOTENCY_CONFLICT"",""message"":""Duplicate idempotency key \'u1754122676864-8f3da16513ff47eb\' used with conflicting reservation parameters.""}')",1
atomic_update_mixed_c20_rep1,atomic_update,mixed,20,/items/:id/reserve [POST],"CatchResponseError('Conflict error: {""error_code"":""IDEMPOTENCY_CONFLICT"",""message"":""Duplicate idempotency key \'u1754122484304-dae900519c8249b9\' used with conflicting reservation parameters.""}')",1
atomic_update_mixed_c20_rep1,atomic_update,mixed,20,/items/:id/reserve [POST],"CatchResponseError('Conflict error: {""error_code"":""IDEMPOTENCY_CONFLICT"",""message"":""Duplicate idempotency key \'u1754121964240-d57ba698d0ea4d89\' used with conflicting reservation parameters.""}')",1
atomic_update_mixed_c20_rep1,atomic_update,mixed,20,/items/:id/reserve [POST],"CatchResponseError('Conflict error: {""error_code"":""IDEMPOTENCY_CONFLICT"",""message"":""Duplicate idempotency key \'u1754123958032-388fd9c59d1346dc\' used with conflicting reservation parameters.""}')",1
atomic_update_mixed_c20_rep2,atomic_update,mixed,20,/items/:id/reserve [POST],"CatchResponseError('Conflict error: {""error_code"":""IDEMPOTENCY_CONFLICT"",""message"":""Duplicate idempotency key \'u2823867020112-d3b1c527cf594066\' used with conflicting reservation parameters.""}')",1
atomic_update_mixed_c20_rep2,atomic_update,mixed,20,/items/:id/reserve [POST],"CatchResponseError('Conflict error: {""error_code"":""IDEMPOTENCY_CONFLICT"",""message"":""Duplicate idempotency key \'u2823866466384-e7e2044c0b6f40fe\' used with conflicting reservation parameters.""}')",1
atomic_update_mixed_c20_rep2,atomic_update,mixed,20,/items/:id/reserve [POST],"CatchResponseError('Conflict error: {""error_code"":""IDEMPOTENCY_CONFLICT"",""message"":""Duplicate idempotency key \'u2823867020112-abe560e46fca4dff\' used with conflicting reservation parameters.""}')",1
atomic_update_mixed_c20_rep2,atomic_update,mixed,20,/items/:id/reserve [POST],"CatchResponseError('Conflict error: {""error_code"":""IDEMPOTENCY_CONFLICT"",""message"":""Duplicate idempotency key \'u2823867038944-e50e1b6720264f3f\' used with conflicting reservation parameters.""}')",1
atomic_update_mixed_c20_rep2,atomic_update,mixed,20,/items/:id/reserve [POST],"CatchResponseError('Conflict error: {""error_code"":""IDEMPOTENCY_CONFLICT"",""message"":""Duplicate idempotency key \'u2823866394992-caaafffa7b524aa0\' used with conflicting reservation parameters.""}')",1
atomic_update_mixed_c20_rep2,atomic_update,mixed,20,/items/:id/reserve [POST],"CatchResponseError('Conflict error: {""error_code"":""IDEMPOTENCY_CONFLICT"",""message"":""Duplicate idempotency key \'u2823867021840-24d1266af1cf4bda\' used with conflicting reservation parameters.""}')",1
atomic_update_mixed_c20_rep2,atomic_update,mixed,20,/items/:id/reserve [POST],"CatchResponseError('Conflict error: {""error_code"":""IDEMPOTENCY_CONFLICT"",""message"":""Duplicate idempotency key \'u2823866751168-adfcebf40cff48a4\' used with conflicting reservation parameters.""}')",1
atomic_update_mixed_c20_rep2,atomic_update,mixed,20,/items/:id/reserve [POST],"CatchResponseError('Conflict error: {""error_code"":""IDEMPOTENCY_CONFLICT"",""message"":""Duplicate idempotency key \'u2823866685136-cba8d4d325fd4153\' used with conflicting reservation parameters.""}')",1
atomic_update_mixed_c20_rep2,atomic_update,mixed,20,/items/:id/reserve [POST],"CatchResponseError('Conflict error: {""error_code"":""IDEMPOTENCY_CONFLICT"",""message"":""Duplicate idempotency key \'u2823867020112-71a2c32d444e412e\' used with conflicting reservation parameters.""}')",1
atomic_update_mixed_c20_rep2,atomic_update,mixed,20,/items/:id/reserve [POST],"CatchResponseError('Conflict error: {""error_code"":""IDEMPOTENCY_CONFLICT"",""message"":""Duplicate idempotency key \'u2823866395664-50a73ec304e24ee5\' used with conflicting reservation parameters.""}')",1
atomic_update_mixed_c20_rep2,atomic_update,mixed,20,/items/:id/reserve [POST],"CatchResponseError('Conflict error: {""error_code"":""IDEMPOTENCY_CONFLICT"",""message"":""Duplicate idempotency key \'u2823866686096-db7bdf43a3644f98\' used with conflicting reservation parameters.""}')",1
atomic_update_mixed_c20_rep2,atomic_update,mixed,20,/items/:id/reserve [POST],"CatchResponseError('Conflict error: {""error_code"":""IDEMPOTENCY_CONFLICT"",""message"":""Duplicate idempotency key \'u2823866494000-7eed4df85bc04ed3\' used with conflicting reservation parameters.""}')",1
atomic_update_mixed_c20_rep2,atomic_update,mixed,20,/items/:id/reserve [POST],"CatchResponseError('Conflict error: {""error_code"":""IDEMPOTENCY_CONFLICT"",""message"":""Duplicate idempotency key \'u2823867038944-97b22d2fefd24765\' used with conflicting reservation parameters.""}')",1
atomic_update_mixed_c20_rep2,atomic_update,mixed,20,/items/:id/reserve [POST],"CatchResponseError('Conflict error: {""error_code"":""IDEMPOTENCY_CONFLICT"",""message"":""Duplicate idempotency key \'u2823866394992-1ed7d11d66494d85\' used with conflicting reservation parameters.""}')",1
atomic_update_mixed_c20_rep2,atomic_update,mixed,20,/items/:id/reserve [POST],"CatchResponseError('Conflict error: {""error_code"":""IDEMPOTENCY_CONFLICT"",""message"":""Duplicate idempotency key \'u2823866686096-899c149c520d455b\' used with conflicting reservation parameters.""}')",1
atomic_update_mixed_c20_rep2,atomic_update,mixed,20,/items/:id/reserve [POST],"CatchResponseError('Conflict error: {""error_code"":""IDEMPOTENCY_CONFLICT"",""message"":""Duplicate idempotency key \'u2823866466384-e58b7b4393bc477f\' used with conflicting reservation parameters.""}')",1
atomic_update_mixed_c20_rep2,atomic_update,mixed,20,/items/:id/reserve [POST],"CatchResponseError('Conflict error: {""error_code"":""IDEMPOTENCY_CONFLICT"",""message"":""Duplicate idempotency key \'u2823866748992-bca67ddf602b493f\' used with conflicting reservation parameters.""}')",1
atomic_update_mixed_c20_rep2,atomic_update,mixed,20,/items/:id/reserve [POST],"CatchResponseError('Conflict error: {""error_code"":""IDEMPOTENCY_CONFLICT"",""message"":""Duplicate idempotency key \'u2823866157776-dc6f04ef0b654d30\' used with conflicting reservation parameters.""}')",1
atomic_update_mixed_c20_rep2,atomic_update,mixed,20,/items/:id/reserve [POST],"CatchResponseError('Conflict error: {""error_code"":""IDEMPOTENCY_CONFLICT"",""message"":""Duplicate idempotency key \'u2823866466384-5d64aa42b2894a9c\' used with conflicting reservation parameters.""}')",1
atomic_update_mixed_c20_rep2,atomic_update,mixed,20,/items/:id/reserve [POST],"CatchResponseError('Conflict error: {""error_code"":""IDEMPOTENCY_CONFLICT"",""message"":""Duplicate idempotency key \'u2823866700944-3c5027e90f4b428b\' used with conflicting reservation parameters.""}')",1
atomic_update_mixed_c20_rep2,atomic_update,mixed,20,/items/:id/reserve [POST],"CatchResponseError('Conflict error: {""error_code"":""IDEMPOTENCY_CONFLICT"",""message"":""Duplicate idempotency key \'u2823866494000-e58369dc3fb84cf7\' used with conflicting reservation parameters.""}')",1
atomic_update_mixed_c20_rep2,atomic_update,mixed,20,/items/:id/reserve [POST],"CatchResponseError('Conflict error: {""error_code"":""IDEMPOTENCY_CONFLICT"",""message"":""Duplicate idempotency key \'u2823866751168-65be4b4407a94c07\' used with conflicting reservation parameters.""}')",1
atomic_update_mixed_c20_rep2,atomic_update,mixed,20,/items/:id/reserve [POST],"CatchResponseError('Conflict error: {""error_code"":""IDEMPOTENCY_CONFLICT"",""message"":""Duplicate idempotency key \'u2823866466384-6467281839b94675\' used with conflicting reservation parameters.""}')",1
atomic_update_mixed_c20_rep2,atomic_update,mixed,20,/items/:id/reserve [POST],"CatchResponseError('Conflict error: {""error_code"":""IDEMPOTENCY_CONFLICT"",""message"":""Duplicate idempotency key \'u2823866364176-fbf74296bcdc4c9e\' used with conflicting reservation parameters.""}')",1
atomic_update_mixed_c20_rep2,atomic_update,mixed,20,/items/:id/reserve [POST],"CatchResponseError('Conflict error: {""error_code"":""IDEMPOTENCY_CONFLICT"",""message"":""Duplicate idempotency key \'u2823866751168-72a84bdf23ab4d12\' used with conflicting reservation parameters.""}')",1
atomic_update_mixed_c20_rep2,atomic_update,mixed,20,/items/:id/reserve [POST],"CatchResponseError('Conflict error: {""error_code"":""IDEMPOTENCY_CONFLICT"",""message"":""Duplicate idempotency key \'u2823866751168-6e88696aac4046a3\' used with conflicting reservation parameters.""}')",1
atomic_update_mixed_c20_rep2,atomic_update,mixed,20,/items/:id/reserve [POST],"CatchResponseError('Conflict error: {""error_code"":""IDEMPOTENCY_CONFLICT"",""message"":""Duplicate idempotency key \'u2823866748992-7c05b3ff67f747a7\' used with conflicting reservation parameters.""}')",1
atomic_update_mixed_c20_rep2,atomic_update,mixed,20,/items/:id/reserve [POST],"CatchResponseError('Conflict error: {""error_code"":""IDEMPOTENCY_CONFLICT"",""message"":""Duplicate idempotency key \'u2823866353616-c3e80427f6a94b5a\' used with conflicting reservation parameters.""}')",1
atomic_update_mixed_c20_rep2,atomic_update,mixed,20,/items/:id/reserve [POST],"CatchResponseError('Conflict error: {""error_code"":""IDEMPOTENCY_CONFLICT"",""message"":""Duplicate idempotency key \'u2823867022800-c07afe6e52a84331\' used with conflicting reservation parameters.""}')",1
atomic_update_mixed_c20_rep2,atomic_update,mixed,20,/items/:id/reserve [POST],"CatchResponseError('Conflict error: {""error_code"":""IDEMPOTENCY_CONFLICT"",""message"":""Duplicate idempotency key \'u2823866395664-fca65fab47d240a8\' used with conflicting reservation parameters.""}')",1
atomic_update_mixed_c20_rep2,atomic_update,mixed,20,/items/:id/reserve [POST],"CatchResponseError('Conflict error: {""error_code"":""IDEMPOTENCY_CONFLICT"",""message"":""Duplicate idempotency key \'u2823866494000-d428ed66143c4e05\' used with conflicting reservation parameters.""}')",1
atomic_update_mixed_c20_rep2,atomic_update,mixed,20,/items/:id/reserve [POST],"CatchResponseError('Conflict error: {""error_code"":""IDEMPOTENCY_CONFLICT"",""message"":""Duplicate idempotency key \'u2823867021840-d43fa271615f4224\' used with conflicting reservation parameters.""}')",1
atomic_update_mixed_c20_rep2,atomic_update,mixed,20,/items/:id/reserve [POST],"CatchResponseError('Conflict error: {""error_code"":""IDEMPOTENCY_CONFLICT"",""message"":""Duplicate idempotency key \'u2823866364176-2dcb95be8e0b4636\' used with conflicting reservation parameters.""}')",1
atomic_update_mixed_c20_rep2,atomic_update,mixed,20,/items/:id/reserve [POST],"CatchResponseError('Conflict error: {""error_code"":""IDEMPOTENCY_CONFLICT"",""message"":""Duplicate idempotency key \'u2823866394992-5acafbc8ec984179\' used with conflicting reservation parameters.""}')",1
atomic_update_mixed_c20_rep2,atomic_update,mixed,20,/items/:id/reserve [POST],"CatchResponseError('Conflict error: {""error_code"":""IDEMPOTENCY_CONFLICT"",""message"":""Duplicate idempotency key \'u2823866157776-1bd986ef3dff4997\' used with conflicting reservation parameters.""}')",1
atomic_update_mixed_c20_rep2,atomic_update,mixed,20,/items/:id/reserve [POST],"CatchResponseError('Conflict error: {""error_code"":""IDEMPOTENCY_CONFLICT"",""message"":""Duplicate idempotency key \'u2823866748992-0479b00fb142438f\' used with conflicting reservation parameters.""}')",1
atomic_update_mixed_c20_rep2,atomic_update,mixed,20,/items/:id/reserve [POST],"CatchResponseError('Conflict error: {""error_code"":""IDEMPOTENCY_CONFLICT"",""message"":""Duplicate idempotency key \'u2823866700944-f2e58d9d229b44bb\' used with conflicting reservation parameters.""}')",1
atomic_update_mixed_c50_rep1,atomic_update,mixed,50,/items/:id/reserve [POST],"CatchResponseError('Conflict error: {""error_code"":""IDEMPOTENCY_CONFLICT"",""message"":""Duplicate idempotency key \'u2287628457680-841129abfe0a4dd8\' used with conflicting reservation parameters.""}')",1
atomic_update_mixed_c50_rep1,atomic_update,mixed,50,/items/:id/reserve [POST],"CatchResponseError('Conflict error: {""error_code"":""IDEMPOTENCY_CONFLICT"",""message"":""Duplicate idempotency key \'u2287628786704-6a2670460ccb41f2\' used with conflicting reservation parameters.""}')",1
atomic_update_mixed_c50_rep1,atomic_update,mixed,50,/items/:id/reserve [POST],"CatchResponseError('Conflict error: {""error_code"":""IDEMPOTENCY_CONFLICT"",""message"":""Duplicate idempotency key \'u2287629580048-aeaef47d754b4bcf\' used with conflicting reservation parameters.""}')",1
atomic_update_mixed_c50_rep1,atomic_update,mixed,50,/items/:id/reserve [POST],"CatchResponseError('Conflict error: {""error_code"":""IDEMPOTENCY_CONFLICT"",""message"":""Duplicate idempotency key \'u2287628787472-fa5347f1b60c4e65\' used with conflicting reservation parameters.""}')",1
atomic_update_mixed_c50_rep1,atomic_update,mixed,50,/items/:id/reserve [POST],"CatchResponseError('Conflict error: {""error_code"":""IDEMPOTENCY_CONFLICT"",""message"":""Duplicate idempotency key \'u2287628523712-5ea60aab77494c63\' used with conflicting reservation parameters.""}')",1
atomic_update_mixed_c50_rep1,atomic_update,mixed,50,/items/:id/reserve [POST],"CatchResponseError('Conflict error: {""error_code"":""IDEMPOTENCY_CONFLICT"",""message"":""Duplicate idempotency key \'u2287628450640-ce3699b4e7b0485e\' used with conflicting reservation parameters.""}')",1
atomic_update_mixed_c50_rep1,atomic_update,mixed,50,/items/:id/reserve [POST],"CatchResponseError('Conflict error: {""error_code"":""IDEMPOTENCY_CONFLICT"",""message"":""Duplicate idempotency key \'u2287629576016-68e489d0f89f4917\' used with conflicting reservation parameters.""}')",1
atomic_update_mixed_c50_rep1,atomic_update,mixed,50,/items/:id/reserve [POST],"CatchResponseError('Conflict error: {""error_code"":""IDEMPOTENCY_CONFLICT"",""message"":""Duplicate idempotency key \'u2287628473488-25c952ed417c4135\' used with conflicting reservation parameters.""}')",1
atomic_update_mixed_c50_rep1,atomic_update,mixed,50,/items/:id/reserve [POST],"CatchResponseError('Conflict error: {""error_code"":""IDEMPOTENCY_CONFLICT"",""message"":""Duplicate idempotency key \'u2287629574480-e2b40b9816264f9f\' used with conflicting reservation parameters.""}')",1
atomic_update_mixed_c50_rep1,atomic_update,mixed,50,/items/:id/reserve [POST],"CatchResponseError('Conflict error: {""error_code"":""IDEMPOTENCY_CONFLICT"",""message"":""Duplicate idempotency key \'u2287628787088-e56e09033de64cd5\' used with conflicting reservation parameters.""}')",1
atomic_update_mixed_c50_rep1,atomic_update,mixed,50,/items/:id/reserve [POST],"CatchResponseError('Conflict error: {""error_code"":""IDEMPOTENCY_CONFLICT"",""message"":""Duplicate idempotency key \'u2287628787088-446e5d5f24c44b99\' used with conflicting reservation parameters.""}')",1
atomic_update_mixed_c50_rep1,atomic_update,mixed,50,/items/:id/reserve [POST],"CatchResponseError('Conflict error: {""error_code"":""IDEMPOTENCY_CONFLICT"",""message"":""Duplicate idempotency key \'u2287628789008-9c6c5268a6ca40d7\' used with conflicting reservation parameters.""}')",1
atomic_update_mixed_c50_rep1,atomic_update,mixed,50,/items/:id/reserve [POST],"CatchResponseError('Conflict error: {""error_code"":""IDEMPOTENCY_CONFLICT"",""message"":""Duplicate idempotency key \'u2287629574480-3fb297c6cf254364\' used with conflicting reservation parameters.""}')",1
atomic_update_mixed_c50_rep1,atomic_update,mixed,50,/items/:id/reserve [POST],"CatchResponseError('Conflict error: {""error_code"":""IDEMPOTENCY_CONFLICT"",""message"":""Duplicate idempotency key \'u2287628222800-d93b5c53ddce481f\' used with conflicting reservation parameters.""}')",1
atomic_update_mixed_c50_rep1,atomic_update,mixed,50,/items/:id/reserve [POST],"CatchResponseError('Conflict error: {""error_code"":""IDEMPOTENCY_CONFLICT"",""message"":""Duplicate idempotency key \'u2287628789008-bcaf31579e8043f3\' used with conflicting reservation parameters.""}')",1
atomic_update_mixed_c50_rep1,atomic_update,mixed,50,/items/:id/reserve [POST],"CatchResponseError('Conflict error: {""error_code"":""IDEMPOTENCY_CONFLICT"",""message"":""Duplicate idempotency key \'u2287628785744-cb044e6f635a4a15\' used with conflicting reservation parameters.""}')",1
atomic_update_mixed_c50_rep1,atomic_update,mixed,50,/items/:id/reserve [POST],"CatchResponseError('Conflict error: {""error_code"":""IDEMPOTENCY_CONFLICT"",""message"":""Duplicate idempotency key \'u2287629581968-310a41e615c642cd\' used with conflicting reservation parameters.""}')",1
atomic_update_mixed_c50_rep1,atomic_update,mixed,50,/items/:id/reserve [POST],"CatchResponseError('Conflict error: {""error_code"":""IDEMPOTENCY_CONFLICT"",""message"":""Duplicate idempotency key \'u2287629571024-cfcf4cc0b5154993\' used with conflicting reservation parameters.""}')",1
atomic_update_mixed_c50_rep1,atomic_update,mixed,50,/items/:id/reserve [POST],"CatchResponseError('Conflict error: {""error_code"":""IDEMPOTENCY_CONFLICT"",""message"":""Duplicate idempotency key \'u2287627974288-51d47456f8ff4447\' used with conflicting reservation parameters.""}')",1
atomic_update_mixed_c50_rep1,atomic_update,mixed,50,/items/:id/reserve [POST],"CatchResponseError('Conflict error: {""error_code"":""IDEMPOTENCY_CONFLICT"",""message"":""Duplicate idempotency key \'u2287629574288-910f1d64ed6d4c63\' used with conflicting reservation parameters.""}')",1
atomic_update_mixed_c50_rep1,atomic_update,mixed,50,/items/:id/reserve [POST],"CatchResponseError('Conflict error: {""error_code"":""IDEMPOTENCY_CONFLICT"",""message"":""Duplicate idempotency key \'u2287628787856-31a2b3ae495f4f37\' used with conflicting reservation parameters.""}')",1
atomic_update_mixed_c50_rep1,atomic_update,mixed,50,/items/:id/reserve [POST],"CatchResponseError('Conflict error: {""error_code"":""IDEMPOTENCY_CONFLICT"",""message"":""Duplicate idempotency key \'u2287627974288-b6b2a10b7a534794\' used with conflicting reservation parameters.""}')",1
atomic_update_mixed_c50_rep1,atomic_update,mixed,50,/items/:id/reserve [POST],"CatchResponseError('Conflict error: {""error_code"":""IDEMPOTENCY_CONFLICT"",""message"":""Duplicate idempotency key \'u2287628787856-7402eb5041904d78\' used with conflicting reservation parameters.""}')",1
atomic_update_mixed_c50_rep1,atomic_update,mixed,50,/items/:id/reserve [POST],"CatchResponseError('Conflict error: {""error_code"":""IDEMPOTENCY_CONFLICT"",""message"":""Duplicate idempotency key \'u2287628785744-24ac624170bc4af6\' used with conflicting reservation parameters.""}')",1
atomic_update_mixed_c50_rep1,atomic_update,mixed,50,/items/:id/reserve [POST],"CatchResponseError('Conflict error: {""error_code"":""IDEMPOTENCY_CONFLICT"",""message"":""Duplicate idempotency key \'u2287629572368-ef4f868148774ec7\' used with conflicting reservation parameters.""}')",1
atomic_update_mixed_c50_rep1,atomic_update,mixed,50,/items/:id/reserve [POST],"CatchResponseError('Conflict error: {""error_code"":""IDEMPOTENCY_CONFLICT"",""message"":""Duplicate idempotency key \'u2287628789008-71c92bef525d4bf2\' used with conflicting reservation parameters.""}')",1
atomic_update_mixed_c50_rep1,atomic_update,mixed,50,/items/:id/reserve [POST],"CatchResponseError('Conflict error: {""error_code"":""IDEMPOTENCY_CONFLICT"",""message"":""Duplicate idempotency key \'u2287629572368-973ef09761ea4750\' used with conflicting reservation parameters.""}')",1
atomic_update_mixed_c50_rep1,atomic_update,mixed,50,/items/:id/reserve [POST],"CatchResponseError('Conflict error: {""error_code"":""IDEMPOTENCY_CONFLICT"",""message"":""Duplicate idempotency key \'u2287628787472-15b115447b444dc6\' used with conflicting reservation parameters.""}')",1
atomic_update_mixed_c50_rep1,atomic_update,mixed,50,/items/:id/reserve [POST],"CatchResponseError('Conflict error: {""error_code"":""IDEMPOTENCY_CONFLICT"",""message"":""Duplicate idempotency key \'u2287628784592-c493ff9f1b504b1b\' used with conflicting reservation parameters.""}')",1
atomic_update_mixed_c50_rep1,atomic_update,mixed,50,/items/:id/reserve [POST],"CatchResponseError('Conflict error: {""error_code"":""IDEMPOTENCY_CONFLICT"",""message"":""Duplicate idempotency key \'u2287629566416-88307a96f17a4f4b\' used with conflicting reservation parameters.""}')",1
atomic_update_mixed_c50_rep1,atomic_update,mixed,50,/items/:id/reserve [POST],"CatchResponseError('Conflict error: {""error_code"":""IDEMPOTENCY_CONFLICT"",""message"":""Duplicate idempotency key \'u2287628523712-69be45056af84552\' used with conflicting reservation parameters.""}')",1
atomic_update_mixed_c50_rep1,atomic_update,mixed,50,/items/:id/reserve [POST],"CatchResponseError('Conflict error: {""error_code"":""IDEMPOTENCY_CONFLICT"",""message"":""Duplicate idempotency key \'u2287629571024-62b9f50de9ee45ab\' used with conflicting reservation parameters.""}')",1
atomic_update_mixed_c50_rep1,atomic_update,mixed,50,/items/:id/reserve [POST],"CatchResponseError('Conflict error: {""error_code"":""IDEMPOTENCY_CONFLICT"",""message"":""Duplicate idempotency key \'u2287628788624-85939d4d86634618\' used with conflicting reservation parameters.""}')",1
atomic_update_mixed_c50_rep1,atomic_update,mixed,50,/items/:id/reserve [POST],"CatchResponseError('Conflict error: {""error_code"":""IDEMPOTENCY_CONFLICT"",""message"":""Duplicate idempotency key \'u2287627971824-00728450e4d4461d\' used with conflicting reservation parameters.""}')",1
atomic_update_mixed_c50_rep1,atomic_update,mixed,50,/items/:id/reserve [POST],"CatchResponseError('Conflict error: {""error_code"":""IDEMPOTENCY_CONFLICT"",""message"":""Duplicate idempotency key \'u2287628788240-cad801b2fbd64097\' used with conflicting reservation parameters.""}')",1
atomic_update_mixed_c50_rep1,atomic_update,mixed,50,/items/:id/reserve [POST],"CatchResponseError('Conflict error: {""error_code"":""IDEMPOTENCY_CONFLICT"",""message"":""Duplicate idempotency key \'u2287629581392-7e96560c26da436f\' used with conflicting reservation parameters.""}')",1
atomic_update_mixed_c50_rep1,atomic_update,mixed,50,/items/:id/reserve [POST],"CatchResponseError('Conflict error: {""error_code"":""IDEMPOTENCY_CONFLICT"",""message"":""Duplicate idempotency key \'u2287629569104-0b35f3bbb2ec4f4a\' used with conflicting reservation parameters.""}')",1
atomic_update_mixed_c50_rep2,atomic_update,mixed,50,/items/:id/reserve [POST],"CatchResponseError('Conflict error: {""error_code"":""IDEMPOTENCY_CONFLICT"",""message"":""Duplicate idempotency key \'u2469074631504-c87a20a90a1545a6\' used with conflicting reservation parameters.""}')",1
atomic_update_mixed_c50_rep2,atomic_update,mixed,50,/items/:id/reserve [POST],"CatchResponseError('Conflict error: {""error_code"":""IDEMPOTENCY_CONFLICT"",""message"":""Duplicate idempotency key \'u2469075854032-3439d675590843dd\' used with conflicting reservation parameters.""}')",1
atomic_update_mixed_c50_rep2,atomic_update,mixed,50,/items/:id/reserve [POST],"CatchResponseError('Conflict error: {""error_code"":""IDEMPOTENCY_CONFLICT"",""message"":""Duplicate idempotency key \'u2469074969488-fb4c71f27a7d4873\' used with conflicting reservation parameters.""}')",1
atomic_update_mixed_c50_rep2,atomic_update,mixed,50,/items/:id/reserve [POST],"CatchResponseError('Conflict error: {""error_code"":""IDEMPOTENCY_CONFLICT"",""message"":""Duplicate idempotency key \'u2469074155152-709978de60144edc\' used with conflicting reservation parameters.""}')",1
atomic_update_mixed_c50_rep2,atomic_update,mixed,50,/items/:id/reserve [POST],"CatchResponseError('Conflict error: {""error_code"":""IDEMPOTENCY_CONFLICT"",""message"":""Duplicate idempotency key \'u2469074970256-86d05438315f441e\' used with conflicting reservation parameters.""}')",1
atomic_update_mixed_c50_rep2,atomic_update,mixed,50,/items/:id/reserve [POST],"CatchResponseError('Conflict error: {""error_code"":""IDEMPOTENCY_CONFLICT"",""message"":""Duplicate idempotency key \'u2469074638544-b19200c90d5f4add\' used with conflicting reservation parameters.""}')",1
atomic_update_mixed_c50_rep2,atomic_update,mixed,50,/items/:id/reserve [POST],"CatchResponseError('Conflict error: {""error_code"":""IDEMPOTENCY_CONFLICT"",""message"":""Duplicate idempotency key \'u2469074969104-13346dbd2a764578\' used with conflicting reservation parameters.""}')",1
atomic_update_mixed_c50_rep2,atomic_update,mixed,50,/items/:id/reserve [POST],"CatchResponseError('Conflict error: {""error_code"":""IDEMPOTENCY_CONFLICT"",""message"":""Duplicate idempotency key \'u2469076207568-faa9ca9f9eda41ca\' used with conflicting reservation parameters.""}')",1
atomic_update_mixed_c50_rep2,atomic_update,mixed,50,/items/:id/reserve [POST],"CatchResponseError('Conflict error: {""error_code"":""IDEMPOTENCY_CONFLICT"",""message"":""Duplicate idempotency key \'u2469074704576-7dfe11b526c44782\' used with conflicting reservation parameters.""}')",1
atomic_update_mixed_c50_rep2,atomic_update,mixed,50,/items/:id/reserve [POST],"CatchResponseError('Conflict error: {""error_code"":""IDEMPOTENCY_CONFLICT"",""message"":""Duplicate idempotency key \'u2469074969104-be939a7c81fd428d\' used with conflicting reservation parameters.""}')",2
atomic_update_mixed_c50_rep2,atomic_update,mixed,50,/items/:id/reserve [POST],"CatchResponseError('Conflict error: {""error_code"":""IDEMPOTENCY_CONFLICT"",""message"":""Duplicate idempotency key \'u2469074638544-ed5fed3d76474ace\' used with conflicting reservation parameters.""}')",1
atomic_update_mixed_c50_rep2,atomic_update,mixed,50,/items/:id/reserve [POST],"CatchResponseError('Conflict error: {""error_code"":""IDEMPOTENCY_CONFLICT"",""message"":""Duplicate idempotency key \'u2469074967568-feda8c7057f04a17\' used with conflicting reservation parameters.""}')",1
atomic_update_mixed_c50_rep2,atomic_update,mixed,50,/items/:id/reserve [POST],"CatchResponseError('Conflict error: {""error_code"":""IDEMPOTENCY_CONFLICT"",""message"":""Duplicate idempotency key \'u2469076210256-7fb16c8ce9574771\' used with conflicting reservation parameters.""}')",1
atomic_update_mixed_c50_rep2,atomic_update,mixed,50,/items/:id/reserve [POST],"CatchResponseError('Conflict error: {""error_code"":""IDEMPOTENCY_CONFLICT"",""message"":""Duplicate idempotency key \'u2469075858256-9617c6ffbd97489e\' used with conflicting reservation parameters.""}')",2
atomic_update_mixed_c50_rep2,atomic_update,mixed,50,/items/:id/reserve [POST],"CatchResponseError('Conflict error: {""error_code"":""IDEMPOTENCY_CONFLICT"",""message"":""Duplicate idempotency key \'u2469076205648-72e47a3353534469\' used with conflicting reservation parameters.""}')",1
atomic_update_mixed_c50_rep2,atomic_update,mixed,50,/items/:id/reserve [POST],"CatchResponseError('Conflict error: {""error_code"":""IDEMPOTENCY_CONFLICT"",""message"":""Duplicate idempotency key \'u2469074969104-b444f2f97f15446b\' used with conflicting reservation parameters.""}')",1
atomic_update_mixed_c50_rep2,atomic_update,mixed,50,/items/:id/reserve [POST],"CatchResponseError('Conflict error: {""error_code"":""IDEMPOTENCY_CONFLICT"",""message"":""Duplicate idempotency key \'u2469075852112-40d5d1f0aec84096\' used with conflicting reservation parameters.""}')",1
atomic_update_mixed_c50_rep2,atomic_update,mixed,50,/items/:id/reserve [POST],"CatchResponseError('Conflict error: {""error_code"":""IDEMPOTENCY_CONFLICT"",""message"":""Duplicate idempotency key \'u2469076208720-68ac96bd5b064478\' used with conflicting reservation parameters.""}')",2
atomic_update_mixed_c50_rep2,atomic_update,mixed,50,/items/:id/reserve [POST],"CatchResponseError('Conflict error: {""error_code"":""IDEMPOTENCY_CONFLICT"",""message"":""Duplicate idempotency key \'u2469074990224-8c8beba1af354783\' used with conflicting reservation parameters.""}')",1
atomic_update_mixed_c50_rep2,atomic_update,mixed,50,/items/:id/reserve [POST],"CatchResponseError('Conflict error: {""error_code"":""IDEMPOTENCY_CONFLICT"",""message"":""Duplicate idempotency key \'u2469074152688-22f8b796ddac4421\' used with conflicting reservation parameters.""}')",1
atomic_update_mixed_c50_rep2,atomic_update,mixed,50,/items/:id/reserve [POST],"CatchResponseError('Conflict error: {""error_code"":""IDEMPOTENCY_CONFLICT"",""message"":""Duplicate idempotency key \'u2469075852304-28ca13d004494fca\' used with conflicting reservation parameters.""}')",1
atomic_update_mixed_c50_rep2,atomic_update,mixed,50,/items/:id/reserve [POST],"CatchResponseError('Conflict error: {""error_code"":""IDEMPOTENCY_CONFLICT"",""message"":""Duplicate idempotency key \'u2469074968720-bfbc3329c02e4e8e\' used with conflicting reservation parameters.""}')",1
atomic_update_mixed_c50_rep2,atomic_update,mixed,50,/items/:id/reserve [POST],"CatchResponseError('Conflict error: {""error_code"":""IDEMPOTENCY_CONFLICT"",""message"":""Duplicate idempotency key \'u2469074967568-76d872b926ea4927\' used with conflicting reservation parameters.""}')",1
atomic_update_mixed_c50_rep2,atomic_update,mixed,50,/items/:id/reserve [POST],"CatchResponseError('Conflict error: {""error_code"":""IDEMPOTENCY_CONFLICT"",""message"":""Duplicate idempotency key \'u2469074969872-42d150ffea944591\' used with conflicting reservation parameters.""}')",1
atomic_update_mixed_c50_rep2,atomic_update,mixed,50,/items/:id/reserve [POST],"CatchResponseError('Conflict error: {""error_code"":""IDEMPOTENCY_CONFLICT"",""message"":""Duplicate idempotency key \'u2469074969488-cda01f61ce99401d\' used with conflicting reservation parameters.""}')",1
atomic_update_mixed_c50_rep2,atomic_update,mixed,50,/items/:id/reserve [POST],"CatchResponseError('Conflict error: {""error_code"":""IDEMPOTENCY_CONFLICT"",""message"":""Duplicate idempotency key \'u2469074990224-bab7eae11a5f460d\' used with conflicting reservation parameters.""}')",1
atomic_update_mixed_c50_rep2,atomic_update,mixed,50,/items/:id/reserve [POST],"CatchResponseError('Conflict error: {""error_code"":""IDEMPOTENCY_CONFLICT"",""message"":""Duplicate idempotency key \'u2469074823088-5ae08961096f46b1\' used with conflicting reservation parameters.""}')",1
atomic_update_mixed_c50_rep2,atomic_update,mixed,50,/items/:id/reserve [POST],"CatchResponseError('Conflict error: {""error_code"":""IDEMPOTENCY_CONFLICT"",""message"":""Duplicate idempotency key \'u2469074639504-474f111982ee48ae\' used with conflicting reservation parameters.""}')",1
atomic_update_mixed_c50_rep2,atomic_update,mixed,50,/items/:id/reserve [POST],"CatchResponseError('Conflict error: {""error_code"":""IDEMPOTENCY_CONFLICT"",""message"":""Duplicate idempotency key \'u2469075858256-b60e9ddc2ca04ed5\' used with conflicting reservation parameters.""}')",1
atomic_update_mixed_c5_rep1,atomic_update,mixed,5,/items/:id/reserve [POST],"CatchResponseError('Conflict error: {""error_code"":""IDEMPOTENCY_CONFLICT"",""message"":""Duplicate idempotency key \'u2572301202576-c227dacb8f89488d\' used with conflicting reservation parameters.""}')",1
atomic_update_mixed_c5_rep1,atomic_update,mixed,5,/items/:id/reserve [POST],"CatchResponseError('Conflict error: {""error_code"":""IDEMPOTENCY_CONFLICT"",""message"":""Duplicate idempotency key \'u2572301202576-afa3e69cad9f46c8\' used with conflicting reservation parameters.""}')",1
atomic_update_mixed_c5_rep1,atomic_update,mixed,5,/items/:id/reserve [POST],"CatchResponseError('Conflict error: {""error_code"":""IDEMPOTENCY_CONFLICT"",""message"":""Duplicate idempotency key \'u2572301202576-357baa13e8a84ced\' used with conflicting reservation parameters.""}')",1
atomic_update_mixed_c5_rep1,atomic_update,mixed,5,/items/:id/reserve [POST],"CatchResponseError('Conflict error: {""error_code"":""IDEMPOTENCY_CONFLICT"",""message"":""Duplicate idempotency key \'u2572301204704-def88283bda24a27\' used with conflicting reservation parameters.""}')",1
atomic_update_mixed_c5_rep1,atomic_update,mixed,5,/items/:id/reserve [POST],"CatchResponseError('Conflict error: {""error_code"":""IDEMPOTENCY_CONFLICT"",""message"":""Duplicate idempotency key \'u2572300851856-8941eb293d924083\' used with conflicting reservation parameters.""}')",1
atomic_update_mixed_c5_rep1,atomic_update,mixed,5,/items/:id/reserve [POST],"CatchResponseError('Conflict error: {""error_code"":""IDEMPOTENCY_CONFLICT"",""message"":""Duplicate idempotency key \'u2572300851856-ac641a1c4c3142a8\' used with conflicting reservation parameters.""}')",1
atomic_update_mixed_c5_rep1,atomic_update,mixed,5,/items/:id/reserve [POST],"CatchResponseError('Conflict error: {""error_code"":""IDEMPOTENCY_CONFLICT"",""message"":""Duplicate idempotency key \'u2572300851856-ea5f21001b7f4885\' used with conflicting reservation parameters.""}')",1
atomic_update_mixed_c5_rep1,atomic_update,mixed,5,/items/:id/reserve [POST],"CatchResponseError('Conflict error: {""error_code"":""IDEMPOTENCY_CONFLICT"",""message"":""Duplicate idempotency key \'u2572301204704-faac3810fb5d4c36\' used with conflicting reservation parameters.""}')",1
atomic_update_mixed_c5_rep2,atomic_update,mixed,5,/items/:id/reserve [POST],"CatchResponseError('Conflict error: {""error_code"":""IDEMPOTENCY_CONFLICT"",""message"":""Duplicate idempotency key \'u1694440363728-a8a6a61208d14f95\' used with conflicting reservation parameters.""}')",1
atomic_update_mixed_c5_rep2,atomic_update,mixed,5,/items/:id/reserve [POST],"CatchResponseError('Conflict error: {""error_code"":""IDEMPOTENCY_CONFLICT"",""message"":""Duplicate idempotency key \'u1694440363728-c8952ea1d96943a6\' used with conflicting reservation parameters.""}')",1
atomic_update_mixed_c5_rep2,atomic_update,mixed,5,/items/:id/reserve [POST],"CatchResponseError('Conflict error: {""error_code"":""IDEMPOTENCY_CONFLICT"",""message"":""Duplicate idempotency key \'u1694440363728-c6d360841d43489e\' used with conflicting reservation parameters.""}')",1
atomic_update_mixed_c5_rep2,atomic_update,mixed,5,/items/:id/reserve [POST],"CatchResponseError('Conflict error: {""error_code"":""IDEMPOTENCY_CONFLICT"",""message"":""Duplicate idempotency key \'u1694440715408-a4cd1d56d6154bd7\' used with conflicting reservation parameters.""}')",1
atomic_update_mixed_c5_rep2,atomic_update,mixed,5,/items/:id/reserve [POST],"CatchResponseError('Conflict error: {""error_code"":""IDEMPOTENCY_CONFLICT"",""message"":""Duplicate idempotency key \'u1694440715408-1e0e3020753c4521\' used with conflicting reservation parameters.""}')",1
atomic_update_mixed_c5_rep2,atomic_update,mixed,5,/items/:id/reserve [POST],"CatchResponseError('Conflict error: {""error_code"":""IDEMPOTENCY_CONFLICT"",""message"":""Duplicate idempotency key \'u1694440364688-fa46ebb88b014446\' used with conflicting reservation parameters.""}')",2
atomic_update_mixed_c5_rep2,atomic_update,mixed,5,/items/:id/reserve [POST],"CatchResponseError('Conflict error: {""error_code"":""IDEMPOTENCY_CONFLICT"",""message"":""Duplicate idempotency key \'u1694440363728-b495091521b64afd\' used with conflicting reservation parameters.""}')",1
atomic_update_mixed_c5_rep2,atomic_update,mixed,5,/items/:id/reserve [POST],"CatchResponseError('Conflict error: {""error_code"":""IDEMPOTENCY_CONFLICT"",""message"":""Duplicate idempotency key \'u1694440363728-ca8e9b54127944a5\' used with conflicting reservation parameters.""}')",1
atomic_update_mixed_c5_rep2,atomic_update,mixed,5,/items/:id/reserve [POST],"CatchResponseError('Conflict error: {""error_code"":""IDEMPOTENCY_CONFLICT"",""message"":""Duplicate idempotency key \'u1694440717536-d22f4383cd944d92\' used with conflicting reservation parameters.""}')",1
atomic_update_mixed_c5_rep2,atomic_update,mixed,5,/items/:id/reserve [POST],"CatchResponseError('Conflict error: {""error_code"":""IDEMPOTENCY_CONFLICT"",""message"":""Duplicate idempotency key \'u1694440717536-9f5600ed3f3640d1\' used with conflicting reservation parameters.""}')",1
atomic_update_mixed_c5_rep2,atomic_update,mixed,5,/items/:id/reserve [POST],"CatchResponseError('Conflict error: {""error_code"":""IDEMPOTENCY_CONFLICT"",""message"":""Duplicate idempotency key \'u1694440715408-3eed0a30b6214e46\' used with conflicting reservation parameters.""}')",1
atomic_update_mixed_c5_rep2,atomic_update,mixed,5,/items/:id/reserve [POST],"CatchResponseError('Conflict error: {""error_code"":""IDEMPOTENCY_CONFLICT"",""message"":""Duplicate idempotency key \'u1694440717536-c0dc72c1897b4ce6\' used with conflicting reservation parameters.""}')",1
atomic_update_mixed_c5_rep2,atomic_update,mixed,5,/items/:id/reserve [POST],"CatchResponseError('Conflict error: {""error_code"":""IDEMPOTENCY_CONFLICT"",""message"":""Duplicate idempotency key \'u1694440363728-89e27cfd530f4404\' used with conflicting reservation parameters.""}')",1
atomic_update_mixed_c5_rep2,atomic_update,mixed,5,/items/:id/reserve [POST],"CatchResponseError('Conflict error: {""error_code"":""IDEMPOTENCY_CONFLICT"",""message"":""Duplicate idempotency key \'u1694440715408-8affe4e7eacc41e3\' used with conflicting reservation parameters.""}')",1
atomic_update_mixed_c5_rep2,atomic_update,mixed,5,/items/:id/reserve [POST],"CatchResponseError('Conflict error: {""error_code"":""IDEMPOTENCY_CONFLICT"",""message"":""Duplicate idempotency key \'u1694439836368-b722872d2a3b4e11\' used with conflicting reservation parameters.""}')",1
atomic_update_mixed_c5_rep2,atomic_update,mixed,5,/items/:id/reserve [POST],"CatchResponseError('Conflict error: {""error_code"":""IDEMPOTENCY_CONFLICT"",""message"":""Duplicate idempotency key \'u1694439836368-1a6fdd926f1246be\' used with conflicting reservation parameters.""}')",1
atomic_update_mixed_c5_rep2,atomic_update,mixed,5,/items/:id/reserve [POST],"CatchResponseError('Conflict error: {""error_code"":""IDEMPOTENCY_CONFLICT"",""message"":""Duplicate idempotency key \'u1694440715408-eeb0eb0b9a93446f\' used with conflicting reservation parameters.""}')",2
atomic_update_mixed_c5_rep2,atomic_update,mixed,5,/items/:id/reserve [POST],"CatchResponseError('Conflict error: {""error_code"":""IDEMPOTENCY_CONFLICT"",""message"":""Duplicate idempotency key \'u1694439836368-dbce9808a16a498d\' used with conflicting reservation parameters.""}')",1
atomic_update_mixed_c5_rep2,atomic_update,mixed,5,/items/:id/reserve [POST],"CatchResponseError('Conflict error: {""error_code"":""IDEMPOTENCY_CONFLICT"",""message"":""Duplicate idempotency key \'u1694439836368-e97418ac1ab142e2\' used with conflicting reservation parameters.""}')",1
atomic_update_mixed_c5_rep2,atomic_update,mixed,5,/items/:id/reserve [POST],"CatchResponseError('Conflict error: {""error_code"":""IDEMPOTENCY_CONFLICT"",""message"":""Duplicate idempotency key \'u1694440717536-78a36dde2f764e8f\' used with conflicting reservation parameters.""}')",1
atomic_update_mixed_c5_rep2,atomic_update,mixed,5,/items/:id/reserve [POST],"CatchResponseError('Conflict error: {""error_code"":""IDEMPOTENCY_CONFLICT"",""message"":""Duplicate idempotency key \'u1694440363728-aab06fa679d748f8\' used with conflicting reservation parameters.""}')",1
atomic_update_mixed_c5_rep2,atomic_update,mixed,5,/items/:id/reserve [POST],"CatchResponseError('Conflict error: {""error_code"":""IDEMPOTENCY_CONFLICT"",""message"":""Duplicate idempotency key \'u1694440363728-eb27781c8b2d4015\' used with conflicting reservation parameters.""}')",1
atomic_update_mixed_c5_rep2,atomic_update,mixed,5,/items/:id/reserve [POST],"CatchResponseError('Conflict error: {""error_code"":""IDEMPOTENCY_CONFLICT"",""message"":""Duplicate idempotency key \'u1694440363728-b4d30b67cab24620\' used with conflicting reservation parameters.""}')",2
atomic_update_mixed_c5_rep2,atomic_update,mixed,5,/items/:id/reserve [POST],"CatchResponseError('Conflict error: {""error_code"":""IDEMPOTENCY_CONFLICT"",""message"":""Duplicate idempotency key \'u1694440363728-65fc5ceb92fe42bf\' used with conflicting reservation parameters.""}')",1
atomic_update_mixed_c5_rep2,atomic_update,mixed,5,/items/:id/reserve [POST],"CatchResponseError('Conflict error: {""error_code"":""IDEMPOTENCY_CONFLICT"",""message"":""Duplicate idempotency key \'u1694440717536-c336ceac3d4d4824\' used with conflicting reservation parameters.""}')",1
atomic_update_mixed_c5_rep2,atomic_update,mixed,5,/items/:id/reserve [POST],"CatchResponseError('Conflict error: {""error_code"":""IDEMPOTENCY_CONFLICT"",""message"":""Duplicate idempotency key \'u1694440364688-b3cc1f10147b44eb\' used with conflicting reservation parameters.""}')",1
atomic_update_mixed_c5_rep2,atomic_update,mixed,5,/items/:id/reserve [POST],"CatchResponseError('Conflict error: {""error_code"":""IDEMPOTENCY_CONFLICT"",""message"":""Duplicate idempotency key \'u1694440717536-e3e0448b5ebd4ae1\' used with conflicting reservation parameters.""}')",1
atomic_update_mixed_c5_rep2,atomic_update,mixed,5,/items/:id/reserve [POST],"CatchResponseError('Conflict error: {""error_code"":""IDEMPOTENCY_CONFLICT"",""message"":""Duplicate idempotency key \'u1694440363728-a019b5f31b644398\' used with conflicting reservation parameters.""}')",1
atomic_update_mixed_c5_rep2,atomic_update,mixed,5,/items/:id/reserve [POST],"CatchResponseError('Conflict error: {""error_code"":""IDEMPOTENCY_CONFLICT"",""message"":""Duplicate idempotency key \'u1694440364688-0a444a8905744130\' used with conflicting reservation parameters.""}')",1
atomic_update_mixed_c5_rep2,atomic_update,mixed,5,/items/:id/reserve [POST],"CatchResponseError('Conflict error: {""error_code"":""IDEMPOTENCY_CONFLICT"",""message"":""Duplicate idempotency key \'u1694440717536-b841c5c96d3a4139\' used with conflicting reservation parameters.""}')",1
atomic_update_read_heavy_c100_rep1,atomic_update,read_heavy,100,/items/:id/reserve [POST],"CatchResponseError('Conflict error: {""error_code"":""IDEMPOTENCY_CONFLICT"",""message"":""Duplicate idempotency key \'u2582499298000-b15062ae01b74e02\' used with conflicting reservation parameters.""}')",1
atomic_update_read_heavy_c100_rep1,atomic_update,read_heavy,100,/items/:id/reserve [POST],"CatchResponseError('Conflict error: {""error_code"":""IDEMPOTENCY_CONFLICT"",""message"":""Duplicate idempotency key \'u2582500155152-36ae95668fa74fd3\' used with conflicting reservation parameters.""}')",1
atomic_update_read_heavy_c100_rep1,atomic_update,read_heavy,100,/items/:id/reserve [POST],"CatchResponseError('Conflict error: {""error_code"":""IDEMPOTENCY_CONFLICT"",""message"":""Duplicate idempotency key \'u2582500155920-cae7b535c9004d6a\' used with conflicting reservation parameters.""}')",1
atomic_update_read_heavy_c100_rep1,atomic_update,read_heavy,100,/items/:id/reserve [POST],"CatchResponseError('Conflict error: {""error_code"":""IDEMPOTENCY_CONFLICT"",""message"":""Duplicate idempotency key \'u2582499826320-81172d3ba472468e\' used with conflicting reservation parameters.""}')",1
atomic_update_read_heavy_c100_rep1,atomic_update,read_heavy,100,/items/:id/reserve [POST],"CatchResponseError('Conflict error: {""error_code"":""IDEMPOTENCY_CONFLICT"",""message"":""Duplicate idempotency key \'u2582499891392-54368a571d574af8\' used with conflicting reservation parameters.""}')",1
atomic_update_read_heavy_c100_rep1,atomic_update,read_heavy,100,/items/:id/reserve [POST],"CatchResponseError('Conflict error: {""error_code"":""IDEMPOTENCY_CONFLICT"",""message"":""Duplicate idempotency key \'u2582501471056-1e33b718c1994a8c\' used with conflicting reservation parameters.""}')",1
atomic_update_read_heavy_c100_rep1,atomic_update,read_heavy,100,/items/:id/reserve [POST],"CatchResponseError('Conflict error: {""error_code"":""IDEMPOTENCY_CONFLICT"",""message"":""Duplicate idempotency key \'u2582506035280-60b8d9dea2514f5a\' used with conflicting reservation parameters.""}')",1
atomic_update_read_heavy_c100_rep1,atomic_update,read_heavy,100,/items/:id/reserve [POST],"CatchResponseError('Conflict error: {""error_code"":""IDEMPOTENCY_CONFLICT"",""message"":""Duplicate idempotency key \'u2582500738448-e7c38698f56b41cb\' used with conflicting reservation parameters.""}')",1
atomic_update_read_heavy_c100_rep1,atomic_update,read_heavy,100,/items/:id/reserve [POST],"CatchResponseError('Conflict error: {""error_code"":""IDEMPOTENCY_CONFLICT"",""message"":""Duplicate idempotency key \'u2582500737296-a7e896b8189149ee\' used with conflicting reservation parameters.""}')",1
atomic_update_read_heavy_c100_rep1,atomic_update,read_heavy,100,/items/:id/reserve [POST],"CatchResponseError('Conflict error: {""error_code"":""IDEMPOTENCY_CONFLICT"",""message"":""Duplicate idempotency key \'u2582506042000-4c8b286cdace4dc9\' used with conflicting reservation parameters.""}')",1
atomic_update_read_heavy_c100_rep1,atomic_update,read_heavy,100,/items/:id/reserve [POST],"CatchResponseError('Conflict error: {""error_code"":""IDEMPOTENCY_CONFLICT"",""message"":""Duplicate idempotency key \'u2582500158032-c5d2887835b8456f\' used with conflicting reservation parameters.""}')",1
atomic_update_read_heavy_c100_rep1,atomic_update,read_heavy,100,/items/:id/reserve [POST],"CatchResponseError('Conflict error: {""error_code"":""IDEMPOTENCY_CONFLICT"",""message"":""Duplicate idempotency key \'u2582505845392-f3949794138c4b0d\' used with conflicting reservation parameters.""}')",1
atomic_update_read_heavy_c100_rep1,atomic_update,read_heavy,100,/items/:id/reserve [POST],"CatchResponseError('Conflict error: {""error_code"":""IDEMPOTENCY_CONFLICT"",""message"":""Duplicate idempotency key \'u2582500154384-41039649ab77410b\' used with conflicting reservation parameters.""}')",1
atomic_update_read_heavy_c100_rep1,atomic_update,read_heavy,100,/items/:id/reserve [POST],"CatchResponseError('Conflict error: {""error_code"":""IDEMPOTENCY_CONFLICT"",""message"":""Duplicate idempotency key \'u2582500163024-69d0631178754b33\' used with conflicting reservation parameters.""}')",1
atomic_update_read_heavy_c100_rep1,atomic_update,read_heavy,100,/items/:id/reserve [POST],"CatchResponseError('Conflict error: {""error_code"":""IDEMPOTENCY_CONFLICT"",""message"":""Duplicate idempotency key \'u2582499818064-d397ee5ad3b74831\' used with conflicting reservation parameters.""}')",1
atomic_update_read_heavy_c100_rep1,atomic_update,read_heavy,100,/items/:id/reserve [POST],"CatchResponseError('Conflict error: {""error_code"":""IDEMPOTENCY_CONFLICT"",""message"":""Duplicate idempotency key \'u2582500161488-e3e55992add64469\' used with conflicting reservation parameters.""}')",1
atomic_update_read_heavy_c100_rep1,atomic_update,read_heavy,100,/items/:id/reserve [POST],"CatchResponseError('Conflict error: {""error_code"":""IDEMPOTENCY_CONFLICT"",""message"":""Duplicate idempotency key \'u2582500162256-3c4992666cb44482\' used with conflicting reservation parameters.""}')",1
atomic_update_read_heavy_c100_rep1,atomic_update,read_heavy,100,/items/:id/reserve [POST],"CatchResponseError('Conflict error: {""error_code"":""IDEMPOTENCY_CONFLICT"",""message"":""Duplicate idempotency key \'u2582506035664-20000c8b1e8f45aa\' used with conflicting reservation parameters.""}')",1
atomic_update_read_heavy_c100_rep1,atomic_update,read_heavy,100,/items/:id/reserve [POST],"CatchResponseError('Conflict error: {""error_code"":""IDEMPOTENCY_CONFLICT"",""message"":""Duplicate idempotency key \'u2582500007984-b7f6fca8a54f4986\' used with conflicting reservation parameters.""}')",1
atomic_update_read_heavy_c100_rep1,atomic_update,read_heavy,100,/items/:id/reserve [POST],"CatchResponseError('Conflict error: {""error_code"":""IDEMPOTENCY_CONFLICT"",""message"":""Duplicate idempotency key \'u2582500156304-443b12b5472441bd\' used with conflicting reservation parameters.""}')",1
atomic_update_read_heavy_c100_rep1,atomic_update,read_heavy,100,/items/:id/reserve [POST],"CatchResponseError('Conflict error: {""error_code"":""IDEMPOTENCY_CONFLICT"",""message"":""Duplicate idempotency key \'u2582500163024-7e559daa7d644b0d\' used with conflicting reservation parameters.""}')",1
atomic_update_read_heavy_c100_rep1,atomic_update,read_heavy,100,/items/:id/reserve [POST],"CatchResponseError('Conflict error: {""error_code"":""IDEMPOTENCY_CONFLICT"",""message"":""Duplicate idempotency key \'u2582500163408-4bff61522e064d99\' used with conflicting reservation parameters.""}')",1
atomic_update_read_heavy_c100_rep1,atomic_update,read_heavy,100,/items/:id/reserve [POST],"CatchResponseError('Conflict error: {""error_code"":""IDEMPOTENCY_CONFLICT"",""message"":""Duplicate idempotency key \'u2582501471056-12de1047c4ae417e\' used with conflicting reservation parameters.""}')",1
atomic_update_read_heavy_c100_rep1,atomic_update,read_heavy,100,/items/:id/reserve [POST],"CatchResponseError('Conflict error: {""error_code"":""IDEMPOTENCY_CONFLICT"",""message"":""Duplicate idempotency key \'u2582499339504-a83acebaf1a74794\' used with conflicting reservation parameters.""}')",1
atomic_update_read_heavy_c100_rep1,atomic_update,read_heavy,100,/items/:id/reserve [POST],"CatchResponseError('Conflict error: {""error_code"":""IDEMPOTENCY_CONFLICT"",""message"":""Duplicate idempotency key \'u2582506032592-5caceb4d787d46af\' used with conflicting reservation parameters.""}')",1
atomic_update_read_heavy_c100_rep1,atomic_update,read_heavy,100,/items/:id/reserve [POST],"CatchResponseError('Conflict error: {""error_code"":""IDEMPOTENCY_CONFLICT"",""message"":""Duplicate idempotency key \'u2582500152272-39bbbb4a13ad4f8d\' used with conflicting reservation parameters.""}')",1
atomic_update_read_heavy_c100_rep1,atomic_update,read_heavy,100,/items/:id/reserve [POST],"CatchResponseError('Conflict error: {""error_code"":""IDEMPOTENCY_CONFLICT"",""message"":""Duplicate idempotency key \'u2582500159952-d41f3b7a8ab04e1d\' used with conflicting reservation parameters.""}')",1
atomic_update_read_heavy_c100_rep1,atomic_update,read_heavy,100,/items/:id/reserve [POST],"CatchResponseError('Conflict error: {""error_code"":""IDEMPOTENCY_CONFLICT"",""message"":""Duplicate idempotency key \'u2582505846544-5e98ad96b79e4fbd\' used with conflicting reservation parameters.""}')",1
atomic_update_read_heavy_c100_rep2,atomic_update,read_heavy,100,/items/:id/reserve [POST],"CatchResponseError('Conflict error: {""error_code"":""IDEMPOTENCY_CONFLICT"",""message"":""Duplicate idempotency key \'u1619199030416-5e2dfd24b5b94549\' used with conflicting reservation parameters.""}')",1
atomic_update_read_heavy_c100_rep2,atomic_update,read_heavy,100,/items/:id/reserve [POST],"CatchResponseError('Conflict error: {""error_code"":""IDEMPOTENCY_CONFLICT"",""message"":""Duplicate idempotency key \'u1619199011408-74b19d6acaba4872\' used with conflicting reservation parameters.""}')",1
atomic_update_read_heavy_c100_rep2,atomic_update,read_heavy,100,/items/:id/reserve [POST],"CatchResponseError('Conflict error: {""error_code"":""IDEMPOTENCY_CONFLICT"",""message"":""Duplicate idempotency key \'u1619198695120-b7a8065a1f864433\' used with conflicting reservation parameters.""}')",1
atomic_update_read_heavy_c100_rep2,atomic_update,read_heavy,100,/items/:id/reserve [POST],"CatchResponseError('Conflict error: {""error_code"":""IDEMPOTENCY_CONFLICT"",""message"":""Duplicate idempotency key \'u1619198443600-4729e60337a94852\' used with conflicting reservation parameters.""}')",1
atomic_update_read_heavy_c100_rep2,atomic_update,read_heavy,100,/items/:id/reserve [POST],"CatchResponseError('Conflict error: {""error_code"":""IDEMPOTENCY_CONFLICT"",""message"":""Duplicate idempotency key \'u1619199014096-75f61f994e684ad2\' used with conflicting reservation parameters.""}')",1
atomic_update_read_heavy_c100_rep2,atomic_update,read_heavy,100,/items/:id/reserve [POST],"CatchResponseError('Conflict error: {""error_code"":""IDEMPOTENCY_CONFLICT"",""message"":""Duplicate idempotency key \'u1619199012944-d013333be5194005\' used with conflicting reservation parameters.""}')",1
atomic_update_read_heavy_c100_rep2,atomic_update,read_heavy,100,/items/:id/reserve [POST],"CatchResponseError('Conflict error: {""error_code"":""IDEMPOTENCY_CONFLICT"",""message"":""Duplicate idempotency key \'u1619198917328-057c4222b0a64788\' used with conflicting reservation parameters.""}')",1
atomic_update_read_heavy_c100_rep2,atomic_update,read_heavy,100,/items/:id/reserve [POST],"CatchResponseError('Conflict error: {""error_code"":""IDEMPOTENCY_CONFLICT"",""message"":""Duplicate idempotency key \'u1617057394000-0e196b646bab4710\' used with conflicting reservation parameters.""}')",1
atomic_update_read_heavy_c100_rep2,atomic_update,read_heavy,100,/items/:id/reserve [POST],"CatchResponseError('Conflict error: {""error_code"":""IDEMPOTENCY_CONFLICT"",""message"":""Duplicate idempotency key \'u1617057392464-59a2ddf44bfe4d1f\' used with conflicting reservation parameters.""}')",1
atomic_update_read_heavy_c100_rep2,atomic_update,read_heavy,100,/items/:id/reserve [POST],"CatchResponseError('Conflict error: {""error_code"":""IDEMPOTENCY_CONFLICT"",""message"":""Duplicate idempotency key \'u1617057171216-c28d79a91bab47f0\' used with conflicting reservation parameters.""}')",1
atomic_update_read_heavy_c100_rep2,atomic_update,read_heavy,100,/items/:id/reserve [POST],"CatchResponseError('Conflict error: {""error_code"":""IDEMPOTENCY_CONFLICT"",""message"":""Duplicate idempotency key \'u1619199013712-95a4910bec294e0e\' used with conflicting reservation parameters.""}')",1
atomic_update_read_heavy_c100_rep2,atomic_update,read_heavy,100,/items/:id/reserve [POST],"CatchResponseError('Conflict error: {""error_code"":""IDEMPOTENCY_CONFLICT"",""message"":""Duplicate idempotency key \'u1619198642896-d5b1f92a6c47450f\' used with conflicting reservation parameters.""}')",1
atomic_update_read_heavy_c100_rep2,atomic_update,read_heavy,100,/items/:id/reserve [POST],"CatchResponseError('Conflict error: {""error_code"":""IDEMPOTENCY_CONFLICT"",""message"":""Duplicate idempotency key \'u1619199007760-bf882b82a9ea42ee\' used with conflicting reservation parameters.""}')",1
atomic_update_read_heavy_c100_rep2,atomic_update,read_heavy,100,/items/:id/reserve [POST],"CatchResponseError('Conflict error: {""error_code"":""IDEMPOTENCY_CONFLICT"",""message"":""Duplicate idempotency key \'u1619199015632-d9f55573694545a0\' used with conflicting reservation parameters.""}')",1
atomic_update_read_heavy_c100_rep2,atomic_update,read_heavy,100,/items/:id/reserve [POST],"CatchResponseError('Conflict error: {""error_code"":""IDEMPOTENCY_CONFLICT"",""message"":""Duplicate idempotency key \'u1619199012560-152ba0fb1a6c4fe1\' used with conflicting reservation parameters.""}')",1
atomic_update_read_heavy_c100_rep2,atomic_update,read_heavy,100,/items/:id/reserve [POST],"CatchResponseError('Conflict error: {""error_code"":""IDEMPOTENCY_CONFLICT"",""message"":""Duplicate idempotency key \'u1619199007568-5fe18e53bdf44f37\' used with conflicting reservation parameters.""}')",1
atomic_update_read_heavy_c100_rep2,atomic_update,read_heavy,100,/items/:id/reserve [POST],"CatchResponseError('Conflict error: {""error_code"":""IDEMPOTENCY_CONFLICT"",""message"":""Duplicate idempotency key \'u1617057397072-3bd608a2bbeb4d50\' used with conflicting reservation parameters.""}')",1
atomic_update_read_heavy_c100_rep2,atomic_update,read_heavy,100,/items/:id/reserve [POST],"CatchResponseError('Conflict error: {""error_code"":""IDEMPOTENCY_CONFLICT"",""message"":""Duplicate idempotency key \'u1619199605264-f0f86388fc9d45d5\' used with conflicting reservation parameters.""}')",1
atomic_update_read_heavy_c100_rep2,atomic_update,read_heavy,100,/items/:id/reserve [POST],"CatchResponseError('Conflict error: {""error_code"":""IDEMPOTENCY_CONFLICT"",""message"":""Duplicate idempotency key \'u1619199015248-a231ca67366c4c6d\' used with conflicting reservation parameters.""}')",1
atomic_update_read_heavy_c100_rep2,atomic_update,read_heavy,100,/items/:id/reserve [POST],"CatchResponseError('Conflict error: {""error_code"":""IDEMPOTENCY_CONFLICT"",""message"":""Duplicate idempotency key \'u1617057387664-d964e4d8b0414596\' used with conflicting reservation parameters.""}')",1
atomic_update_read_heavy_c100_rep2,atomic_update,read_heavy,100,/items/:id/reserve [POST],"CatchResponseError('Conflict error: {""error_code"":""IDEMPOTENCY_CONFLICT"",""message"":""Duplicate idempotency key \'u1619198710928-8cab06a5200b499c\' used with conflicting reservation parameters.""}')",1
atomic_update_read_heavy_c100_rep2,atomic_update,read_heavy,100,/items/:id/reserve [POST],"CatchResponseError('Conflict error: {""error_code"":""IDEMPOTENCY_CONFLICT"",""message"":""Duplicate idempotency key \'u1619200262608-207169de6e6e4daa\' used with conflicting reservation parameters.""}')",1
atomic_update_read_heavy_c100_rep2,atomic_update,read_heavy,100,/items/:id/reserve [POST],"CatchResponseError('Conflict error: {""error_code"":""IDEMPOTENCY_CONFLICT"",""message"":""Duplicate idempotency key \'u1619199005648-905b06150c2a4321\' used with conflicting reservation parameters.""}')",1
atomic_update_read_heavy_c20_rep1,atomic_update,read_heavy,20,/items/:id/reserve [POST],"CatchResponseError('Conflict error: {""error_code"":""IDEMPOTENCY_CONFLICT"",""message"":""Duplicate idempotency key \'u2404553342608-f8ca912b17894d6f\' used with conflicting reservation parameters.""}')",1
atomic_update_read_heavy_c20_rep1,atomic_update,read_heavy,20,/items/:id/reserve [POST],"CatchResponseError('Conflict error: {""error_code"":""IDEMPOTENCY_CONFLICT"",""message"":""Duplicate idempotency key \'u2404552711472-04d5dd44517342c1\' used with conflicting reservation parameters.""}')",1
atomic_update_read_heavy_c20_rep1,atomic_update,read_heavy,20,/items/:id/reserve [POST],"CatchResponseError('Conflict error: {""error_code"":""IDEMPOTENCY_CONFLICT"",""message"":""Duplicate idempotency key \'u2404553187376-623f9747982f483a\' used with conflicting reservation parameters.""}')",1
atomic_update_read_heavy_c20_rep1,atomic_update,read_heavy,20,/items/:id/reserve [POST],"CatchResponseError('Conflict error: {""error_code"":""IDEMPOTENCY_CONFLICT"",""message"":""Duplicate idempotency key \'u2404552477392-14efa5abe406405f\' used with conflicting reservation parameters.""}')",2
atomic_update_read_heavy_c20_rep1,atomic_update,read_heavy,20,/items/:id/reserve [POST],"CatchResponseError('Conflict error: {""error_code"":""IDEMPOTENCY_CONFLICT"",""message"":""Duplicate idempotency key \'u2404553070784-d1235d4ac73343f2\' used with conflicting reservation parameters.""}')",1
atomic_update_read_heavy_c20_rep1,atomic_update,read_heavy,20,/items/:id/reserve [POST],"CatchResponseError('Conflict error: {""error_code"":""IDEMPOTENCY_CONFLICT"",""message"":""Duplicate idempotency key \'u2404552769616-758cd91d74b94be0\' used with conflicting reservation parameters.""}')",1
atomic_update_read_heavy_c20_rep1,atomic_update,read_heavy,20,/items/:id/reserve [POST],"CatchResponseError('Conflict error: {""error_code"":""IDEMPOTENCY_CONFLICT"",""message"":""Duplicate idempotency key \'u2404552997456-f1882b19dde04f56\' used with conflicting reservation parameters.""}')",1
atomic_update_read_heavy_c20_rep1,atomic_update,read_heavy,20,/items/:id/reserve [POST],"CatchResponseError('Conflict error: {""error_code"":""IDEMPOTENCY_CONFLICT"",""message"":""Duplicate idempotency key \'u2404553004752-00b690e855814e2d\' used with conflicting reservation parameters.""}')",1
atomic_update_read_heavy_c20_rep1,atomic_update,read_heavy,20,/items/:id/reserve [POST],"CatchResponseError('Conflict error: {""error_code"":""IDEMPOTENCY_CONFLICT"",""message"":""Duplicate idempotency key \'u2404553358560-54982bdd28124ece\' used with conflicting reservation parameters.""}')",1
atomic_update_read_heavy_c20_rep1,atomic_update,read_heavy,20,/items/:id/reserve [POST],"CatchResponseError('Conflict error: {""error_code"":""IDEMPOTENCY_CONFLICT"",""message"":""Duplicate idempotency key \'u2404553005712-05fb4beebea04596\' used with conflicting reservation parameters.""}')",1
atomic_update_read_heavy_c20_rep1,atomic_update,read_heavy,20,/items/:id/reserve [POST],"CatchResponseError('Conflict error: {""error_code"":""IDEMPOTENCY_CONFLICT"",""message"":""Duplicate idempotency key \'u2404552711472-35eb19adaf734efd\' used with conflicting reservation parameters.""}')",1
atomic_update_read_heavy_c20_rep1,atomic_update,read_heavy,20,/items/:id/reserve [POST],"CatchResponseError('Conflict error: {""error_code"":""IDEMPOTENCY_CONFLICT"",""message"":""Duplicate idempotency key \'u2404552685712-20c6dda720f2433c\' used with conflicting reservation parameters.""}')",1
atomic_update_read_heavy_c20_rep1,atomic_update,read_heavy,20,/items/:id/reserve [POST],"CatchResponseError('Conflict error: {""error_code"":""IDEMPOTENCY_CONFLICT"",""message"":""Duplicate idempotency key \'u2404552706096-f12eb75a1a864dfd\' used with conflicting reservation parameters.""}')",1
atomic_update_read_heavy_c20_rep1,atomic_update,read_heavy,20,/items/:id/reserve [POST],"CatchResponseError('Conflict error: {""error_code"":""IDEMPOTENCY_CONFLICT"",""message"":""Duplicate idempotency key \'u2404552477392-d94eeb3d25564c24\' used with conflicting reservation parameters.""}')",1
atomic_update_read_heavy_c20_rep1,atomic_update,read_heavy,20,/items/:id/reserve [POST],"CatchResponseError('Conflict error: {""error_code"":""IDEMPOTENCY_CONFLICT"",""message"":""Duplicate idempotency key \'u2404553341072-2ce97f3d07bf4677\' used with conflicting reservation parameters.""}')",1
atomic_update_read_heavy_c20_rep1,atomic_update,read_heavy,20,/items/:id/reserve [POST],"CatchResponseError('Conflict error: {""error_code"":""IDEMPOTENCY_CONFLICT"",""message"":""Duplicate idempotency key \'u2404553341072-8ffd3229c90743f3\' used with conflicting reservation parameters.""}')",1
atomic_update_read_heavy_c20_rep1,atomic_update,read_heavy,20,/items/:id/reserve [POST],"CatchResponseError('Conflict error: {""error_code"":""IDEMPOTENCY_CONFLICT"",""message"":""Duplicate idempotency key \'u2404553340880-70816349258b4240\' used with conflicting reservation parameters.""}')",1
atomic_update_read_heavy_c20_rep1,atomic_update,read_heavy,20,/items/:id/reserve [POST],"CatchResponseError('Conflict error: {""error_code"":""IDEMPOTENCY_CONFLICT"",""message"":""Duplicate idempotency key \'u2404553342032-5e22a8ce108349bc\' used with conflicting reservation parameters.""}')",1
atomic_update_read_heavy_c20_rep1,atomic_update,read_heavy,20,/items/:id/reserve [POST],"CatchResponseError('Conflict error: {""error_code"":""IDEMPOTENCY_CONFLICT"",""message"":""Duplicate idempotency key \'u2404553020560-068d74fc57c643da\' used with conflicting reservation parameters.""}')",1
atomic_update_read_heavy_c20_rep1,atomic_update,read_heavy,20,/items/:id/reserve [POST],"CatchResponseError('Conflict error: {""error_code"":""IDEMPOTENCY_CONFLICT"",""message"":""Duplicate idempotency key \'u2404552769616-821ac4e185ad42c0\' used with conflicting reservation parameters.""}')",1
atomic_update_read_heavy_c20_rep1,atomic_update,read_heavy,20,/items/:id/reserve [POST],"CatchResponseError('Conflict error: {""error_code"":""IDEMPOTENCY_CONFLICT"",""message"":""Duplicate idempotency key \'u2404553070784-b2fdba56067e4481\' used with conflicting reservation parameters.""}')",1
atomic_update_read_heavy_c20_rep1,atomic_update,read_heavy,20,/items/:id/reserve [POST],"CatchResponseError('Conflict error: {""error_code"":""IDEMPOTENCY_CONFLICT"",""message"":""Duplicate idempotency key \'u2404553358560-7c5bf942e5fd441e\' used with conflicting reservation parameters.""}')",1
atomic_update_read_heavy_c20_rep1,atomic_update,read_heavy,20,/items/:id/reserve [POST],"CatchResponseError('Conflict error: {""error_code"":""IDEMPOTENCY_CONFLICT"",""message"":""Duplicate idempotency key \'u2404552997456-26796504d9444a98\' used with conflicting reservation parameters.""}')",1
atomic_update_read_heavy_c20_rep1,atomic_update,read_heavy,20,/items/:id/reserve [POST],"CatchResponseError('Conflict error: {""error_code"":""IDEMPOTENCY_CONFLICT"",""message"":""Duplicate idempotency key \'u2404552477392-555f0a3e62534f6a\' used with conflicting reservation parameters.""}')",1
atomic_update_read_heavy_c20_rep1,atomic_update,read_heavy,20,/items/:id/reserve [POST],"CatchResponseError('Conflict error: {""error_code"":""IDEMPOTENCY_CONFLICT"",""message"":""Duplicate idempotency key \'u2404552477392-b9004fe433a94db4\' used with conflicting reservation parameters.""}')",1
atomic_update_read_heavy_c20_rep1,atomic_update,read_heavy,20,/items/:id/reserve [POST],"CatchResponseError('Conflict error: {""error_code"":""IDEMPOTENCY_CONFLICT"",""message"":""Duplicate idempotency key \'u2404553341072-00d836964e25430f\' used with conflicting reservation parameters.""}')",1
atomic_update_read_heavy_c20_rep1,atomic_update,read_heavy,20,/items/:id/reserve [POST],"CatchResponseError('Conflict error: {""error_code"":""IDEMPOTENCY_CONFLICT"",""message"":""Duplicate idempotency key \'u2404553342608-21a42acd30934e85\' used with conflicting reservation parameters.""}')",1
atomic_update_read_heavy_c20_rep1,atomic_update,read_heavy,20,/items/:id/reserve [POST],"CatchResponseError('Conflict error: {""error_code"":""IDEMPOTENCY_CONFLICT"",""message"":""Duplicate idempotency key \'u2404553020560-a46e8e08477a483f\' used with conflicting reservation parameters.""}')",1
atomic_update_read_heavy_c20_rep1,atomic_update,read_heavy,20,/items/:id/reserve [POST],"CatchResponseError('Conflict error: {""error_code"":""IDEMPOTENCY_CONFLICT"",""message"":""Duplicate idempotency key \'u2404553358560-817922a9fbdf41ce\' used with conflicting reservation parameters.""}')",1
atomic_update_read_heavy_c20_rep1,atomic_update,read_heavy,20,/items/:id/reserve [POST],"CatchResponseError('Conflict error: {""error_code"":""IDEMPOTENCY_CONFLICT"",""message"":""Duplicate idempotency key \'u2404552477392-90053639c55443a8\' used with conflicting reservation parameters.""}')",1
atomic_update_read_heavy_c20_rep1,atomic_update,read_heavy,20,/items/:id/reserve [POST],"CatchResponseError('Conflict error: {""error_code"":""IDEMPOTENCY_CONFLICT"",""message"":""Duplicate idempotency key \'u2404553068608-0b2035a7a4af4b94\' used with conflicting reservation parameters.""}')",1
atomic_update_read_heavy_c20_rep1,atomic_update,read_heavy,20,/items/:id/reserve [POST],"CatchResponseError('Conflict error: {""error_code"":""IDEMPOTENCY_CONFLICT"",""message"":""Duplicate idempotency key \'u2404553358560-ae36d193a01b43c1\' used with conflicting reservation parameters.""}')",1
atomic_update_read_heavy_c20_rep1,atomic_update,read_heavy,20,/items/:id/reserve [POST],"CatchResponseError('Conflict error: {""error_code"":""IDEMPOTENCY_CONFLICT"",""message"":""Duplicate idempotency key \'u2404553342608-1de44db8a7b14468\' used with conflicting reservation parameters.""}')",1
atomic_update_read_heavy_c20_rep1,atomic_update,read_heavy,20,/items/:id/reserve [POST],"CatchResponseError('Conflict error: {""error_code"":""IDEMPOTENCY_CONFLICT"",""message"":""Duplicate idempotency key \'u2404552711472-5ac0b95ef4fd4f92\' used with conflicting reservation parameters.""}')",1
atomic_update_read_heavy_c20_rep1,atomic_update,read_heavy,20,/items/:id/reserve [POST],"CatchResponseError('Conflict error: {""error_code"":""IDEMPOTENCY_CONFLICT"",""message"":""Duplicate idempotency key \'u2404552997456-3d41ec7b5f904c42\' used with conflicting reservation parameters.""}')",1
atomic_update_read_heavy_c20_rep1,atomic_update,read_heavy,20,/items/:id/reserve [POST],"CatchResponseError('Conflict error: {""error_code"":""IDEMPOTENCY_CONFLICT"",""message"":""Duplicate idempotency key \'u2404552477392-29c620e744354329\' used with conflicting reservation parameters.""}')",1
atomic_update_read_heavy_c20_rep1,atomic_update,read_heavy,20,/items/:id/reserve [POST],"CatchResponseError('Conflict error: {""error_code"":""IDEMPOTENCY_CONFLICT"",""message"":""Duplicate idempotency key \'u2404553358560-a71cfbefe7b04e21\' used with conflicting reservation parameters.""}')",1
atomic_update_read_heavy_c20_rep1,atomic_update,read_heavy,20,/items/:id/reserve [POST],"CatchResponseError('Conflict error: {""error_code"":""IDEMPOTENCY_CONFLICT"",""message"":""Duplicate idempotency key \'u2404553342608-46e9388b542c49cf\' used with conflicting reservation parameters.""}')",1
atomic_update_read_heavy_c20_rep1,atomic_update,read_heavy,20,/items/:id/reserve [POST],"CatchResponseError('Conflict error: {""error_code"":""IDEMPOTENCY_CONFLICT"",""message"":""Duplicate idempotency key \'u2404553005712-f4e1822c95bb493c\' used with conflicting reservation parameters.""}')",1
atomic_update_read_heavy_c20_rep1,atomic_update,read_heavy,20,/items/:id/reserve [POST],"CatchResponseError('Conflict error: {""error_code"":""IDEMPOTENCY_CONFLICT"",""message"":""Duplicate idempotency key \'u2404553356432-3db81c0b34594d9e\' used with conflicting reservation parameters.""}')",1
atomic_update_read_heavy_c20_rep1,atomic_update,read_heavy,20,/items/:id/reserve [POST],"CatchResponseError('Conflict error: {""error_code"":""IDEMPOTENCY_CONFLICT"",""message"":""Duplicate idempotency key \'u2404553187376-c2d2c1e4b43443b6\' used with conflicting reservation parameters.""}')",1
atomic_update_read_heavy_c20_rep1,atomic_update,read_heavy,20,/items/:id/reserve [POST],"CatchResponseError('Conflict error: {""error_code"":""IDEMPOTENCY_CONFLICT"",""message"":""Duplicate idempotency key \'u2404553341072-e640dec43d8b4931\' used with conflicting reservation parameters.""}')",1
atomic_update_read_heavy_c20_rep2,atomic_update,read_heavy,20,/items/:id/reserve [POST],"CatchResponseError('Conflict error: {""error_code"":""IDEMPOTENCY_CONFLICT"",""message"":""Duplicate idempotency key \'u2626891252176-8e4fb31b59854208\' used with conflicting reservation parameters.""}')",1
atomic_update_read_heavy_c20_rep2,atomic_update,read_heavy,20,/items/:id/reserve [POST],"CatchResponseError('Conflict error: {""error_code"":""IDEMPOTENCY_CONFLICT"",""message"":""Duplicate idempotency key \'u2626889799376-ccdd4295a66d485f\' used with conflicting reservation parameters.""}')",1
atomic_update_read_heavy_c20_rep2,atomic_update,read_heavy,20,/items/:id/reserve [POST],"CatchResponseError('Conflict error: {""error_code"":""IDEMPOTENCY_CONFLICT"",""message"":""Duplicate idempotency key \'u2626889792080-2d310f34e38f4e79\' used with conflicting reservation parameters.""}')",1
atomic_update_read_heavy_c20_rep2,atomic_update,read_heavy,20,/items/:id/reserve [POST],"CatchResponseError('Conflict error: {""error_code"":""IDEMPOTENCY_CONFLICT"",""message"":""Duplicate idempotency key \'u2626889504080-89be1b6fe5c04cd5\' used with conflicting reservation parameters.""}')",1
atomic_update_read_heavy_c20_rep2,atomic_update,read_heavy,20,/items/:id/reserve [POST],"CatchResponseError('Conflict error: {""error_code"":""IDEMPOTENCY_CONFLICT"",""message"":""Duplicate idempotency key \'u2626890134672-7c75e1b16e5246f3\' used with conflicting reservation parameters.""}')",1
atomic_update_read_heavy_c20_rep2,atomic_update,read_heavy,20,/items/:id/reserve [POST],"CatchResponseError('Conflict error: {""error_code"":""IDEMPOTENCY_CONFLICT"",""message"":""Duplicate idempotency key \'u2626889799376-3a32e7456bcd4d86\' used with conflicting reservation parameters.""}')",1
atomic_update_read_heavy_c20_rep2,atomic_update,read_heavy,20,/items/:id/reserve [POST],"CatchResponseError('Conflict error: {""error_code"":""IDEMPOTENCY_CONFLICT"",""message"":""Duplicate idempotency key \'u2626889747152-2c13cf62e09044bb\' used with conflicting reservation parameters.""}')",1
atomic_update_read_heavy_c20_rep2,atomic_update,read_heavy,20,/items/:id/reserve [POST],"CatchResponseError('Conflict error: {""error_code"":""IDEMPOTENCY_CONFLICT"",""message"":""Duplicate idempotency key \'u2626889504080-4449cd0fcb8542ad\' used with conflicting reservation parameters.""}')",1
atomic_update_read_heavy_c20_rep2,atomic_update,read_heavy,20,/items/:id/reserve [POST],"CatchResponseError('Conflict error: {""error_code"":""IDEMPOTENCY_CONFLICT"",""message"":""Duplicate idempotency key \'u2626889747152-0bcfb86c613a4c3e\' used with conflicting reservation parameters.""}')",1
atomic_update_read_heavy_c20_rep2,atomic_update,read_heavy,20,/items/:id/reserve [POST],"CatchResponseError('Conflict error: {""error_code"":""IDEMPOTENCY_CONFLICT"",""message"":""Duplicate idempotency key \'u2626889800336-ee16958c3ceb4d1d\' used with conflicting reservation parameters.""}')",2
atomic_update_read_heavy_c20_rep2,atomic_update,read_heavy,20,/items/:id/reserve [POST],"CatchResponseError('Conflict error: {""error_code"":""IDEMPOTENCY_CONFLICT"",""message"":""Duplicate idempotency key \'u2626891252752-b5f9a2fec1ab4a07\' used with conflicting reservation parameters.""}')",1
atomic_update_read_heavy_c20_rep2,atomic_update,read_heavy,20,/items/:id/reserve [POST],"CatchResponseError('Conflict error: {""error_code"":""IDEMPOTENCY_CONFLICT"",""message"":""Duplicate idempotency key \'u2626889547856-6b456f8cefeb467c\' used with conflicting reservation parameters.""}')",1
atomic_update_read_heavy_c20_rep2,atomic_update,read_heavy,20,/items/:id/reserve [POST],"CatchResponseError('Conflict error: {""error_code"":""IDEMPOTENCY_CONFLICT"",""message"":""Duplicate idempotency key \'u2626889865408-fd0a02364de0404f\' used with conflicting reservation parameters.""}')",1
atomic_update_read_heavy_c20_rep2,atomic_update,read_heavy,20,/items/:id/reserve [POST],"CatchResponseError('Conflict error: {""error_code"":""IDEMPOTENCY_CONFLICT"",""message"":""Duplicate idempotency key \'u2626890115472-b13ab89148bd4e7c\' used with conflicting reservation parameters.""}')",1
atomic_update_read_heavy_c20_rep2,atomic_update,read_heavy,20,/items/:id/reserve [POST],"CatchResponseError('Conflict error: {""error_code"":""IDEMPOTENCY_CONFLICT"",""message"":""Duplicate idempotency key \'u2626889865408-9b7b04b0146f47f0\' used with conflicting reservation parameters.""}')",1
atomic_update_read_heavy_c20_rep2,atomic_update,read_heavy,20,/items/:id/reserve [POST],"CatchResponseError('Conflict error: {""error_code"":""IDEMPOTENCY_CONFLICT"",""message"":""Duplicate idempotency key \'u2626890134672-5b99deb906b9416c\' used with conflicting reservation parameters.""}')",1
atomic_update_read_heavy_c20_rep2,atomic_update,read_heavy,20,/items/:id/reserve [POST],"CatchResponseError('Conflict error: {""error_code"":""IDEMPOTENCY_CONFLICT"",""message"":""Duplicate idempotency key \'u2626889792080-cbd4ee2ea15b43ef\' used with conflicting reservation parameters.""}')",1
atomic_update_read_heavy_c20_rep2,atomic_update,read_heavy,20,/items/:id/reserve [POST],"CatchResponseError('Conflict error: {""error_code"":""IDEMPOTENCY_CONFLICT"",""message"":""Duplicate idempotency key \'u2626891252176-61cf1554b1ee4917\' used with conflicting reservation parameters.""}')",1
atomic_update_read_heavy_c20_rep2,atomic_update,read_heavy,20,/items/:id/reserve [POST],"CatchResponseError('Conflict error: {""error_code"":""IDEMPOTENCY_CONFLICT"",""message"":""Duplicate idempotency key \'u2626889863232-aa9cfdfc53394027\' used with conflicting reservation parameters.""}')",1
atomic_update_read_heavy_c20_rep2,atomic_update,read_heavy,20,/items/:id/reserve [POST],"CatchResponseError('Conflict error: {""error_code"":""IDEMPOTENCY_CONFLICT"",""message"":""Duplicate idempotency key \'u2626889507664-22f50f100ad14212\' used with conflicting reservation parameters.""}')",1
atomic_update_read_heavy_c20_rep2,atomic_update,read_heavy,20,/items/:id/reserve [POST],"CatchResponseError('Conflict error: {""error_code"":""IDEMPOTENCY_CONFLICT"",""message"":""Duplicate idempotency key \'u2626890021792-324c3d5caf874cd0\' used with conflicting reservation parameters.""}')",1
atomic_update_read_heavy_c20_rep2,atomic_update,read_heavy,20,/items/:id/reserve [POST],"CatchResponseError('Conflict error: {""error_code"":""IDEMPOTENCY_CONFLICT"",""message"":""Duplicate idempotency key \'u2626889799376-72c20a392a05401b\' used with conflicting reservation parameters.""}')",1
atomic_update_read_heavy_c20_rep2,atomic_update,read_heavy,20,/items/:id/reserve [POST],"CatchResponseError('Conflict error: {""error_code"":""IDEMPOTENCY_CONFLICT"",""message"":""Duplicate idempotency key \'u2626891252176-43e29e2794384d3a\' used with conflicting reservation parameters.""}')",1
atomic_update_read_heavy_c20_rep2,atomic_update,read_heavy,20,/items/:id/reserve [POST],"CatchResponseError('Conflict error: {""error_code"":""IDEMPOTENCY_CONFLICT"",""message"":""Duplicate idempotency key \'u2626889800336-f04a957054324d84\' used with conflicting reservation parameters.""}')",1
atomic_update_read_heavy_c20_rep2,atomic_update,read_heavy,20,/items/:id/reserve [POST],"CatchResponseError('Conflict error: {""error_code"":""IDEMPOTENCY_CONFLICT"",""message"":""Duplicate idempotency key \'u2626889965616-047181d5885743f6\' used with conflicting reservation parameters.""}')",1
atomic_update_read_heavy_c20_rep2,atomic_update,read_heavy,20,/items/:id/reserve [POST],"CatchResponseError('Conflict error: {""error_code"":""IDEMPOTENCY_CONFLICT"",""message"":""Duplicate idempotency key \'u2626891252752-612bf69310fb458f\' used with conflicting reservation parameters.""}')",1
atomic_update_read_heavy_c20_rep2,atomic_update,read_heavy,20,/items/:id/reserve [POST],"CatchResponseError('Conflict error: {""error_code"":""IDEMPOTENCY_CONFLICT"",""message"":""Duplicate idempotency key \'u2626891252176-e8fa549475174733\' used with conflicting reservation parameters.""}')",1
atomic_update_read_heavy_c20_rep2,atomic_update,read_heavy,20,/items/:id/reserve [POST],"CatchResponseError('Conflict error: {""error_code"":""IDEMPOTENCY_CONFLICT"",""message"":""Duplicate idempotency key \'u2626889547856-111ddb8c21164e09\' used with conflicting reservation parameters.""}')",1
atomic_update_read_heavy_c20_rep2,atomic_update,read_heavy,20,/items/:id/reserve [POST],"CatchResponseError('Conflict error: {""error_code"":""IDEMPOTENCY_CONFLICT"",""message"":""Duplicate idempotency key \'u2626891252752-c6fe3d0c15434072\' used with conflicting reservation parameters.""}')",1
atomic_update_read_heavy_c20_rep2,atomic_update,read_heavy,20,/items/:id/reserve [POST],"CatchResponseError('Conflict error: {""error_code"":""IDEMPOTENCY_CONFLICT"",""message"":""Duplicate idempotency key \'u2626889747152-a8bf77a2d28947cd\' used with conflicting reservation parameters.""}')",1
atomic_update_read_heavy_c20_rep2,atomic_update,read_heavy,20,/items/:id/reserve [POST],"CatchResponseError('Conflict error: {""error_code"":""IDEMPOTENCY_CONFLICT"",""message"":""Duplicate idempotency key \'u2626889507664-40e117ed92d14b15\' used with conflicting reservation parameters.""}')",1
atomic_update_read_heavy_c20_rep2,atomic_update,read_heavy,20,/items/:id/reserve [POST],"CatchResponseError('Conflict error: {""error_code"":""IDEMPOTENCY_CONFLICT"",""message"":""Duplicate idempotency key \'u2626889865408-4b1983e75d7b4b56\' used with conflicting reservation parameters.""}')",1
atomic_update_read_heavy_c20_rep2,atomic_update,read_heavy,20,/items/:id/reserve [POST],"CatchResponseError('Conflict error: {""error_code"":""IDEMPOTENCY_CONFLICT"",""message"":""Duplicate idempotency key \'u2626889815184-1d70f7de7b514e4f\' used with conflicting reservation parameters.""}')",1
atomic_update_read_heavy_c20_rep2,atomic_update,read_heavy,20,/items/:id/reserve [POST],"CatchResponseError('Conflict error: {""error_code"":""IDEMPOTENCY_CONFLICT"",""message"":""Duplicate idempotency key \'u2626891252176-748c80977c3e4816\' used with conflicting reservation parameters.""}')",1
atomic_update_read_heavy_c50_rep1,atomic_update,read_heavy,50,/items/:id/reserve [POST],"CatchResponseError('Conflict error: {""error_code"":""IDEMPOTENCY_CONFLICT"",""message"":""Duplicate idempotency key \'u2743957895888-feb6a28630aa4de3\' used with conflicting reservation parameters.""}')",1
atomic_update_read_heavy_c50_rep1,atomic_update,read_heavy,50,/items/:id/reserve [POST],"CatchResponseError('Conflict error: {""error_code"":""IDEMPOTENCY_CONFLICT"",""message"":""Duplicate idempotency key \'u2743957841840-9f6877fe011f4870\' used with conflicting reservation parameters.""}')",1
atomic_update_read_heavy_c50_rep1,atomic_update,read_heavy,50,/items/:id/reserve [POST],"CatchResponseError('Conflict error: {""error_code"":""IDEMPOTENCY_CONFLICT"",""message"":""Duplicate idempotency key \'u2743958011104-37d7b7ac408044cb\' used with conflicting reservation parameters.""}')",1
atomic_update_read_heavy_c50_rep1,atomic_update,read_heavy,50,/items/:id/reserve [POST],"CatchResponseError('Conflict error: {""error_code"":""IDEMPOTENCY_CONFLICT"",""message"":""Duplicate idempotency key \'u2743958878928-5e85aac00ec44a95\' used with conflicting reservation parameters.""}')",1
atomic_update_read_heavy_c50_rep1,atomic_update,read_heavy,50,/items/:id/reserve [POST],"CatchResponseError('Conflict error: {""error_code"":""IDEMPOTENCY_CONFLICT"",""message"":""Duplicate idempotency key \'u2743957657296-5108c7491b194aed\' used with conflicting reservation parameters.""}')",2
atomic_update_read_heavy_c50_rep1,atomic_update,read_heavy,50,/items/:id/reserve [POST],"CatchResponseError('Conflict error: {""error_code"":""IDEMPOTENCY_CONFLICT"",""message"":""Duplicate idempotency key \'u2743958877968-8a4da891db834c6b\' used with conflicting reservation parameters.""}')",1
atomic_update_read_heavy_c50_rep1,atomic_update,read_heavy,50,/items/:id/reserve [POST],"CatchResponseError('Conflict error: {""error_code"":""IDEMPOTENCY_CONFLICT"",""message"":""Duplicate idempotency key \'u2743958875664-2c258725e99f475d\' used with conflicting reservation parameters.""}')",1
atomic_update_read_heavy_c50_rep1,atomic_update,read_heavy,50,/items/:id/reserve [POST],"CatchResponseError('Conflict error: {""error_code"":""IDEMPOTENCY_CONFLICT"",""message"":""Duplicate idempotency key \'u2743957989008-9e7d50a080934ce7\' used with conflicting reservation parameters.""}')",1
atomic_update_read_heavy_c50_rep1,atomic_update,read_heavy,50,/items/:id/reserve [POST],"CatchResponseError('Conflict error: {""error_code"":""IDEMPOTENCY_CONFLICT"",""message"":""Duplicate idempotency key \'u2743958880080-69c636ae014e47bd\' used with conflicting reservation parameters.""}')",1
atomic_update_read_heavy_c50_rep1,atomic_update,read_heavy,50,/items/:id/reserve [POST],"CatchResponseError('Conflict error: {""error_code"":""IDEMPOTENCY_CONFLICT"",""message"":""Duplicate idempotency key \'u2743957438800-825da3b86bf244d4\' used with conflicting reservation parameters.""}')",1
atomic_update_read_heavy_c50_rep1,atomic_update,read_heavy,50,/items/:id/reserve [POST],"CatchResponseError('Conflict error: {""error_code"":""IDEMPOTENCY_CONFLICT"",""message"":""Duplicate idempotency key \'u2743958877392-817116d9a7fa42d7\' used with conflicting reservation parameters.""}')",1
atomic_update_read_heavy_c50_rep1,atomic_update,read_heavy,50,/items/:id/reserve [POST],"CatchResponseError('Conflict error: {""error_code"":""IDEMPOTENCY_CONFLICT"",""message"":""Duplicate idempotency key \'u2743958875664-69b08d780ff64362\' used with conflicting reservation parameters.""}')",1
atomic_update_read_heavy_c50_rep1,atomic_update,read_heavy,50,/items/:id/reserve [POST],"CatchResponseError('Conflict error: {""error_code"":""IDEMPOTENCY_CONFLICT"",""message"":""Duplicate idempotency key \'u2743957171440-4d524015b776491f\' used with conflicting reservation parameters.""}')",1
atomic_update_read_heavy_c50_rep1,atomic_update,read_heavy,50,/items/:id/reserve [POST],"CatchResponseError('Conflict error: {""error_code"":""IDEMPOTENCY_CONFLICT"",""message"":""Duplicate idempotency key \'u2743957895888-f223d3292e544847\' used with conflicting reservation parameters.""}')",1
atomic_update_read_heavy_c50_rep1,atomic_update,read_heavy,50,/items/:id/reserve [POST],"CatchResponseError('Conflict error: {""error_code"":""IDEMPOTENCY_CONFLICT"",""message"":""Duplicate idempotency key \'u2743957173904-0c93aa20330d4ae9\' used with conflicting reservation parameters.""}')",1
atomic_update_read_heavy_c50_rep1,atomic_update,read_heavy,50,/items/:id/reserve [POST],"CatchResponseError('Conflict error: {""error_code"":""IDEMPOTENCY_CONFLICT"",""message"":""Duplicate idempotency key \'u2743959097936-91bf3e57da9c4c89\' used with conflicting reservation parameters.""}')",1
atomic_update_read_heavy_c50_rep1,atomic_update,read_heavy,50,/items/:id/reserve [POST],"CatchResponseError('Conflict error: {""error_code"":""IDEMPOTENCY_CONFLICT"",""message"":""Duplicate idempotency key \'u2743957438800-786ac532939142e0\' used with conflicting reservation parameters.""}')",1
atomic_update_read_heavy_c50_rep1,atomic_update,read_heavy,50,/items/:id/reserve [POST],"CatchResponseError('Conflict error: {""error_code"":""IDEMPOTENCY_CONFLICT"",""message"":""Duplicate idempotency key \'u2743957658256-27531ed2262a4926\' used with conflicting reservation parameters.""}')",1
atomic_update_read_heavy_c50_rep1,atomic_update,read_heavy,50,/items/:id/reserve [POST],"CatchResponseError('Conflict error: {""error_code"":""IDEMPOTENCY_CONFLICT"",""message"":""Duplicate idempotency key \'u2743957987472-d6946684b8f64f50\' used with conflicting reservation parameters.""}')",1
atomic_update_read_heavy_c50_rep1,atomic_update,read_heavy,50,/items/:id/reserve [POST],"CatchResponseError('Conflict error: {""error_code"":""IDEMPOTENCY_CONFLICT"",""message"":""Duplicate idempotency key \'u2743957650256-ca97f61d63e94aaf\' used with conflicting reservation parameters.""}')",1
atomic_update_read_heavy_c50_rep1,atomic_update,read_heavy,50,/items/:id/reserve [POST],"CatchResponseError('Conflict error: {""error_code"":""IDEMPOTENCY_CONFLICT"",""message"":""Duplicate idempotency key \'u2743957171440-ec819b3e8c95426e\' used with conflicting reservation parameters.""}')",1
atomic_update_read_heavy_c50_rep1,atomic_update,read_heavy,50,/items/:id/reserve [POST],"CatchResponseError('Conflict error: {""error_code"":""IDEMPOTENCY_CONFLICT"",""message"":""Duplicate idempotency key \'u2743958873552-1644d40e1ac74270\' used with conflicting reservation parameters.""}')",1
atomic_update_read_heavy_c50_rep1,atomic_update,read_heavy,50,/items/:id/reserve [POST],"CatchResponseError('Conflict error: {""error_code"":""IDEMPOTENCY_CONFLICT"",""message"":""Duplicate idempotency key \'u2743958011104-2b82f8404e014f98\' used with conflicting reservation parameters.""}')",1
atomic_update_read_heavy_c50_rep1,atomic_update,read_heavy,50,/items/:id/reserve [POST],"CatchResponseError('Conflict error: {""error_code"":""IDEMPOTENCY_CONFLICT"",""message"":""Duplicate idempotency key \'u2743957989008-6743b45d053d4c86\' used with conflicting reservation parameters.""}')",1
atomic_update_read_heavy_c50_rep1,atomic_update,read_heavy,50,/items/:id/reserve [POST],"CatchResponseError('Conflict error: {""error_code"":""IDEMPOTENCY_CONFLICT"",""message"":""Duplicate idempotency key \'u2743958879120-d77919b020594a34\' used with conflicting reservation parameters.""}')",1
atomic_update_read_heavy_c50_rep1,atomic_update,read_heavy,50,/items/:id/reserve [POST],"CatchResponseError('Conflict error: {""error_code"":""IDEMPOTENCY_CONFLICT"",""message"":""Duplicate idempotency key \'u2743957989008-692c017c769240d2\' used with conflicting reservation parameters.""}')",1
atomic_update_read_heavy_c50_rep1,atomic_update,read_heavy,50,/items/:id/reserve [POST],"CatchResponseError('Conflict error: {""error_code"":""IDEMPOTENCY_CONFLICT"",""message"":""Duplicate idempotency key \'u2743957987088-e2b96c02edd74af1\' used with conflicting reservation parameters.""}')",1
atomic_update_read_heavy_c50_rep1,atomic_update,read_heavy,50,/items/:id/reserve [POST],"CatchResponseError('Conflict error: {""error_code"":""IDEMPOTENCY_CONFLICT"",""message"":""Duplicate idempotency key \'u2743957987472-3eaebacd6b5c4201\' used with conflicting reservation parameters.""}')",1
atomic_update_read_heavy_c50_rep1,atomic_update,read_heavy,50,/items/:id/reserve [POST],"CatchResponseError('Conflict error: {""error_code"":""IDEMPOTENCY_CONFLICT"",""message"":""Duplicate idempotency key \'u2743958875088-121f3d117feb49e2\' used with conflicting reservation parameters.""}')",1
atomic_update_read_heavy_c50_rep1,atomic_update,read_heavy,50,/items/:id/reserve [POST],"CatchResponseError('Conflict error: {""error_code"":""IDEMPOTENCY_CONFLICT"",""message"":""Duplicate idempotency key \'u2743958880080-8c2a4fc49e284f70\' used with conflicting reservation parameters.""}')",1
atomic_update_read_heavy_c50_rep1,atomic_update,read_heavy,50,/items/:id/reserve [POST],"CatchResponseError('Conflict error: {""error_code"":""IDEMPOTENCY_CONFLICT"",""message"":""Duplicate idempotency key \'u2743959093904-e2ed6bf5842d4bcc\' used with conflicting reservation parameters.""}')",1
atomic_update_read_heavy_c50_rep1,atomic_update,read_heavy,50,/items/:id/reserve [POST],"CatchResponseError('Conflict error: {""error_code"":""IDEMPOTENCY_CONFLICT"",""message"":""Duplicate idempotency key \'u2743957173904-718e53e422474211\' used with conflicting reservation parameters.""}')",1
atomic_update_read_heavy_c50_rep1,atomic_update,read_heavy,50,/items/:id/reserve [POST],"CatchResponseError('Conflict error: {""error_code"":""IDEMPOTENCY_CONFLICT"",""message"":""Duplicate idempotency key \'u2743957721152-d6119abfcda94c35\' used with conflicting reservation parameters.""}')",1
atomic_update_read_heavy_c50_rep1,atomic_update,read_heavy,50,/items/:id/reserve [POST],"CatchResponseError('Conflict error: {""error_code"":""IDEMPOTENCY_CONFLICT"",""message"":""Duplicate idempotency key \'u2743957129936-b68e7af8cce04e66\' used with conflicting reservation parameters.""}')",1
atomic_update_read_heavy_c50_rep1,atomic_update,read_heavy,50,/items/:id/reserve [POST],"CatchResponseError('Conflict error: {""error_code"":""IDEMPOTENCY_CONFLICT"",""message"":""Duplicate idempotency key \'u2743959103120-648f83eb68da40a7\' used with conflicting reservation parameters.""}')",1
atomic_update_read_heavy_c50_rep2,atomic_update,read_heavy,50,/items/:id/reserve [POST],"CatchResponseError('Conflict error: {""error_code"":""IDEMPOTENCY_CONFLICT"",""message"":""Duplicate idempotency key \'u2286141570320-77597d0998134c8d\' used with conflicting reservation parameters.""}')",1
atomic_update_read_heavy_c50_rep2,atomic_update,read_heavy,50,/items/:id/reserve [POST],"CatchResponseError('Conflict error: {""error_code"":""IDEMPOTENCY_CONFLICT"",""message"":""Duplicate idempotency key \'u2286140363920-7f02ae725ddc4619\' used with conflicting reservation parameters.""}')",1
atomic_update_read_heavy_c50_rep2,atomic_update,read_heavy,50,/items/:id/reserve [POST],"CatchResponseError('Conflict error: {""error_code"":""IDEMPOTENCY_CONFLICT"",""message"":""Duplicate idempotency key \'u2286141565328-100689e937504b7b\' used with conflicting reservation parameters.""}')",1
atomic_update_read_heavy_c50_rep2,atomic_update,read_heavy,50,/items/:id/reserve [POST],"CatchResponseError('Conflict error: {""error_code"":""IDEMPOTENCY_CONFLICT"",""message"":""Duplicate idempotency key \'u2286141566288-2e710119eae04c84\' used with conflicting reservation parameters.""}')",1
atomic_update_read_heavy_c50_rep2,atomic_update,read_heavy,50,/items/:id/reserve [POST],"CatchResponseError('Conflict error: {""error_code"":""IDEMPOTENCY_CONFLICT"",""message"":""Duplicate idempotency key \'u2286140570320-ea0cc56342804eef\' used with conflicting reservation parameters.""}')",1
atomic_update_read_heavy_c50_rep2,atomic_update,read_heavy,50,/items/:id/reserve [POST],"CatchResponseError('Conflict error: {""error_code"":""IDEMPOTENCY_CONFLICT"",""message"":""Duplicate idempotency key \'u2286141563984-2065c4aba0fd4d80\' used with conflicting reservation parameters.""}')",1
atomic_update_read_heavy_c50_rep2,atomic_update,read_heavy,50,/items/:id/reserve [POST],"CatchResponseError('Conflict error: {""error_code"":""IDEMPOTENCY_CONFLICT"",""message"":""Duplicate idempotency key \'u2286141566288-084d8184cbc14662\' used with conflicting reservation parameters.""}')",1
atomic_update_read_heavy_c50_rep2,atomic_update,read_heavy,50,/items/:id/reserve [POST],"CatchResponseError('Conflict error: {""error_code"":""IDEMPOTENCY_CONFLICT"",""message"":""Duplicate idempotency key \'u2286141918288-5a89861200e64e14\' used with conflicting reservation parameters.""}')",1
atomic_update_read_heavy_c50_rep2,atomic_update,read_heavy,50,/items/:id/reserve [POST],"CatchResponseError('Conflict error: {""error_code"":""IDEMPOTENCY_CONFLICT"",""message"":""Duplicate idempotency key \'u2286140663056-1537d25edef74f13\' used with conflicting reservation parameters.""}')",1
atomic_update_read_heavy_c50_rep2,atomic_update,read_heavy,50,/items/:id/reserve [POST],"CatchResponseError('Conflict error: {""error_code"":""IDEMPOTENCY_CONFLICT"",""message"":""Duplicate idempotency key \'u2286140662288-767d6d5948d24e8a\' used with conflicting reservation parameters.""}')",1
atomic_update_read_heavy_c50_rep2,atomic_update,read_heavy,50,/items/:id/reserve [POST],"CatchResponseError('Conflict error: {""error_code"":""IDEMPOTENCY_CONFLICT"",""message"":""Duplicate idempotency key \'u2286140363920-3df32052049e4214\' used with conflicting reservation parameters.""}')",1
atomic_update_read_heavy_c50_rep2,atomic_update,read_heavy,50,/items/:id/reserve [POST],"CatchResponseError('Conflict error: {""error_code"":""IDEMPOTENCY_CONFLICT"",""message"":""Duplicate idempotency key \'u2286141556880-3152dfc7da5a4848\' used with conflicting reservation parameters.""}')",1
atomic_update_read_heavy_c50_rep2,atomic_update,read_heavy,50,/items/:id/reserve [POST],"CatchResponseError('Conflict error: {""error_code"":""IDEMPOTENCY_CONFLICT"",""message"":""Duplicate idempotency key \'u2286140662672-3896aa1f5a314c91\' used with conflicting reservation parameters.""}')",1
atomic_update_read_heavy_c50_rep2,atomic_update,read_heavy,50,/items/:id/reserve [POST],"CatchResponseError('Conflict error: {""error_code"":""IDEMPOTENCY_CONFLICT"",""message"":""Duplicate idempotency key \'u2286141566672-910d844f8c3e4b9b\' used with conflicting reservation parameters.""}')",1
atomic_update_read_heavy_c50_rep2,atomic_update,read_heavy,50,/items/:id/reserve [POST],"CatchResponseError('Conflict error: {""error_code"":""IDEMPOTENCY_CONFLICT"",""message"":""Duplicate idempotency key \'u2286140663440-acbb77ae67564615\' used with conflicting reservation parameters.""}')",1
atomic_update_read_heavy_c50_rep2,atomic_update,read_heavy,50,/items/:id/reserve [POST],"CatchResponseError('Conflict error: {""error_code"":""IDEMPOTENCY_CONFLICT"",""message"":""Duplicate idempotency key \'u2286141564368-e937adb64a7b414b\' used with conflicting reservation parameters.""}')",1
atomic_update_read_heavy_c50_rep2,atomic_update,read_heavy,50,/items/:id/reserve [POST],"CatchResponseError('Conflict error: {""error_code"":""IDEMPOTENCY_CONFLICT"",""message"":""Duplicate idempotency key \'u2286140658640-7ed091629f6e4869\' used with conflicting reservation parameters.""}')",1
atomic_update_read_heavy_c50_rep2,atomic_update,read_heavy,50,/items/:id/reserve [POST],"CatchResponseError('Conflict error: {""error_code"":""IDEMPOTENCY_CONFLICT"",""message"":""Duplicate idempotency key \'u2286140295888-1780da91ac504354\' used with conflicting reservation parameters.""}')",1
atomic_update_read_heavy_c50_rep2,atomic_update,read_heavy,50,/items/:id/reserve [POST],"CatchResponseError('Conflict error: {""error_code"":""IDEMPOTENCY_CONFLICT"",""message"":""Duplicate idempotency key \'u2286140349072-c3edc8fe15684efe\' used with conflicting reservation parameters.""}')",1
atomic_update_read_heavy_c50_rep2,atomic_update,read_heavy,50,/items/:id/reserve [POST],"CatchResponseError('Conflict error: {""error_code"":""IDEMPOTENCY_CONFLICT"",""message"":""Duplicate idempotency key \'u2286140295888-ce3c12ee85b84c1f\' used with conflicting reservation parameters.""}')",2
atomic_update_read_heavy_c50_rep2,atomic_update,read_heavy,50,/items/:id/reserve [POST],"CatchResponseError('Conflict error: {""error_code"":""IDEMPOTENCY_CONFLICT"",""message"":""Duplicate idempotency key \'u2286141556880-f0c9993440bb4642\' used with conflicting reservation parameters.""}')",1
atomic_update_read_heavy_c50_rep2,atomic_update,read_heavy,50,/items/:id/reserve [POST],"CatchResponseError('Conflict error: {""error_code"":""IDEMPOTENCY_CONFLICT"",""message"":""Duplicate idempotency key \'u2286141567824-e37ed7592d0a4e31\' used with conflicting reservation parameters.""}')",1
atomic_update_read_heavy_c50_rep2,atomic_update,read_heavy,50,/items/:id/reserve [POST],"CatchResponseError('Conflict error: {""error_code"":""IDEMPOTENCY_CONFLICT"",""message"":""Duplicate idempotency key \'u2286141921552-0276dc71aed248b3\' used with conflicting reservation parameters.""}')",1
atomic_update_read_heavy_c50_rep2,atomic_update,read_heavy,50,/items/:id/reserve [POST],"CatchResponseError('Conflict error: {""error_code"":""IDEMPOTENCY_CONFLICT"",""message"":""Duplicate idempotency key \'u2286140662288-23ae5331cb244e5f\' used with conflicting reservation parameters.""}')",1
atomic_update_read_heavy_c50_rep2,atomic_update,read_heavy,50,/items/:id/reserve [POST],"CatchResponseError('Conflict error: {""error_code"":""IDEMPOTENCY_CONFLICT"",""message"":""Duplicate idempotency key \'u2286141925776-5ded73b16f29404c\' used with conflicting reservation parameters.""}')",1
atomic_update_read_heavy_c50_rep2,atomic_update,read_heavy,50,/items/:id/reserve [POST],"CatchResponseError('Conflict error: {""error_code"":""IDEMPOTENCY_CONFLICT"",""message"":""Duplicate idempotency key \'u2286141564560-591810660b474ae0\' used with conflicting reservation parameters.""}')",1
atomic_update_read_heavy_c50_rep2,atomic_update,read_heavy,50,/items/:id/reserve [POST],"CatchResponseError('Conflict error: {""error_code"":""IDEMPOTENCY_CONFLICT"",""message"":""Duplicate idempotency key \'u2286141562256-31673fd3fc7b426b\' used with conflicting reservation parameters.""}')",1
atomic_update_read_heavy_c50_rep2,atomic_update,read_heavy,50,/items/:id/reserve [POST],"CatchResponseError('Conflict error: {""error_code"":""IDEMPOTENCY_CONFLICT"",""message"":""Duplicate idempotency key \'u2286140570320-42dc2a6dbd804483\' used with conflicting reservation parameters.""}')",1
atomic_update_read_heavy_c50_rep2,atomic_update,read_heavy,50,/items/:id/reserve [POST],"CatchResponseError('Conflict error: {""error_code"":""IDEMPOTENCY_CONFLICT"",""message"":""Duplicate idempotency key \'u2286141559568-3a590f3e167b4dd7\' used with conflicting reservation parameters.""}')",1
atomic_update_read_heavy_c50_rep2,atomic_update,read_heavy,50,/items/:id/reserve [POST],"CatchResponseError('Conflict error: {""error_code"":""IDEMPOTENCY_CONFLICT"",""message"":""Duplicate idempotency key \'u2286140662288-97434f8a93814a72\' used with conflicting reservation parameters.""}')",1
atomic_update_read_heavy_c50_rep2,atomic_update,read_heavy,50,/items/:id/reserve [POST],"CatchResponseError('Conflict error: {""error_code"":""IDEMPOTENCY_CONFLICT"",""message"":""Duplicate idempotency key \'u2286140661904-ee54cb972fa04127\' used with conflicting reservation parameters.""}')",1
atomic_update_read_heavy_c50_rep2,atomic_update,read_heavy,50,/items/:id/reserve [POST],"CatchResponseError('Conflict error: {""error_code"":""IDEMPOTENCY_CONFLICT"",""message"":""Duplicate idempotency key \'u2286140411968-0136a8ea09de41e2\' used with conflicting reservation parameters.""}')",1
atomic_update_read_heavy_c50_rep2,atomic_update,read_heavy,50,/items/:id/reserve [POST],"CatchResponseError('Conflict error: {""error_code"":""IDEMPOTENCY_CONFLICT"",""message"":""Duplicate idempotency key \'u2286140661904-c45f126093814f22\' used with conflicting reservation parameters.""}')",1
atomic_update_read_heavy_c50_rep2,atomic_update,read_heavy,50,/items/:id/reserve [POST],"CatchResponseError('Conflict error: {""error_code"":""IDEMPOTENCY_CONFLICT"",""message"":""Duplicate idempotency key \'u2286140661520-6282014119a44443\' used with conflicting reservation parameters.""}')",1
atomic_update_read_heavy_c50_rep2,atomic_update,read_heavy,50,/items/:id/reserve [POST],"CatchResponseError('Conflict error: {""error_code"":""IDEMPOTENCY_CONFLICT"",""message"":""Duplicate idempotency key \'u2286140663440-355cacbfb98a47d5\' used with conflicting reservation parameters.""}')",1
atomic_update_read_heavy_c50_rep2,atomic_update,read_heavy,50,/items/:id/reserve [POST],"CatchResponseError('Conflict error: {""error_code"":""IDEMPOTENCY_CONFLICT"",""message"":""Duplicate idempotency key \'u2286140658640-ca3a926dc4fd4b7d\' used with conflicting reservation parameters.""}')",1
atomic_update_read_heavy_c5_rep1,atomic_update,read_heavy,5,/items/:id/reserve [POST],"CatchResponseError('Conflict error: {""error_code"":""IDEMPOTENCY_CONFLICT"",""message"":""Duplicate idempotency key \'u1875429496528-409232454661490a\' used with conflicting reservation parameters.""}')",1
atomic_update_read_heavy_c5_rep1,atomic_update,read_heavy,5,/items/:id/reserve [POST],"CatchResponseError('Conflict error: {""error_code"":""IDEMPOTENCY_CONFLICT"",""message"":""Duplicate idempotency key \'u1875429496528-e7b6503af6ad4e21\' used with conflicting reservation parameters.""}')",1
atomic_update_read_heavy_c5_rep1,atomic_update,read_heavy,5,/items/:id/reserve [POST],"CatchResponseError('Conflict error: {""error_code"":""IDEMPOTENCY_CONFLICT"",""message"":""Duplicate idempotency key \'u1875429497488-2cbf0b1792354480\' used with conflicting reservation parameters.""}')",1
atomic_update_read_heavy_c5_rep1,atomic_update,read_heavy,5,/items/:id/reserve [POST],"CatchResponseError('Conflict error: {""error_code"":""IDEMPOTENCY_CONFLICT"",""message"":""Duplicate idempotency key \'u1875429496528-379e7e84bf084ca0\' used with conflicting reservation parameters.""}')",1
atomic_update_read_heavy_c5_rep1,atomic_update,read_heavy,5,/items/:id/reserve [POST],"CatchResponseError('Conflict error: {""error_code"":""IDEMPOTENCY_CONFLICT"",""message"":""Duplicate idempotency key \'u1875429848208-2321963debeb4bbf\' used with conflicting reservation parameters.""}')",1
atomic_update_read_heavy_c5_rep1,atomic_update,read_heavy,5,/items/:id/reserve [POST],"CatchResponseError('Conflict error: {""error_code"":""IDEMPOTENCY_CONFLICT"",""message"":""Duplicate idempotency key \'u1875429850336-2481d96c00a24f4a\' used with conflicting reservation parameters.""}')",1
atomic_update_read_heavy_c5_rep1,atomic_update,read_heavy,5,/items/:id/reserve [POST],"CatchResponseError('Conflict error: {""error_code"":""IDEMPOTENCY_CONFLICT"",""message"":""Duplicate idempotency key \'u1875428969168-3c2473de6d444489\' used with conflicting reservation parameters.""}')",1
atomic_update_read_heavy_c5_rep1,atomic_update,read_heavy,5,/items/:id/reserve [POST],"CatchResponseError('Conflict error: {""error_code"":""IDEMPOTENCY_CONFLICT"",""message"":""Duplicate idempotency key \'u1875429496528-24a47793d7444857\' used with conflicting reservation parameters.""}')",1
atomic_update_read_heavy_c5_rep1,atomic_update,read_heavy,5,/items/:id/reserve [POST],"CatchResponseError('Conflict error: {""error_code"":""IDEMPOTENCY_CONFLICT"",""message"":""Duplicate idempotency key \'u1875428969168-eca39db3c2154e28\' used with conflicting reservation parameters.""}')",1
atomic_update_read_heavy_c5_rep1,atomic_update,read_heavy,5,/items/:id/reserve [POST],"CatchResponseError('Conflict error: {""error_code"":""IDEMPOTENCY_CONFLICT"",""message"":""Duplicate idempotency key \'u1875428969168-29b4d8e08fe34545\' used with conflicting reservation parameters.""}')",1
atomic_update_read_heavy_c5_rep1,atomic_update,read_heavy,5,/items/:id/reserve [POST],"CatchResponseError('Conflict error: {""error_code"":""IDEMPOTENCY_CONFLICT"",""message"":""Duplicate idempotency key \'u1875429848208-0b1278cabc3443e6\' used with conflicting reservation parameters.""}')",1
atomic_update_read_heavy_c5_rep1,atomic_update,read_heavy,5,/items/:id/reserve [POST],"CatchResponseError('Conflict error: {""error_code"":""IDEMPOTENCY_CONFLICT"",""message"":""Duplicate idempotency key \'u1875429848208-989817bc780c4777\' used with conflicting reservation parameters.""}')",1
atomic_update_read_heavy_c5_rep1,atomic_update,read_heavy,5,/items/:id/reserve [POST],"CatchResponseError('Conflict error: {""error_code"":""IDEMPOTENCY_CONFLICT"",""message"":""Duplicate idempotency key \'u1875429497488-1ddce89ce152439d\' used with conflicting reservation parameters.""}')",1
atomic_update_read_heavy_c5_rep1,atomic_update,read_heavy,5,/items/:id/reserve [POST],"CatchResponseError('Conflict error: {""error_code"":""IDEMPOTENCY_CONFLICT"",""message"":""Duplicate idempotency key \'u1875429496528-7b8a47d2d22f4ed2\' used with conflicting reservation parameters.""}')",1
atomic_update_read_heavy_c5_rep1,atomic_update,read_heavy,5,/items/:id/reserve [POST],"CatchResponseError('Conflict error: {""error_code"":""IDEMPOTENCY_CONFLICT"",""message"":""Duplicate idempotency key \'u1875429850336-38c535e5975b4785\' used with conflicting reservation parameters.""}')",1
atomic_update_read_heavy_c5_rep1,atomic_update,read_heavy,5,/items/:id/reserve [POST],"CatchResponseError('Conflict error: {""error_code"":""IDEMPOTENCY_CONFLICT"",""message"":""Duplicate idempotency key \'u1875428969168-914b47b33839470f\' used with conflicting reservation parameters.""}')",1
atomic_update_read_heavy_c5_rep1,atomic_update,read_heavy,5,/items/:id/reserve [POST],"CatchResponseError('Conflict error: {""error_code"":""IDEMPOTENCY_CONFLICT"",""message"":""Duplicate idempotency key \'u1875429848208-e46495b4fb074d25\' used with conflicting reservation parameters.""}')",1
atomic_update_read_heavy_c5_rep1,atomic_update,read_heavy,5,/items/:id/reserve [POST],"CatchResponseError('Conflict error: {""error_code"":""IDEMPOTENCY_CONFLICT"",""message"":""Duplicate idempotency key \'u1875429848208-54aed1c1559d446b\' used with conflicting reservation parameters.""}')",1
atomic_update_read_heavy_c5_rep1,atomic_update,read_heavy,5,/items/:id/reserve [POST],"CatchResponseError('Conflict error: {""error_code"":""IDEMPOTENCY_CONFLICT"",""message"":""Duplicate idempotency key \'u1875429848208-f7017f32b38c4b96\' used with conflicting reservation parameters.""}')",1
atomic_update_read_heavy_c5_rep2,atomic_update,read_heavy,5,/items/:id/reserve [POST],"CatchResponseError('Conflict error: {""error_code"":""IDEMPOTENCY_CONFLICT"",""message"":""Duplicate idempotency key \'u2794613447312-0eb713547c91428c\' used with conflicting reservation parameters.""}')",1
atomic_update_read_heavy_c5_rep2,atomic_update,read_heavy,5,/items/:id/reserve [POST],"CatchResponseError('Conflict error: {""error_code"":""IDEMPOTENCY_CONFLICT"",""message"":""Duplicate idempotency key \'u2794612918992-f80317a9e0674091\' used with conflicting reservation parameters.""}')",1
atomic_update_read_heavy_c5_rep2,atomic_update,read_heavy,5,/items/:id/reserve [POST],"CatchResponseError('Conflict error: {""error_code"":""IDEMPOTENCY_CONFLICT"",""message"":""Duplicate idempotency key \'u2794613447312-11fd61b57c684f7e\' used with conflicting reservation parameters.""}')",1
atomic_update_read_heavy_c5_rep2,atomic_update,read_heavy,5,/items/:id/reserve [POST],"CatchResponseError('Conflict error: {""error_code"":""IDEMPOTENCY_CONFLICT"",""message"":""Duplicate idempotency key \'u2794613798032-c0a1fbe5ef124eeb\' used with conflicting reservation parameters.""}')",1
atomic_update_read_heavy_c5_rep2,atomic_update,read_heavy,5,/items/:id/reserve [POST],"CatchResponseError('Conflict error: {""error_code"":""IDEMPOTENCY_CONFLICT"",""message"":""Duplicate idempotency key \'u2794613798032-71ee3716853c4b00\' used with conflicting reservation parameters.""}')",1
atomic_update_read_heavy_c5_rep2,atomic_update,read_heavy,5,/items/:id/reserve [POST],"CatchResponseError('Conflict error: {""error_code"":""IDEMPOTENCY_CONFLICT"",""message"":""Duplicate idempotency key \'u2794613800160-7ad5e667c2aa4328\' used with conflicting reservation parameters.""}')",1
atomic_update_read_heavy_c5_rep2,atomic_update,read_heavy,5,/items/:id/reserve [POST],"CatchResponseError('Conflict error: {""error_code"":""IDEMPOTENCY_CONFLICT"",""message"":""Duplicate idempotency key \'u2794612918992-6cf03fb60d464aa3\' used with conflicting reservation parameters.""}')",1
atomic_update_read_heavy_c5_rep2,atomic_update,read_heavy,5,/items/:id/reserve [POST],"CatchResponseError('Conflict error: {""error_code"":""IDEMPOTENCY_CONFLICT"",""message"":""Duplicate idempotency key \'u2794612918992-61e652528cf749e3\' used with conflicting reservation parameters.""}')",1
atomic_update_read_heavy_c5_rep2,atomic_update,read_heavy,5,/items/:id/reserve [POST],"CatchResponseError('Conflict error: {""error_code"":""IDEMPOTENCY_CONFLICT"",""message"":""Duplicate idempotency key \'u2794613798032-dd2f8d0fd8f041be\' used with conflicting reservation parameters.""}')",1
atomic_update_read_heavy_c5_rep2,atomic_update,read_heavy,5,/items/:id/reserve [POST],"CatchResponseError('Conflict error: {""error_code"":""IDEMPOTENCY_CONFLICT"",""message"":""Duplicate idempotency key \'u2794613800160-1270a6b22606418e\' used with conflicting reservation parameters.""}')",1
atomic_update_read_heavy_c5_rep2,atomic_update,read_heavy,5,/items/:id/reserve [POST],"CatchResponseError('Conflict error: {""error_code"":""IDEMPOTENCY_CONFLICT"",""message"":""Duplicate idempotency key \'u2794613798032-01a1d9ef3ba24b41\' used with conflicting reservation parameters.""}')",1
atomic_update_read_heavy_c5_rep2,atomic_update,read_heavy,5,/items/:id/reserve [POST],"CatchResponseError('Conflict error: {""error_code"":""IDEMPOTENCY_CONFLICT"",""message"":""Duplicate idempotency key \'u2794613798032-cc0e3fed256e4b04\' used with conflicting reservation parameters.""}')",1
atomic_update_read_heavy_c5_rep2,atomic_update,read_heavy,5,/items/:id/reserve [POST],"CatchResponseError('Conflict error: {""error_code"":""IDEMPOTENCY_CONFLICT"",""message"":""Duplicate idempotency key \'u2794613447312-88cb902ada33480f\' used with conflicting reservation parameters.""}')",1
atomic_update_read_heavy_c5_rep2,atomic_update,read_heavy,5,/items/:id/reserve [POST],"CatchResponseError('Conflict error: {""error_code"":""IDEMPOTENCY_CONFLICT"",""message"":""Duplicate idempotency key \'u2794613446352-0df0a01cdeea427d\' used with conflicting reservation parameters.""}')",1
atomic_update_read_heavy_c5_rep2,atomic_update,read_heavy,5,/items/:id/reserve [POST],"CatchResponseError('Conflict error: {""error_code"":""IDEMPOTENCY_CONFLICT"",""message"":""Duplicate idempotency key \'u2794613800160-b5b6869ca7bc441e\' used with conflicting reservation parameters.""}')",1
atomic_update_read_heavy_c5_rep2,atomic_update,read_heavy,5,/items/:id/reserve [POST],"CatchResponseError('Conflict error: {""error_code"":""IDEMPOTENCY_CONFLICT"",""message"":""Duplicate idempotency key \'u2794612918992-4ce5a9c4e70a42df\' used with conflicting reservation parameters.""}')",1
atomic_update_read_heavy_c5_rep2,atomic_update,read_heavy,5,/items/:id/reserve [POST],"CatchResponseError('Conflict error: {""error_code"":""IDEMPOTENCY_CONFLICT"",""message"":""Duplicate idempotency key \'u2794613798032-5ff1a85ac90a403b\' used with conflicting reservation parameters.""}')",1
atomic_update_read_heavy_c5_rep2,atomic_update,read_heavy,5,/items/:id/reserve [POST],"CatchResponseError('Conflict error: {""error_code"":""IDEMPOTENCY_CONFLICT"",""message"":""Duplicate idempotency key \'u2794613800160-f253c9aca46c45ca\' used with conflicting reservation parameters.""}')",1
atomic_update_read_heavy_c5_rep2,atomic_update,read_heavy,5,/items/:id/reserve [POST],"CatchResponseError('Conflict error: {""error_code"":""IDEMPOTENCY_CONFLICT"",""message"":""Duplicate idempotency key \'u2794612918992-bd8f991f9a4c4bc1\' used with conflicting reservation parameters.""}')",1
atomic_update_read_heavy_c5_rep2,atomic_update,read_heavy,5,/items/:id/reserve [POST],"CatchResponseError('Conflict error: {""error_code"":""IDEMPOTENCY_CONFLICT"",""message"":""Duplicate idempotency key \'u2794612918992-9bef17ae6ee54621\' used with conflicting reservation parameters.""}')",1
atomic_update_read_heavy_c5_rep2,atomic_update,read_heavy,5,/items/:id/reserve [POST],"CatchResponseError('Conflict error: {""error_code"":""IDEMPOTENCY_CONFLICT"",""message"":""Duplicate idempotency key \'u2794613798032-c622121cfeb74b3d\' used with conflicting reservation parameters.""}')",1
atomic_update_read_heavy_c5_rep2,atomic_update,read_heavy,5,/items/:id/reserve [POST],"CatchResponseError('Conflict error: {""error_code"":""IDEMPOTENCY_CONFLICT"",""message"":""Duplicate idempotency key \'u2794612918992-89a9b8af465a466a\' used with conflicting reservation parameters.""}')",1
atomic_update_read_heavy_c5_rep2,atomic_update,read_heavy,5,/items/:id/reserve [POST],"CatchResponseError('Conflict error: {""error_code"":""IDEMPOTENCY_CONFLICT"",""message"":""Duplicate idempotency key \'u2794613446352-b25b34b86b734df3\' used with conflicting reservation parameters.""}')",1
atomic_update_read_heavy_c5_rep2,atomic_update,read_heavy,5,/items/:id/reserve [POST],"CatchResponseError('Conflict error: {""error_code"":""IDEMPOTENCY_CONFLICT"",""message"":""Duplicate idempotency key \'u2794613446352-5c9b09fc8eb14bad\' used with conflicting reservation parameters.""}')",1
atomic_update_read_heavy_c5_rep2,atomic_update,read_heavy,5,/items/:id/reserve [POST],"CatchResponseError('Conflict error: {""error_code"":""IDEMPOTENCY_CONFLICT"",""message"":""Duplicate idempotency key \'u2794613800160-0a1ec63164104798\' used with conflicting reservation parameters.""}')",1
atomic_update_read_heavy_c5_rep2,atomic_update,read_heavy,5,/items/:id/reserve [POST],"CatchResponseError('Conflict error: {""error_code"":""IDEMPOTENCY_CONFLICT"",""message"":""Duplicate idempotency key \'u2794613447312-b37a5ec71a5a4438\' used with conflicting reservation parameters.""}')",1
atomic_update_read_heavy_c5_rep2,atomic_update,read_heavy,5,/items/:id/reserve [POST],"CatchResponseError('Conflict error: {""error_code"":""IDEMPOTENCY_CONFLICT"",""message"":""Duplicate idempotency key \'u2794613446352-195625316c34419a\' used with conflicting reservation parameters.""}')",1
atomic_update_read_heavy_c5_rep2,atomic_update,read_heavy,5,/items/:id/reserve [POST],"CatchResponseError('Conflict error: {""error_code"":""IDEMPOTENCY_CONFLICT"",""message"":""Duplicate idempotency key \'u2794612918992-54be0f516094437c\' used with conflicting reservation parameters.""}')",1
atomic_update_spike_c100_rep1,atomic_update,spike,100,/items/:id/reserve [POST],"CatchResponseError('Conflict error: {""error_code"":""IDEMPOTENCY_CONFLICT"",""message"":""Duplicate idempotency key \'u2200073098384-f0dcaad9634a4e45\' used with conflicting reservation parameters.""}')",1
atomic_update_spike_c100_rep1,atomic_update,spike,100,/items/:id/reserve [POST],"CatchResponseError('Conflict error: {""error_code"":""IDEMPOTENCY_CONFLICT"",""message"":""Duplicate idempotency key \'u2200078885968-89e3d5d2212f4579\' used with conflicting reservation parameters.""}')",1
atomic_update_spike_c100_rep1,atomic_update,spike,100,/items/:id/reserve [POST],"CatchResponseError('Conflict error: {""error_code"":""IDEMPOTENCY_CONFLICT"",""message"":""Duplicate idempotency key \'u2200079078160-a5d4349a39fe48b3\' used with conflicting reservation parameters.""}')",1
atomic_update_spike_c100_rep1,atomic_update,spike,100,/items/:id/reserve [POST],"CatchResponseError('Conflict error: {""error_code"":""IDEMPOTENCY_CONFLICT"",""message"":""Duplicate idempotency key \'u2200078889424-b40bf8ce97cd4308\' used with conflicting reservation parameters.""}')",1
atomic_update_spike_c100_rep1,atomic_update,spike,100,/items/:id/reserve [POST],"CatchResponseError('Conflict error: {""error_code"":""IDEMPOTENCY_CONFLICT"",""message"":""Duplicate idempotency key \'u2200079085456-cac951bf6eb043d2\' used with conflicting reservation parameters.""}')",2
atomic_update_spike_c100_rep1,atomic_update,spike,100,/items/:id/reserve [POST],"CatchResponseError('Conflict error: {""error_code"":""IDEMPOTENCY_CONFLICT"",""message"":""Duplicate idempotency key \'u2200079086800-b46f4c8fcb2e4482\' used with conflicting reservation parameters.""}')",2
atomic_update_spike_c100_rep1,atomic_update,spike,100,/items/:id/reserve [POST],"CatchResponseError('Conflict error: {""error_code"":""IDEMPOTENCY_CONFLICT"",""message"":""Duplicate idempotency key \'u2200079081040-54860734b115491e\' used with conflicting reservation parameters.""}')",1
atomic_update_spike_c100_rep1,atomic_update,spike,100,/items/:id/reserve [POST],"CatchResponseError('Conflict error: {""error_code"":""IDEMPOTENCY_CONFLICT"",""message"":""Duplicate idempotency key \'u2200078884816-d835e5b35fe741fe\' used with conflicting reservation parameters.""}')",1
atomic_update_spike_c100_rep1,atomic_update,spike,100,/items/:id/reserve [POST],"CatchResponseError('Conflict error: {""error_code"":""IDEMPOTENCY_CONFLICT"",""message"":""Duplicate idempotency key \'u2200073420240-b4fe855f783046ba\' used with conflicting reservation parameters.""}')",1
atomic_update_spike_c100_rep1,atomic_update,spike,100,/items/:id/reserve [POST],"CatchResponseError('Conflict error: {""error_code"":""IDEMPOTENCY_CONFLICT"",""message"":""Duplicate idempotency key \'u2200073418320-7c9052f8bab249c4\' used with conflicting reservation parameters.""}')",2
atomic_update_spike_c100_rep1,atomic_update,spike,100,/items/:id/reserve [POST],"CatchResponseError('Conflict error: {""error_code"":""IDEMPOTENCY_CONFLICT"",""message"":""Duplicate idempotency key \'u2200079078736-59a2fae7727e4bb8\' used with conflicting reservation parameters.""}')",1
atomic_update_spike_c100_rep1,atomic_update,spike,100,/items/:id/reserve [POST],"CatchResponseError('Conflict error: {""error_code"":""IDEMPOTENCY_CONFLICT"",""message"":""Duplicate idempotency key \'u2200073419088-c1b4819e573a44ac\' used with conflicting reservation parameters.""}')",1
atomic_update_spike_c100_rep1,atomic_update,spike,100,/items/:id/reserve [POST],"CatchResponseError('Conflict error: {""error_code"":""IDEMPOTENCY_CONFLICT"",""message"":""Duplicate idempotency key \'u2200073419856-93294dba86e042b4\' used with conflicting reservation parameters.""}')",1
atomic_update_spike_c100_rep1,atomic_update,spike,100,/items/:id/reserve [POST],"CatchResponseError('Conflict error: {""error_code"":""IDEMPOTENCY_CONFLICT"",""message"":""Duplicate idempotency key \'u2200073083536-5ab65c5f87de48d6\' used with conflicting reservation parameters.""}')",1
atomic_update_spike_c100_rep1,atomic_update,spike,100,/items/:id/reserve [POST],"CatchResponseError('Conflict error: {""error_code"":""IDEMPOTENCY_CONFLICT"",""message"":""Duplicate idempotency key \'u2200073417168-7755d1f42c35490b\' used with conflicting reservation parameters.""}')",1
atomic_update_spike_c100_rep1,atomic_update,spike,100,/items/:id/reserve [POST],"CatchResponseError('Conflict error: {""error_code"":""IDEMPOTENCY_CONFLICT"",""message"":""Duplicate idempotency key \'u2200073412368-26463372ec17467f\' used with conflicting reservation parameters.""}')",1
atomic_update_spike_c100_rep1,atomic_update,spike,100,/items/:id/reserve [POST],"CatchResponseError('Conflict error: {""error_code"":""IDEMPOTENCY_CONFLICT"",""message"":""Duplicate idempotency key \'u2200073321168-9813e36d5e1f4900\' used with conflicting reservation parameters.""}')",1
atomic_update_spike_c100_rep1,atomic_update,spike,100,/items/:id/reserve [POST],"CatchResponseError('Conflict error: {""error_code"":""IDEMPOTENCY_CONFLICT"",""message"":""Duplicate idempotency key \'u2200079085648-a63524d841dc44b1\' used with conflicting reservation parameters.""}')",1
atomic_update_spike_c100_rep1,atomic_update,spike,100,/items/:id/reserve [POST],"CatchResponseError('Conflict error: {""error_code"":""IDEMPOTENCY_CONFLICT"",""message"":""Duplicate idempotency key \'u2200074728848-6e8cc4ca6c4943f3\' used with conflicting reservation parameters.""}')",2
atomic_update_spike_c100_rep1,atomic_update,spike,100,/items/:id/reserve [POST],"CatchResponseError('Conflict error: {""error_code"":""IDEMPOTENCY_CONFLICT"",""message"":""Duplicate idempotency key \'u2200079088912-f196b29a29cb470b\' used with conflicting reservation parameters.""}')",1
atomic_update_spike_c100_rep1,atomic_update,spike,100,/items/:id/reserve [POST],"CatchResponseError('Conflict error: {""error_code"":""IDEMPOTENCY_CONFLICT"",""message"":""Duplicate idempotency key \'u2200073082576-2fc1853691254be2\' used with conflicting reservation parameters.""}')",1
atomic_update_spike_c100_rep1,atomic_update,spike,100,/items/:id/reserve [POST],"CatchResponseError('Conflict error: {""error_code"":""IDEMPOTENCY_CONFLICT"",""message"":""Duplicate idempotency key \'u2200079086992-c8c6b218892044e6\' used with conflicting reservation parameters.""}')",1
atomic_update_spike_c100_rep1,atomic_update,spike,100,/items/:id/reserve [POST],"CatchResponseError('Conflict error: {""error_code"":""IDEMPOTENCY_CONFLICT"",""message"":""Duplicate idempotency key \'u2200079081040-2f89c1ac10a34456\' used with conflicting reservation parameters.""}')",1
atomic_update_spike_c100_rep2,atomic_update,spike,100,/items/:id/reserve [POST],"CatchResponseError('Conflict error: {""error_code"":""IDEMPOTENCY_CONFLICT"",""message"":""Duplicate idempotency key \'u1897010096048-b16f53cda60c485c\' used with conflicting reservation parameters.""}')",1
atomic_update_spike_c100_rep2,atomic_update,spike,100,/items/:id/reserve [POST],"CatchResponseError('Conflict error: {""error_code"":""IDEMPOTENCY_CONFLICT"",""message"":""Duplicate idempotency key \'u1897010245712-e6407a9b6d3144af\' used with conflicting reservation parameters.""}')",1
atomic_update_spike_c100_rep2,atomic_update,spike,100,/items/:id/reserve [POST],"CatchResponseError('Conflict error: {""error_code"":""IDEMPOTENCY_CONFLICT"",""message"":""Duplicate idempotency key \'u1897009912464-6bf75c77de144b15\' used with conflicting reservation parameters.""}')",1
atomic_update_spike_c100_rep2,atomic_update,spike,100,/items/:id/reserve [POST],"CatchResponseError('Conflict error: {""error_code"":""IDEMPOTENCY_CONFLICT"",""message"":""Duplicate idempotency key \'u1897010825744-46a4c62322874f75\' used with conflicting reservation parameters.""}')",1
atomic_update_spike_c100_rep2,atomic_update,spike,100,/items/:id/reserve [POST],"CatchResponseError('Conflict error: {""error_code"":""IDEMPOTENCY_CONFLICT"",""message"":""Duplicate idempotency key \'u1897011556624-c65a96e803f54e6d\' used with conflicting reservation parameters.""}')",1
atomic_update_spike_c100_rep2,atomic_update,spike,100,/items/:id/reserve [POST],"CatchResponseError('Conflict error: {""error_code"":""IDEMPOTENCY_CONFLICT"",""message"":""Duplicate idempotency key \'u1897016069584-df59f73568ca44c6\' used with conflicting reservation parameters.""}')",1
atomic_update_spike_c100_rep2,atomic_update,spike,100,/items/:id/reserve [POST],"CatchResponseError('Conflict error: {""error_code"":""IDEMPOTENCY_CONFLICT"",""message"":""Duplicate idempotency key \'u1897016074384-9fea4f66b31f4925\' used with conflicting reservation parameters.""}')",1
atomic_update_spike_c100_rep2,atomic_update,spike,100,/items/:id/reserve [POST],"CatchResponseError('Conflict error: {""error_code"":""IDEMPOTENCY_CONFLICT"",""message"":""Duplicate idempotency key \'u1897015863120-d0f7d86109ad416b\' used with conflicting reservation parameters.""}')",1
atomic_update_spike_c100_rep2,atomic_update,spike,100,/items/:id/reserve [POST],"CatchResponseError('Conflict error: {""error_code"":""IDEMPOTENCY_CONFLICT"",""message"":""Duplicate idempotency key \'u1897010248400-1a7527b0921c4997\' used with conflicting reservation parameters.""}')",1
atomic_update_spike_c100_rep2,atomic_update,spike,100,/items/:id/reserve [POST],"CatchResponseError('Conflict error: {""error_code"":""IDEMPOTENCY_CONFLICT"",""message"":""Duplicate idempotency key \'u1897015855824-746df482d9254edf\' used with conflicting reservation parameters.""}')",1
atomic_update_spike_c100_rep2,atomic_update,spike,100,/items/:id/reserve [POST],"CatchResponseError('Conflict error: {""error_code"":""IDEMPOTENCY_CONFLICT"",""message"":""Duplicate idempotency key \'u1897010263184-9eb5eb00495c416a\' used with conflicting reservation parameters.""}')",1
atomic_update_spike_c100_rep2,atomic_update,spike,100,/items/:id/reserve [POST],"CatchResponseError('Conflict error: {""error_code"":""IDEMPOTENCY_CONFLICT"",""message"":""Duplicate idempotency key \'u1897009912464-8184dff5fc654a41\' used with conflicting reservation parameters.""}')",1
atomic_update_spike_c100_rep2,atomic_update,spike,100,/items/:id/reserve [POST],"CatchResponseError('Conflict error: {""error_code"":""IDEMPOTENCY_CONFLICT"",""message"":""Duplicate idempotency key \'u1897011559312-c98b37bc98b64167\' used with conflicting reservation parameters.""}')",1
atomic_update_spike_c100_rep2,atomic_update,spike,100,/items/:id/reserve [POST],"CatchResponseError('Conflict error: {""error_code"":""IDEMPOTENCY_CONFLICT"",""message"":""Duplicate idempotency key \'u1897016081680-d4ba082cc1a14a72\' used with conflicting reservation parameters.""}')",1
atomic_update_spike_c100_rep2,atomic_update,spike,100,/items/:id/reserve [POST],"CatchResponseError('Conflict error: {""error_code"":""IDEMPOTENCY_CONFLICT"",""message"":""Duplicate idempotency key \'u1897010823824-e9a4e513b39d45bf\' used with conflicting reservation parameters.""}')",1
atomic_update_spike_c100_rep2,atomic_update,spike,100,/items/:id/reserve [POST],"CatchResponseError('Conflict error: {""error_code"":""IDEMPOTENCY_CONFLICT"",""message"":""Duplicate idempotency key \'u1897016074960-85ebddde85fd4640\' used with conflicting reservation parameters.""}')",1
atomic_update_spike_c100_rep2,atomic_update,spike,100,/items/:id/reserve [POST],"CatchResponseError('Conflict error: {""error_code"":""IDEMPOTENCY_CONFLICT"",""message"":""Duplicate idempotency key \'u1897016072272-d7846dca2a634ccf\' used with conflicting reservation parameters.""}')",1
atomic_update_spike_c100_rep2,atomic_update,spike,100,/items/:id/reserve [POST],"CatchResponseError('Conflict error: {""error_code"":""IDEMPOTENCY_CONFLICT"",""message"":""Duplicate idempotency key \'u1897010248400-123332ff2fb14d06\' used with conflicting reservation parameters.""}')",1
atomic_update_spike_c100_rep2,atomic_update,spike,100,/items/:id/reserve [POST],"CatchResponseError('Conflict error: {""error_code"":""IDEMPOTENCY_CONFLICT"",""message"":""Duplicate idempotency key \'u1897009425648-81952fd4ee9347e3\' used with conflicting reservation parameters.""}')",1
atomic_update_spike_c100_rep2,atomic_update,spike,100,/items/:id/reserve [POST],"CatchResponseError('Conflict error: {""error_code"":""IDEMPOTENCY_CONFLICT"",""message"":""Duplicate idempotency key \'u1897016069584-151dd57740454e83\' used with conflicting reservation parameters.""}')",1
atomic_update_spike_c100_rep2,atomic_update,spike,100,/items/:id/reserve [POST],"CatchResponseError('Conflict error: {""error_code"":""IDEMPOTENCY_CONFLICT"",""message"":""Duplicate idempotency key \'u1897010829200-8671b8f66c564667\' used with conflicting reservation parameters.""}')",1
atomic_update_spike_c100_rep2,atomic_update,spike,100,/items/:id/reserve [POST],"CatchResponseError('Conflict error: {""error_code"":""IDEMPOTENCY_CONFLICT"",""message"":""Duplicate idempotency key \'u1897016076112-76f48a495c134c7c\' used with conflicting reservation parameters.""}')",1
atomic_update_spike_c100_rep2,atomic_update,spike,100,/items/:id/reserve [POST],"CatchResponseError('Conflict error: {""error_code"":""IDEMPOTENCY_CONFLICT"",""message"":""Duplicate idempotency key \'u1897010837840-f9d21088ba8d4fd5\' used with conflicting reservation parameters.""}')",1
atomic_update_spike_c100_rep2,atomic_update,spike,100,/items/:id/reserve [POST],"CatchResponseError('Conflict error: {""error_code"":""IDEMPOTENCY_CONFLICT"",""message"":""Duplicate idempotency key \'u1897016081104-c188ae4ffc404fae\' used with conflicting reservation parameters.""}')",1
atomic_update_spike_c100_rep2,atomic_update,spike,100,/items/:id/reserve [POST],"CatchResponseError('Conflict error: {""error_code"":""IDEMPOTENCY_CONFLICT"",""message"":""Duplicate idempotency key \'u1897009927312-e43cb0857d7f4e41\' used with conflicting reservation parameters.""}')",1
atomic_update_spike_c100_rep2,atomic_update,spike,100,/items/:id/reserve [POST],"CatchResponseError('Conflict error: {""error_code"":""IDEMPOTENCY_CONFLICT"",""message"":""Duplicate idempotency key \'u1897010240912-8d63ebbd60c54a04\' used with conflicting reservation parameters.""}')",1
atomic_update_spike_c100_rep2,atomic_update,spike,100,/items/:id/reserve [POST],"CatchResponseError('Conflict error: {""error_code"":""IDEMPOTENCY_CONFLICT"",""message"":""Duplicate idempotency key \'u1897010824592-29f4a4fc74cb489d\' used with conflicting reservation parameters.""}')",1
atomic_update_spike_c100_rep2,atomic_update,spike,100,/items/:id/reserve [POST],"CatchResponseError('Conflict error: {""error_code"":""IDEMPOTENCY_CONFLICT"",""message"":""Duplicate idempotency key \'u1897010824592-f3a5d705fb6d4088\' used with conflicting reservation parameters.""}')",1
atomic_update_spike_c100_rep2,atomic_update,spike,100,/items/:id/reserve [POST],"CatchResponseError('Conflict error: {""error_code"":""IDEMPOTENCY_CONFLICT"",""message"":""Duplicate idempotency key \'u1897015868496-23a33e0c615543f8\' used with conflicting reservation parameters.""}')",1
atomic_update_spike_c100_rep2,atomic_update,spike,100,/items/:id/reserve [POST],"CatchResponseError('Conflict error: {""error_code"":""IDEMPOTENCY_CONFLICT"",""message"":""Duplicate idempotency key \'u1897010244944-b18dcd22569a4326\' used with conflicting reservation parameters.""}')",1
atomic_update_spike_c100_rep2,atomic_update,spike,100,/items/:id/reserve [POST],"CatchResponseError('Conflict error: {""error_code"":""IDEMPOTENCY_CONFLICT"",""message"":""Duplicate idempotency key \'u1897016069584-bafc0e0f957649fb\' used with conflicting reservation parameters.""}')",1
atomic_update_spike_c100_rep2,atomic_update,spike,100,/items/:id/reserve [POST],"CatchResponseError('Conflict error: {""error_code"":""IDEMPOTENCY_CONFLICT"",""message"":""Duplicate idempotency key \'u1897010263184-916be6adf11e4c75\' used with conflicting reservation parameters.""}')",1
atomic_update_spike_c100_rep2,atomic_update,spike,100,/items/:id/reserve [POST],"CatchResponseError('Conflict error: {""error_code"":""IDEMPOTENCY_CONFLICT"",""message"":""Duplicate idempotency key \'u1897010238416-b66d44a27f874fba\' used with conflicting reservation parameters.""}')",1
atomic_update_spike_c100_rep2,atomic_update,spike,100,/items/:id/reserve [POST],"CatchResponseError('Conflict error: {""error_code"":""IDEMPOTENCY_CONFLICT"",""message"":""Duplicate idempotency key \'u1897010829200-fa360cde7b114c9b\' used with conflicting reservation parameters.""}')",1
atomic_update_spike_c100_rep2,atomic_update,spike,100,/items/:id/reserve [POST],"CatchResponseError('Conflict error: {""error_code"":""IDEMPOTENCY_CONFLICT"",""message"":""Duplicate idempotency key \'u1897011558544-41b590badbdb40a3\' used with conflicting reservation parameters.""}')",1
atomic_update_spike_c100_rep2,atomic_update,spike,100,/items/:id/reserve [POST],"CatchResponseError('Conflict error: {""error_code"":""IDEMPOTENCY_CONFLICT"",""message"":""Duplicate idempotency key \'u1897010094128-6970a53cb9624907\' used with conflicting reservation parameters.""}')",1
atomic_update_spike_c100_rep2,atomic_update,spike,100,/items/:id/reserve [POST],"CatchResponseError('Conflict error: {""error_code"":""IDEMPOTENCY_CONFLICT"",""message"":""Duplicate idempotency key \'u1897010096048-e9ed0419110547ed\' used with conflicting reservation parameters.""}')",2
atomic_update_spike_c20_rep1,atomic_update,spike,20,/items/:id/reserve [POST],"CatchResponseError('Conflict error: {""error_code"":""IDEMPOTENCY_CONFLICT"",""message"":""Duplicate idempotency key \'u2923713531968-5995a01fe8bd47e3\' used with conflicting reservation parameters.""}')",1
atomic_update_spike_c20_rep1,atomic_update,spike,20,/items/:id/reserve [POST],"CatchResponseError('Conflict error: {""error_code"":""IDEMPOTENCY_CONFLICT"",""message"":""Duplicate idempotency key \'u2923713177520-c87a2f5f86284a79\' used with conflicting reservation parameters.""}')",1
atomic_update_spike_c20_rep1,atomic_update,spike,20,/items/:id/reserve [POST],"CatchResponseError('Conflict error: {""error_code"":""IDEMPOTENCY_CONFLICT"",""message"":""Duplicate idempotency key \'u2923713180432-03247c52c04f407c\' used with conflicting reservation parameters.""}')",1
atomic_update_spike_c20_rep1,atomic_update,spike,20,/items/:id/reserve [POST],"CatchResponseError('Conflict error: {""error_code"":""IDEMPOTENCY_CONFLICT"",""message"":""Duplicate idempotency key \'u2923713819792-062ad7902cb04238\' used with conflicting reservation parameters.""}')",1
atomic_update_spike_c20_rep1,atomic_update,spike,20,/items/:id/reserve [POST],"CatchResponseError('Conflict error: {""error_code"":""IDEMPOTENCY_CONFLICT"",""message"":""Duplicate idempotency key \'u2923713180432-9354e7f83fe84495\' used with conflicting reservation parameters.""}')",1
atomic_update_spike_c20_rep1,atomic_update,spike,20,/items/:id/reserve [POST],"CatchResponseError('Conflict error: {""error_code"":""IDEMPOTENCY_CONFLICT"",""message"":""Duplicate idempotency key \'u2923713468112-200d331c4eb74e27\' used with conflicting reservation parameters.""}')",1
atomic_update_spike_c20_rep1,atomic_update,spike,20,/items/:id/reserve [POST],"CatchResponseError('Conflict error: {""error_code"":""IDEMPOTENCY_CONFLICT"",""message"":""Duplicate idempotency key \'u2923713469072-43b2b33770ed4116\' used with conflicting reservation parameters.""}')",1
atomic_update_spike_c20_rep1,atomic_update,spike,20,/items/:id/reserve [POST],"CatchResponseError('Conflict error: {""error_code"":""IDEMPOTENCY_CONFLICT"",""message"":""Duplicate idempotency key \'u2923713469072-d1b8508bee324795\' used with conflicting reservation parameters.""}')",1
atomic_update_spike_c20_rep1,atomic_update,spike,20,/items/:id/reserve [POST],"CatchResponseError('Conflict error: {""error_code"":""IDEMPOTENCY_CONFLICT"",""message"":""Duplicate idempotency key \'u2923713177520-811ee2b2169c45ba\' used with conflicting reservation parameters.""}')",1
atomic_update_spike_c20_rep1,atomic_update,spike,20,/items/:id/reserve [POST],"CatchResponseError('Conflict error: {""error_code"":""IDEMPOTENCY_CONFLICT"",""message"":""Duplicate idempotency key \'u2923714946896-01e2cf7ae07042f6\' used with conflicting reservation parameters.""}')",1
atomic_update_spike_c20_rep1,atomic_update,spike,20,/items/:id/reserve [POST],"CatchResponseError('Conflict error: {""error_code"":""IDEMPOTENCY_CONFLICT"",""message"":""Duplicate idempotency key \'u2923712940752-4b12e1d0e18a46c6\' used with conflicting reservation parameters.""}')",1
atomic_update_spike_c20_rep1,atomic_update,spike,20,/items/:id/reserve [POST],"CatchResponseError('Conflict error: {""error_code"":""IDEMPOTENCY_CONFLICT"",""message"":""Duplicate idempotency key \'u2923713819792-097194778f394b5e\' used with conflicting reservation parameters.""}')",1
atomic_update_spike_c20_rep1,atomic_update,spike,20,/items/:id/reserve [POST],"CatchResponseError('Conflict error: {""error_code"":""IDEMPOTENCY_CONFLICT"",""message"":""Duplicate idempotency key \'u2923713483920-3ae7938802a64e3b\' used with conflicting reservation parameters.""}')",1
atomic_update_spike_c20_rep1,atomic_update,spike,20,/items/:id/reserve [POST],"CatchResponseError('Conflict error: {""error_code"":""IDEMPOTENCY_CONFLICT"",""message"":""Duplicate idempotency key \'u2923713468112-bd364c5d905c43e0\' used with conflicting reservation parameters.""}')",1
atomic_update_spike_c20_rep1,atomic_update,spike,20,/items/:id/reserve [POST],"CatchResponseError('Conflict error: {""error_code"":""IDEMPOTENCY_CONFLICT"",""message"":""Duplicate idempotency key \'u2923714944976-e4947874669b438b\' used with conflicting reservation parameters.""}')",1
atomic_update_spike_c20_rep1,atomic_update,spike,20,/items/:id/reserve [POST],"CatchResponseError('Conflict error: {""error_code"":""IDEMPOTENCY_CONFLICT"",""message"":""Duplicate idempotency key \'u2923713534144-00c3cf919ed046bd\' used with conflicting reservation parameters.""}')",1
atomic_update_spike_c20_rep1,atomic_update,spike,20,/items/:id/reserve [POST],"CatchResponseError('Conflict error: {""error_code"":""IDEMPOTENCY_CONFLICT"",""message"":""Duplicate idempotency key \'u2923714736816-5b2338b45682474f\' used with conflicting reservation parameters.""}')",1
atomic_update_spike_c20_rep1,atomic_update,spike,20,/items/:id/reserve [POST],"CatchResponseError('Conflict error: {""error_code"":""IDEMPOTENCY_CONFLICT"",""message"":""Duplicate idempotency key \'u2923713460816-4a88db94dfc74e0b\' used with conflicting reservation parameters.""}')",1
atomic_update_spike_c20_rep1,atomic_update,spike,20,/items/:id/reserve [POST],"CatchResponseError('Conflict error: {""error_code"":""IDEMPOTENCY_CONFLICT"",""message"":""Duplicate idempotency key \'u2923713534144-b196f734bde64983\' used with conflicting reservation parameters.""}')",1
atomic_update_spike_c20_rep1,atomic_update,spike,20,/items/:id/reserve [POST],"CatchResponseError('Conflict error: {""error_code"":""IDEMPOTENCY_CONFLICT"",""message"":""Duplicate idempotency key \'u2923713460816-c723404d108e4819\' used with conflicting reservation parameters.""}')",1
atomic_update_spike_c20_rep1,atomic_update,spike,20,/items/:id/reserve [POST],"CatchResponseError('Conflict error: {""error_code"":""IDEMPOTENCY_CONFLICT"",""message"":""Duplicate idempotency key \'u2923713177520-0be5222e6c93449d\' used with conflicting reservation parameters.""}')",1
atomic_update_spike_c20_rep1,atomic_update,spike,20,/items/:id/reserve [POST],"CatchResponseError('Conflict error: {""error_code"":""IDEMPOTENCY_CONFLICT"",""message"":""Duplicate idempotency key \'u2923714946704-ead3830de85748b8\' used with conflicting reservation parameters.""}')",1
atomic_update_spike_c20_rep1,atomic_update,spike,20,/items/:id/reserve [POST],"CatchResponseError('Conflict error: {""error_code"":""IDEMPOTENCY_CONFLICT"",""message"":""Duplicate idempotency key \'u2923713232976-4d6258a28ddb4095\' used with conflicting reservation parameters.""}')",1
atomic_update_spike_c20_rep1,atomic_update,spike,20,/items/:id/reserve [POST],"CatchResponseError('Conflict error: {""error_code"":""IDEMPOTENCY_CONFLICT"",""message"":""Duplicate idempotency key \'u2923713650736-e34620038d764191\' used with conflicting reservation parameters.""}')",1
atomic_update_spike_c20_rep1,atomic_update,spike,20,/items/:id/reserve [POST],"CatchResponseError('Conflict error: {""error_code"":""IDEMPOTENCY_CONFLICT"",""message"":""Duplicate idempotency key \'u2923713469072-2de29346170e4d38\' used with conflicting reservation parameters.""}')",1
atomic_update_spike_c20_rep1,atomic_update,spike,20,/items/:id/reserve [POST],"CatchResponseError('Conflict error: {""error_code"":""IDEMPOTENCY_CONFLICT"",""message"":""Duplicate idempotency key \'u2923713180432-b55c5c16a1894658\' used with conflicting reservation parameters.""}')",1
atomic_update_spike_c20_rep1,atomic_update,spike,20,/items/:id/reserve [POST],"CatchResponseError('Conflict error: {""error_code"":""IDEMPOTENCY_CONFLICT"",""message"":""Duplicate idempotency key \'u2923714757648-588393965fa1466a\' used with conflicting reservation parameters.""}')",1
atomic_update_spike_c20_rep1,atomic_update,spike,20,/items/:id/reserve [POST],"CatchResponseError('Conflict error: {""error_code"":""IDEMPOTENCY_CONFLICT"",""message"":""Duplicate idempotency key \'u2923712940752-5a63995526fa4eeb\' used with conflicting reservation parameters.""}')",1
atomic_update_spike_c20_rep1,atomic_update,spike,20,/items/:id/reserve [POST],"CatchResponseError('Conflict error: {""error_code"":""IDEMPOTENCY_CONFLICT"",""message"":""Duplicate idempotency key \'u2923712940752-828742dd5d7a4975\' used with conflicting reservation parameters.""}')",1
atomic_update_spike_c20_rep1,atomic_update,spike,20,/items/:id/reserve [POST],"CatchResponseError('Conflict error: {""error_code"":""IDEMPOTENCY_CONFLICT"",""message"":""Duplicate idempotency key \'u2923713534144-213d0bc8b695472e\' used with conflicting reservation parameters.""}')",1
atomic_update_spike_c20_rep1,atomic_update,spike,20,/items/:id/reserve [POST],"CatchResponseError('Conflict error: {""error_code"":""IDEMPOTENCY_CONFLICT"",""message"":""Duplicate idempotency key \'u2923713821920-e7d60cc3c1f74ff1\' used with conflicting reservation parameters.""}')",1
atomic_update_spike_c20_rep1,atomic_update,spike,20,/items/:id/reserve [POST],"CatchResponseError('Conflict error: {""error_code"":""IDEMPOTENCY_CONFLICT"",""message"":""Duplicate idempotency key \'u2923713177520-b05e50666f3c4f6b\' used with conflicting reservation parameters.""}')",1
atomic_update_spike_c20_rep1,atomic_update,spike,20,/items/:id/reserve [POST],"CatchResponseError('Conflict error: {""error_code"":""IDEMPOTENCY_CONFLICT"",""message"":""Duplicate idempotency key \'u2923713531968-20807b494ed14841\' used with conflicting reservation parameters.""}')",1
atomic_update_spike_c20_rep1,atomic_update,spike,20,/items/:id/reserve [POST],"CatchResponseError('Conflict error: {""error_code"":""IDEMPOTENCY_CONFLICT"",""message"":""Duplicate idempotency key \'u2923713531968-d4a3bcf0fd58439d\' used with conflicting reservation parameters.""}')",1
atomic_update_spike_c20_rep1,atomic_update,spike,20,/items/:id/reserve [POST],"CatchResponseError('Conflict error: {""error_code"":""IDEMPOTENCY_CONFLICT"",""message"":""Duplicate idempotency key \'u2923714946704-44ba67175062406a\' used with conflicting reservation parameters.""}')",1
atomic_update_spike_c20_rep1,atomic_update,spike,20,/items/:id/reserve [POST],"CatchResponseError('Conflict error: {""error_code"":""IDEMPOTENCY_CONFLICT"",""message"":""Duplicate idempotency key \'u2923713819792-ed17c9ac22ef4d08\' used with conflicting reservation parameters.""}')",1
atomic_update_spike_c20_rep1,atomic_update,spike,20,/items/:id/reserve [POST],"CatchResponseError('Conflict error: {""error_code"":""IDEMPOTENCY_CONFLICT"",""message"":""Duplicate idempotency key \'u2923714944976-64fd508a72da492a\' used with conflicting reservation parameters.""}')",1
atomic_update_spike_c20_rep1,atomic_update,spike,20,/items/:id/reserve [POST],"CatchResponseError('Conflict error: {""error_code"":""IDEMPOTENCY_CONFLICT"",""message"":""Duplicate idempotency key \'u2923713468112-6b6e2f8d3a1e4fa9\' used with conflicting reservation parameters.""}')",1
atomic_update_spike_c20_rep1,atomic_update,spike,20,/items/:id/reserve [POST],"CatchResponseError('Conflict error: {""error_code"":""IDEMPOTENCY_CONFLICT"",""message"":""Duplicate idempotency key \'u2923712940752-003e9065ddc646a3\' used with conflicting reservation parameters.""}')",1
atomic_update_spike_c20_rep1,atomic_update,spike,20,/items/:id/reserve [POST],"CatchResponseError('Conflict error: {""error_code"":""IDEMPOTENCY_CONFLICT"",""message"":""Duplicate idempotency key \'u2923713819792-2553fd25a0624fbc\' used with conflicting reservation parameters.""}')",1
atomic_update_spike_c20_rep1,atomic_update,spike,20,/items/:id/reserve [POST],"CatchResponseError('Conflict error: {""error_code"":""IDEMPOTENCY_CONFLICT"",""message"":""Duplicate idempotency key \'u2923713468112-8ac9e364b72e4a01\' used with conflicting reservation parameters.""}')",1
atomic_update_spike_c20_rep1,atomic_update,spike,20,/items/:id/reserve [POST],"CatchResponseError('Conflict error: {""error_code"":""IDEMPOTENCY_CONFLICT"",""message"":""Duplicate idempotency key \'u2923713650736-640de07cbc764a0a\' used with conflicting reservation parameters.""}')",1
atomic_update_spike_c20_rep1,atomic_update,spike,20,/items/:id/reserve [POST],"CatchResponseError('Conflict error: {""error_code"":""IDEMPOTENCY_CONFLICT"",""message"":""Duplicate idempotency key \'u2923714736816-f2c31742fb244a78\' used with conflicting reservation parameters.""}')",1
atomic_update_spike_c20_rep1,atomic_update,spike,20,/items/:id/reserve [POST],"CatchResponseError('Conflict error: {""error_code"":""IDEMPOTENCY_CONFLICT"",""message"":""Duplicate idempotency key \'u2923713460816-063a6b3f9c91439f\' used with conflicting reservation parameters.""}')",1
atomic_update_spike_c20_rep1,atomic_update,spike,20,/items/:id/reserve [POST],"CatchResponseError('Conflict error: {""error_code"":""IDEMPOTENCY_CONFLICT"",""message"":""Duplicate idempotency key \'u2923713821920-a970f95354ef4c6f\' used with conflicting reservation parameters.""}')",1
atomic_update_spike_c20_rep2,atomic_update,spike,20,/items/:id/reserve [POST],"CatchResponseError('Conflict error: {""error_code"":""IDEMPOTENCY_CONFLICT"",""message"":""Duplicate idempotency key \'u1558221064336-3ce9531450574bfb\' used with conflicting reservation parameters.""}')",1
atomic_update_spike_c20_rep2,atomic_update,spike,20,/items/:id/reserve [POST],"CatchResponseError('Conflict error: {""error_code"":""IDEMPOTENCY_CONFLICT"",""message"":""Duplicate idempotency key \'u1558221064336-1ca2f36664e14b97\' used with conflicting reservation parameters.""}')",1
atomic_update_spike_c20_rep2,atomic_update,spike,20,/items/:id/reserve [POST],"CatchResponseError('Conflict error: {""error_code"":""IDEMPOTENCY_CONFLICT"",""message"":""Duplicate idempotency key \'u1558219807376-4cf5eff0700c45ef\' used with conflicting reservation parameters.""}')",1
atomic_update_spike_c20_rep2,atomic_update,spike,20,/items/:id/reserve [POST],"CatchResponseError('Conflict error: {""error_code"":""IDEMPOTENCY_CONFLICT"",""message"":""Duplicate idempotency key \'u1558219872448-3e44330776234beb\' used with conflicting reservation parameters.""}')",1
atomic_update_spike_c20_rep2,atomic_update,spike,20,/items/:id/reserve [POST],"CatchResponseError('Conflict error: {""error_code"":""IDEMPOTENCY_CONFLICT"",""message"":""Duplicate idempotency key \'u1558221065104-2bd1464a55114dff\' used with conflicting reservation parameters.""}')",1
atomic_update_spike_c20_rep2,atomic_update,spike,20,/items/:id/reserve [POST],"CatchResponseError('Conflict error: {""error_code"":""IDEMPOTENCY_CONFLICT"",""message"":""Duplicate idempotency key \'u1558219554896-ab14dd4ace7f4a7d\' used with conflicting reservation parameters.""}')",1
atomic_update_spike_c20_rep2,atomic_update,spike,20,/items/:id/reserve [POST],"CatchResponseError('Conflict error: {""error_code"":""IDEMPOTENCY_CONFLICT"",""message"":""Duplicate idempotency key \'u1558219971936-8d2a0cdaa7824a2e\' used with conflicting reservation parameters.""}')",1
atomic_update_spike_c20_rep2,atomic_update,spike,20,/items/:id/reserve [POST],"CatchResponseError('Conflict error: {""error_code"":""IDEMPOTENCY_CONFLICT"",""message"":""Duplicate idempotency key \'u1558221064336-53ee3c5fe1b9475a\' used with conflicting reservation parameters.""}')",1
atomic_update_spike_c20_rep2,atomic_update,spike,20,/items/:id/reserve [POST],"CatchResponseError('Conflict error: {""error_code"":""IDEMPOTENCY_CONFLICT"",""message"":""Duplicate idempotency key \'u1558221065104-2371470d985249ba\' used with conflicting reservation parameters.""}')",1
atomic_update_spike_c20_rep2,atomic_update,spike,20,/items/:id/reserve [POST],"CatchResponseError('Conflict error: {""error_code"":""IDEMPOTENCY_CONFLICT"",""message"":""Duplicate idempotency key \'u1558221196560-a19fc13a04f546a6\' used with conflicting reservation parameters.""}')",1
atomic_update_spike_c20_rep2,atomic_update,spike,20,/items/:id/reserve [POST],"CatchResponseError('Conflict error: {""error_code"":""IDEMPOTENCY_CONFLICT"",""message"":""Duplicate idempotency key \'u1558219872448-204e5abf71c14170\' used with conflicting reservation parameters.""}')",1
atomic_update_spike_c20_rep2,atomic_update,spike,20,/items/:id/reserve [POST],"CatchResponseError('Conflict error: {""error_code"":""IDEMPOTENCY_CONFLICT"",""message"":""Duplicate idempotency key \'u1558220141712-3d17db73b9fc4029\' used with conflicting reservation parameters.""}')",1
atomic_update_spike_c20_rep2,atomic_update,spike,20,/items/:id/reserve [POST],"CatchResponseError('Conflict error: {""error_code"":""IDEMPOTENCY_CONFLICT"",""message"":""Duplicate idempotency key \'u1558221064720-1ff735db4def45c5\' used with conflicting reservation parameters.""}')",1
atomic_update_spike_c20_rep2,atomic_update,spike,20,/items/:id/reserve [POST],"CatchResponseError('Conflict error: {""error_code"":""IDEMPOTENCY_CONFLICT"",""message"":""Duplicate idempotency key \'u1558219754192-b5a593823c6145a7\' used with conflicting reservation parameters.""}')",1
atomic_update_spike_c20_rep2,atomic_update,spike,20,/items/:id/reserve [POST],"CatchResponseError('Conflict error: {""error_code"":""IDEMPOTENCY_CONFLICT"",""message"":""Duplicate idempotency key \'u1558221064720-3575b37c28f24d8d\' used with conflicting reservation parameters.""}')",1
atomic_update_spike_c20_rep2,atomic_update,spike,20,/items/:id/reserve [POST],"CatchResponseError('Conflict error: {""error_code"":""IDEMPOTENCY_CONFLICT"",""message"":""Duplicate idempotency key \'u1558219971936-20c4aa6a4eca4f05\' used with conflicting reservation parameters.""}')",1
atomic_update_spike_c20_rep2,atomic_update,spike,20,/items/:id/reserve [POST],"CatchResponseError('Conflict error: {""error_code"":""IDEMPOTENCY_CONFLICT"",""message"":""Duplicate idempotency key \'u1558220995696-edd810be166e430d\' used with conflicting reservation parameters.""}')",1
atomic_update_spike_c20_rep2,atomic_update,spike,20,/items/:id/reserve [POST],"CatchResponseError('Conflict error: {""error_code"":""IDEMPOTENCY_CONFLICT"",""message"":""Duplicate idempotency key \'u1558219870272-17d8b0ab9b764548\' used with conflicting reservation parameters.""}')",1
atomic_update_spike_c20_rep2,atomic_update,spike,20,/items/:id/reserve [POST],"CatchResponseError('Conflict error: {""error_code"":""IDEMPOTENCY_CONFLICT"",""message"":""Duplicate idempotency key \'u1558219872448-585f1a807b0045d3\' used with conflicting reservation parameters.""}')",1
atomic_update_spike_c20_rep2,atomic_update,spike,20,/items/:id/reserve [POST],"CatchResponseError('Conflict error: {""error_code"":""IDEMPOTENCY_CONFLICT"",""message"":""Duplicate idempotency key \'u1558221064720-5376e805a2d44717\' used with conflicting reservation parameters.""}')",1
atomic_update_spike_c20_rep2,atomic_update,spike,20,/items/:id/reserve [POST],"CatchResponseError('Conflict error: {""error_code"":""IDEMPOTENCY_CONFLICT"",""message"":""Duplicate idempotency key \'u1558221065488-4da2067f20f54f18\' used with conflicting reservation parameters.""}')",1
atomic_update_spike_c20_rep2,atomic_update,spike,20,/items/:id/reserve [POST],"CatchResponseError('Conflict error: {""error_code"":""IDEMPOTENCY_CONFLICT"",""message"":""Duplicate idempotency key \'u1558219754192-5beeb0fb545e4489\' used with conflicting reservation parameters.""}')",1
atomic_update_spike_c20_rep2,atomic_update,spike,20,/items/:id/reserve [POST],"CatchResponseError('Conflict error: {""error_code"":""IDEMPOTENCY_CONFLICT"",""message"":""Duplicate idempotency key \'u1558219870272-786d69a5a31d47d4\' used with conflicting reservation parameters.""}')",1
atomic_update_spike_c20_rep2,atomic_update,spike,20,/items/:id/reserve [POST],"CatchResponseError('Conflict error: {""error_code"":""IDEMPOTENCY_CONFLICT"",""message"":""Duplicate idempotency key \'u1558219870272-a058141ac39249ee\' used with conflicting reservation parameters.""}')",1
atomic_update_spike_c20_rep2,atomic_update,spike,20,/items/:id/reserve [POST],"CatchResponseError('Conflict error: {""error_code"":""IDEMPOTENCY_CONFLICT"",""message"":""Duplicate idempotency key \'u1558219799120-f2ecf522e2b3424e\' used with conflicting reservation parameters.""}')",1
atomic_update_spike_c20_rep2,atomic_update,spike,20,/items/:id/reserve [POST],"CatchResponseError('Conflict error: {""error_code"":""IDEMPOTENCY_CONFLICT"",""message"":""Duplicate idempotency key \'u1558220141712-d501c54cdcd54f62\' used with conflicting reservation parameters.""}')",1
atomic_update_spike_c20_rep2,atomic_update,spike,20,/items/:id/reserve [POST],"CatchResponseError('Conflict error: {""error_code"":""IDEMPOTENCY_CONFLICT"",""message"":""Duplicate idempotency key \'u1558221065488-ff700af26f404a71\' used with conflicting reservation parameters.""}')",1
atomic_update_spike_c20_rep2,atomic_update,spike,20,/items/:id/reserve [POST],"CatchResponseError('Conflict error: {""error_code"":""IDEMPOTENCY_CONFLICT"",""message"":""Duplicate idempotency key \'u1558219510224-4a1f8136d8db4e54\' used with conflicting reservation parameters.""}')",1
atomic_update_spike_c20_rep2,atomic_update,spike,20,/items/:id/reserve [POST],"CatchResponseError('Conflict error: {""error_code"":""IDEMPOTENCY_CONFLICT"",""message"":""Duplicate idempotency key \'u1558219806416-7cef0b6dacde42d6\' used with conflicting reservation parameters.""}')",2
atomic_update_spike_c20_rep2,atomic_update,spike,20,/items/:id/reserve [POST],"CatchResponseError('Conflict error: {""error_code"":""IDEMPOTENCY_CONFLICT"",""message"":""Duplicate idempotency key \'u1558221065104-f2e11605b1a34832\' used with conflicting reservation parameters.""}')",1
atomic_update_spike_c20_rep2,atomic_update,spike,20,/items/:id/reserve [POST],"CatchResponseError('Conflict error: {""error_code"":""IDEMPOTENCY_CONFLICT"",""message"":""Duplicate idempotency key \'u1558219872448-4b3b2faf9a7c4082\' used with conflicting reservation parameters.""}')",1
atomic_update_spike_c20_rep2,atomic_update,spike,20,/items/:id/reserve [POST],"CatchResponseError('Conflict error: {""error_code"":""IDEMPOTENCY_CONFLICT"",""message"":""Duplicate idempotency key \'u1558221065488-bf2b2c9499f3472d\' used with conflicting reservation parameters.""}')",1
atomic_update_spike_c20_rep2,atomic_update,spike,20,/items/:id/reserve [POST],"CatchResponseError('Conflict error: {""error_code"":""IDEMPOTENCY_CONFLICT"",""message"":""Duplicate idempotency key \'u1558219971936-13626df5af7d4c95\' used with conflicting reservation parameters.""}')",1
atomic_update_spike_c20_rep2,atomic_update,spike,20,/items/:id/reserve [POST],"CatchResponseError('Conflict error: {""error_code"":""IDEMPOTENCY_CONFLICT"",""message"":""Duplicate idempotency key \'u1558219971936-073153286db14b7f\' used with conflicting reservation parameters.""}')",1
atomic_update_spike_c20_rep2,atomic_update,spike,20,/items/:id/reserve [POST],"CatchResponseError('Conflict error: {""error_code"":""IDEMPOTENCY_CONFLICT"",""message"":""Duplicate idempotency key \'u1558219822224-d656ae8cf5134eb2\' used with conflicting reservation parameters.""}')",1
atomic_update_spike_c20_rep2,atomic_update,spike,20,/items/:id/reserve [POST],"CatchResponseError('Conflict error: {""error_code"":""IDEMPOTENCY_CONFLICT"",""message"":""Duplicate idempotency key \'u1558220141712-5e36b5e15275495b\' used with conflicting reservation parameters.""}')",1
atomic_update_spike_c20_rep2,atomic_update,spike,20,/items/:id/reserve [POST],"CatchResponseError('Conflict error: {""error_code"":""IDEMPOTENCY_CONFLICT"",""message"":""Duplicate idempotency key \'u1558219554896-904dda4474214114\' used with conflicting reservation parameters.""}')",1
atomic_update_spike_c20_rep2,atomic_update,spike,20,/items/:id/reserve [POST],"CatchResponseError('Conflict error: {""error_code"":""IDEMPOTENCY_CONFLICT"",""message"":""Duplicate idempotency key \'u1558219870272-afffbca7824a4814\' used with conflicting reservation parameters.""}')",1
atomic_update_spike_c20_rep2,atomic_update,spike,20,/items/:id/reserve [POST],"CatchResponseError('Conflict error: {""error_code"":""IDEMPOTENCY_CONFLICT"",""message"":""Duplicate idempotency key \'u1558221065488-612409be334a4176\' used with conflicting reservation parameters.""}')",1
atomic_update_spike_c50_rep1,atomic_update,spike,50,/items/:id/reserve [POST],"CatchResponseError('Conflict error: {""error_code"":""IDEMPOTENCY_CONFLICT"",""message"":""Duplicate idempotency key \'u2280167315536-47bd858c2ca847ae\' used with conflicting reservation parameters.""}')",1
atomic_update_spike_c50_rep1,atomic_update,spike,50,/items/:id/reserve [POST],"CatchResponseError('Conflict error: {""error_code"":""IDEMPOTENCY_CONFLICT"",""message"":""Duplicate idempotency key \'u2280167003280-378630e4cbc24a6a\' used with conflicting reservation parameters.""}')",1
atomic_update_spike_c50_rep1,atomic_update,spike,50,/items/:id/reserve [POST],"CatchResponseError('Conflict error: {""error_code"":""IDEMPOTENCY_CONFLICT"",""message"":""Duplicate idempotency key \'u2280168184464-78b111e4fbc04652\' used with conflicting reservation parameters.""}')",1
atomic_update_spike_c50_rep1,atomic_update,spike,50,/items/:id/reserve [POST],"CatchResponseError('Conflict error: {""error_code"":""IDEMPOTENCY_CONFLICT"",""message"":""Duplicate idempotency key \'u2280168189840-ca5b470735b64753\' used with conflicting reservation parameters.""}')",1
atomic_update_spike_c50_rep1,atomic_update,spike,50,/items/:id/reserve [POST],"CatchResponseError('Conflict error: {""error_code"":""IDEMPOTENCY_CONFLICT"",""message"":""Duplicate idempotency key \'u2280168841168-306b3a6307ac4fe8\' used with conflicting reservation parameters.""}')",1
atomic_update_spike_c50_rep1,atomic_update,spike,50,/items/:id/reserve [POST],"CatchResponseError('Conflict error: {""error_code"":""IDEMPOTENCY_CONFLICT"",""message"":""Duplicate idempotency key \'u2280166988432-4c4b59cd571b49c7\' used with conflicting reservation parameters.""}')",1
atomic_update_spike_c50_rep1,atomic_update,spike,50,/items/:id/reserve [POST],"CatchResponseError('Conflict error: {""error_code"":""IDEMPOTENCY_CONFLICT"",""message"":""Duplicate idempotency key \'u2280167318032-87f989c1801240db\' used with conflicting reservation parameters.""}')",1
atomic_update_spike_c50_rep1,atomic_update,spike,50,/items/:id/reserve [POST],"CatchResponseError('Conflict error: {""error_code"":""IDEMPOTENCY_CONFLICT"",""message"":""Duplicate idempotency key \'u2280167319184-3eb01b4a1c404f5d\' used with conflicting reservation parameters.""}')",1
atomic_update_spike_c50_rep1,atomic_update,spike,50,/items/:id/reserve [POST],"CatchResponseError('Conflict error: {""error_code"":""IDEMPOTENCY_CONFLICT"",""message"":""Duplicate idempotency key \'u2280167051328-381e318a671a46e1\' used with conflicting reservation parameters.""}')",1
atomic_update_spike_c50_rep1,atomic_update,spike,50,/items/:id/reserve [POST],"CatchResponseError('Conflict error: {""error_code"":""IDEMPOTENCY_CONFLICT"",""message"":""Duplicate idempotency key \'u2280168189456-eaa430e6cba34c3f\' used with conflicting reservation parameters.""}')",2
atomic_update_spike_c50_rep1,atomic_update,spike,50,/items/:id/reserve [POST],"CatchResponseError('Conflict error: {""error_code"":""IDEMPOTENCY_CONFLICT"",""message"":""Duplicate idempotency key \'u2280167318032-9155df19a0cd427e\' used with conflicting reservation parameters.""}')",1
atomic_update_spike_c50_rep1,atomic_update,spike,50,/items/:id/reserve [POST],"CatchResponseError('Conflict error: {""error_code"":""IDEMPOTENCY_CONFLICT"",""message"":""Duplicate idempotency key \'u2280166768976-40093809d88948aa\' used with conflicting reservation parameters.""}')",1
atomic_update_spike_c50_rep1,atomic_update,spike,50,/items/:id/reserve [POST],"CatchResponseError('Conflict error: {""error_code"":""IDEMPOTENCY_CONFLICT"",""message"":""Duplicate idempotency key \'u2280167172016-36e7d6ef05714ef8\' used with conflicting reservation parameters.""}')",1
atomic_update_spike_c50_rep1,atomic_update,spike,50,/items/:id/reserve [POST],"CatchResponseError('Conflict error: {""error_code"":""IDEMPOTENCY_CONFLICT"",""message"":""Duplicate idempotency key \'u2280167172016-f9279cb9b9d5411e\' used with conflicting reservation parameters.""}')",1
atomic_update_spike_c50_rep1,atomic_update,spike,50,/items/:id/reserve [POST],"CatchResponseError('Conflict error: {""error_code"":""IDEMPOTENCY_CONFLICT"",""message"":""Duplicate idempotency key \'u2280167226064-4adbc5efa5b042bc\' used with conflicting reservation parameters.""}')",1
atomic_update_spike_c50_rep1,atomic_update,spike,50,/items/:id/reserve [POST],"CatchResponseError('Conflict error: {""error_code"":""IDEMPOTENCY_CONFLICT"",""message"":""Duplicate idempotency key \'u2280167003280-5b6c3d7b6c7249e9\' used with conflicting reservation parameters.""}')",1
atomic_update_spike_c50_rep1,atomic_update,spike,50,/items/:id/reserve [POST],"CatchResponseError('Conflict error: {""error_code"":""IDEMPOTENCY_CONFLICT"",""message"":""Duplicate idempotency key \'u2280167053504-cb08bb28c49345c8\' used with conflicting reservation parameters.""}')",1
atomic_update_spike_c50_rep1,atomic_update,spike,50,/items/:id/reserve [POST],"CatchResponseError('Conflict error: {""error_code"":""IDEMPOTENCY_CONFLICT"",""message"":""Duplicate idempotency key \'u2280168192720-0cf9a22e87fe426a\' used with conflicting reservation parameters.""}')",1
atomic_update_spike_c50_rep1,atomic_update,spike,50,/items/:id/reserve [POST],"CatchResponseError('Conflict error: {""error_code"":""IDEMPOTENCY_CONFLICT"",""message"":""Duplicate idempotency key \'u2280168833488-7b2e20237ce54a18\' used with conflicting reservation parameters.""}')",1
atomic_update_spike_c50_rep1,atomic_update,spike,50,/items/:id/reserve [POST],"CatchResponseError('Conflict error: {""error_code"":""IDEMPOTENCY_CONFLICT"",""message"":""Duplicate idempotency key \'u2280168186960-f510ecfb36dd4083\' used with conflicting reservation parameters.""}')",1
atomic_update_spike_c50_rep1,atomic_update,spike,50,/items/:id/reserve [POST],"CatchResponseError('Conflict error: {""error_code"":""IDEMPOTENCY_CONFLICT"",""message"":""Duplicate idempotency key \'u2280167316880-728ead43a46141e7\' used with conflicting reservation parameters.""}')",1
atomic_update_spike_c50_rep1,atomic_update,spike,50,/items/:id/reserve [POST],"CatchResponseError('Conflict error: {""error_code"":""IDEMPOTENCY_CONFLICT"",""message"":""Duplicate idempotency key \'u2280168187152-1ded61bef704418f\' used with conflicting reservation parameters.""}')",1
atomic_update_spike_c50_rep1,atomic_update,spike,50,/items/:id/reserve [POST],"CatchResponseError('Conflict error: {""error_code"":""IDEMPOTENCY_CONFLICT"",""message"":""Duplicate idempotency key \'u2280168182352-81a1870951864c15\' used with conflicting reservation parameters.""}')",1
atomic_update_spike_c50_rep1,atomic_update,spike,50,/items/:id/reserve [POST],"CatchResponseError('Conflict error: {""error_code"":""IDEMPOTENCY_CONFLICT"",""message"":""Duplicate idempotency key \'u2280166504080-65eac2a5a49b41d3\' used with conflicting reservation parameters.""}')",1
atomic_update_spike_c50_rep1,atomic_update,spike,50,/items/:id/reserve [POST],"CatchResponseError('Conflict error: {""error_code"":""IDEMPOTENCY_CONFLICT"",""message"":""Duplicate idempotency key \'u2280168186000-51ccf94f745b49cd\' used with conflicting reservation parameters.""}')",1
atomic_update_spike_c50_rep1,atomic_update,spike,50,/items/:id/reserve [POST],"CatchResponseError('Conflict error: {""error_code"":""IDEMPOTENCY_CONFLICT"",""message"":""Duplicate idempotency key \'u2280168187152-9adba0db1b2846c8\' used with conflicting reservation parameters.""}')",1
atomic_update_spike_c50_rep1,atomic_update,spike,50,/items/:id/reserve [POST],"CatchResponseError('Conflict error: {""error_code"":""IDEMPOTENCY_CONFLICT"",""message"":""Duplicate idempotency key \'u2280168840976-d5e5f01cc8ed45e0\' used with conflicting reservation parameters.""}')",1
atomic_update_spike_c50_rep1,atomic_update,spike,50,/items/:id/reserve [POST],"CatchResponseError('Conflict error: {""error_code"":""IDEMPOTENCY_CONFLICT"",""message"":""Duplicate idempotency key \'u2280168838096-5d68a5929c354c75\' used with conflicting reservation parameters.""}')",1
atomic_update_spike_c50_rep1,atomic_update,spike,50,/items/:id/reserve [POST],"CatchResponseError('Conflict error: {""error_code"":""IDEMPOTENCY_CONFLICT"",""message"":""Duplicate idempotency key \'u2280168833872-bcfa732991134948\' used with conflicting reservation parameters.""}')",1
atomic_update_spike_c50_rep1,atomic_update,spike,50,/items/:id/reserve [POST],"CatchResponseError('Conflict error: {""error_code"":""IDEMPOTENCY_CONFLICT"",""message"":""Duplicate idempotency key \'u2280168841168-eb6fe4ab58fc425e\' used with conflicting reservation parameters.""}')",1
atomic_update_spike_c50_rep1,atomic_update,spike,50,/items/:id/reserve [POST],"CatchResponseError('Conflict error: {""error_code"":""IDEMPOTENCY_CONFLICT"",""message"":""Duplicate idempotency key \'u2280168184464-39a588b487944eeb\' used with conflicting reservation parameters.""}')",1
atomic_update_spike_c50_rep1,atomic_update,spike,50,/items/:id/reserve [POST],"CatchResponseError('Conflict error: {""error_code"":""IDEMPOTENCY_CONFLICT"",""message"":""Duplicate idempotency key \'u2280168181776-ab1823e7f0c84e50\' used with conflicting reservation parameters.""}')",1
atomic_update_spike_c50_rep1,atomic_update,spike,50,/items/:id/reserve [POST],"CatchResponseError('Conflict error: {""error_code"":""IDEMPOTENCY_CONFLICT"",""message"":""Duplicate idempotency key \'u2280168840400-21cb368ac8004831\' used with conflicting reservation parameters.""}')",1
atomic_update_spike_c50_rep1,atomic_update,spike,50,/items/:id/reserve [POST],"CatchResponseError('Conflict error: {""error_code"":""IDEMPOTENCY_CONFLICT"",""message"":""Duplicate idempotency key \'u2280168186000-869058702f22481b\' used with conflicting reservation parameters.""}')",1
atomic_update_spike_c50_rep1,atomic_update,spike,50,/items/:id/reserve [POST],"CatchResponseError('Conflict error: {""error_code"":""IDEMPOTENCY_CONFLICT"",""message"":""Duplicate idempotency key \'u2280167317264-e9d254cd35ad434c\' used with conflicting reservation parameters.""}')",1
atomic_update_spike_c50_rep1,atomic_update,spike,50,/items/:id/reserve [POST],"CatchResponseError('Conflict error: {""error_code"":""IDEMPOTENCY_CONFLICT"",""message"":""Duplicate idempotency key \'u2280166988432-9561d0873e074615\' used with conflicting reservation parameters.""}')",1
atomic_update_spike_c50_rep1,atomic_update,spike,50,/items/:id/reserve [POST],"CatchResponseError('Conflict error: {""error_code"":""IDEMPOTENCY_CONFLICT"",""message"":""Duplicate idempotency key \'u2280167051328-f26cc6aa2f394f7a\' used with conflicting reservation parameters.""}')",1
atomic_update_spike_c50_rep1,atomic_update,spike,50,/items/:id/reserve [POST],"CatchResponseError('Conflict error: {""error_code"":""IDEMPOTENCY_CONFLICT"",""message"":""Duplicate idempotency key \'u2280168837904-8dea88bc57f24f5b\' used with conflicting reservation parameters.""}')",1
atomic_update_spike_c50_rep1,atomic_update,spike,50,/items/:id/reserve [POST],"CatchResponseError('Conflict error: {""error_code"":""IDEMPOTENCY_CONFLICT"",""message"":""Duplicate idempotency key \'u2280168189840-5885f3ac572a4d5a\' used with conflicting reservation parameters.""}')",1
atomic_update_spike_c50_rep1,atomic_update,spike,50,/items/:id/reserve [POST],"CatchResponseError('Conflict error: {""error_code"":""IDEMPOTENCY_CONFLICT"",""message"":""Duplicate idempotency key \'u2280167319184-a51f1f29372943ac\' used with conflicting reservation parameters.""}')",1
atomic_update_spike_c50_rep2,atomic_update,spike,50,/items/:id/reserve [POST],"CatchResponseError('Conflict error: {""error_code"":""IDEMPOTENCY_CONFLICT"",""message"":""Duplicate idempotency key \'u2785553270160-58e71ec3097c40db\' used with conflicting reservation parameters.""}')",1
atomic_update_spike_c50_rep2,atomic_update,spike,50,/items/:id/reserve [POST],"CatchResponseError('Conflict error: {""error_code"":""IDEMPOTENCY_CONFLICT"",""message"":""Duplicate idempotency key \'u2785552178576-ab79df1c2a174725\' used with conflicting reservation parameters.""}')",1
atomic_update_spike_c50_rep2,atomic_update,spike,50,/items/:id/reserve [POST],"CatchResponseError('Conflict error: {""error_code"":""IDEMPOTENCY_CONFLICT"",""message"":""Duplicate idempotency key \'u2785553633296-01416f2c55d34378\' used with conflicting reservation parameters.""}')",1
atomic_update_spike_c50_rep2,atomic_update,spike,50,/items/:id/reserve [POST],"CatchResponseError('Conflict error: {""error_code"":""IDEMPOTENCY_CONFLICT"",""message"":""Duplicate idempotency key \'u2785553273616-7f2f7315b4044a34\' used with conflicting reservation parameters.""}')",1
atomic_update_spike_c50_rep2,atomic_update,spike,50,/items/:id/reserve [POST],"CatchResponseError('Conflict error: {""error_code"":""IDEMPOTENCY_CONFLICT"",""message"":""Duplicate idempotency key \'u2785553269584-459687ea69754637\' used with conflicting reservation parameters.""}')",1
atomic_update_spike_c50_rep2,atomic_update,spike,50,/items/:id/reserve [POST],"CatchResponseError('Conflict error: {""error_code"":""IDEMPOTENCY_CONFLICT"",""message"":""Duplicate idempotency key \'u2785552180112-58f755b350474ca6\' used with conflicting reservation parameters.""}')",1
atomic_update_spike_c50_rep2,atomic_update,spike,50,/items/:id/reserve [POST],"CatchResponseError('Conflict error: {""error_code"":""IDEMPOTENCY_CONFLICT"",""message"":""Duplicate idempotency key \'u2785551614288-cdfaf4eb6353484d\' used with conflicting reservation parameters.""}')",1
atomic_update_spike_c50_rep2,atomic_update,spike,50,/items/:id/reserve [POST],"CatchResponseError('Conflict error: {""error_code"":""IDEMPOTENCY_CONFLICT"",""message"":""Duplicate idempotency key \'u2785552200848-54963f72ef8d45fa\' used with conflicting reservation parameters.""}')",1
atomic_update_spike_c50_rep2,atomic_update,spike,50,/items/:id/reserve [POST],"CatchResponseError('Conflict error: {""error_code"":""IDEMPOTENCY_CONFLICT"",""message"":""Duplicate idempotency key \'u2785552179344-b890e2217f714493\' used with conflicting reservation parameters.""}')",1
atomic_update_spike_c50_rep2,atomic_update,spike,50,/items/:id/reserve [POST],"CatchResponseError('Conflict error: {""error_code"":""IDEMPOTENCY_CONFLICT"",""message"":""Duplicate idempotency key \'u2785553271888-496c83a9b22b40a8\' used with conflicting reservation parameters.""}')",1
atomic_update_spike_c50_rep2,atomic_update,spike,50,/items/:id/reserve [POST],"CatchResponseError('Conflict error: {""error_code"":""IDEMPOTENCY_CONFLICT"",""message"":""Duplicate idempotency key \'u2785553634448-f8f737e066b84bc3\' used with conflicting reservation parameters.""}')",1
atomic_update_spike_c50_rep2,atomic_update,spike,50,/items/:id/reserve [POST],"CatchResponseError('Conflict error: {""error_code"":""IDEMPOTENCY_CONFLICT"",""message"":""Duplicate idempotency key \'u2785552177232-3de7e4b9dc0a4026\' used with conflicting reservation parameters.""}')",1
atomic_update_spike_c50_rep2,atomic_update,spike,50,/items/:id/reserve [POST],"CatchResponseError('Conflict error: {""error_code"":""IDEMPOTENCY_CONFLICT"",""message"":""Duplicate idempotency key \'u2785551858512-e2b804384db64258\' used with conflicting reservation parameters.""}')",1
atomic_update_spike_c50_rep2,atomic_update,spike,50,/items/:id/reserve [POST],"CatchResponseError('Conflict error: {""error_code"":""IDEMPOTENCY_CONFLICT"",""message"":""Duplicate idempotency key \'u2785553274576-1371a7df99cb4519\' used with conflicting reservation parameters.""}')",1
atomic_update_spike_c50_rep2,atomic_update,spike,50,/items/:id/reserve [POST],"CatchResponseError('Conflict error: {""error_code"":""IDEMPOTENCY_CONFLICT"",""message"":""Duplicate idempotency key \'u2785551866512-930c6792b6804a28\' used with conflicting reservation parameters.""}')",1
atomic_update_spike_c50_rep2,atomic_update,spike,50,/items/:id/reserve [POST],"CatchResponseError('Conflict error: {""error_code"":""IDEMPOTENCY_CONFLICT"",""message"":""Duplicate idempotency key \'u2785551931584-f0f52b010c2b47e9\' used with conflicting reservation parameters.""}')",1
atomic_update_spike_c50_rep2,atomic_update,spike,50,/items/:id/reserve [POST],"CatchResponseError('Conflict error: {""error_code"":""IDEMPOTENCY_CONFLICT"",""message"":""Duplicate idempotency key \'u2785552178576-cc65f1a20a0242e5\' used with conflicting reservation parameters.""}')",1
atomic_update_spike_c50_rep2,atomic_update,spike,50,/items/:id/reserve [POST],"CatchResponseError('Conflict error: {""error_code"":""IDEMPOTENCY_CONFLICT"",""message"":""Duplicate idempotency key \'u2785553630224-c48e37d5dc474cdd\' used with conflicting reservation parameters.""}')",1
atomic_update_spike_c50_rep2,atomic_update,spike,50,/items/:id/reserve [POST],"CatchResponseError('Conflict error: {""error_code"":""IDEMPOTENCY_CONFLICT"",""message"":""Duplicate idempotency key \'u2785551881360-53ec5ddc17bd4401\' used with conflicting reservation parameters.""}')",1
atomic_update_spike_c50_rep2,atomic_update,spike,50,/items/:id/reserve [POST],"CatchResponseError('Conflict error: {""error_code"":""IDEMPOTENCY_CONFLICT"",""message"":""Duplicate idempotency key \'u2785551349392-dbb7920902c343f6\' used with conflicting reservation parameters.""}')",1
atomic_update_spike_c50_rep2,atomic_update,spike,50,/items/:id/reserve [POST],"CatchResponseError('Conflict error: {""error_code"":""IDEMPOTENCY_CONFLICT"",""message"":""Duplicate idempotency key \'u2785553635792-f860d2a64f654550\' used with conflicting reservation parameters.""}')",1
atomic_update_spike_c50_rep2,atomic_update,spike,50,/items/:id/reserve [POST],"CatchResponseError('Conflict error: {""error_code"":""IDEMPOTENCY_CONFLICT"",""message"":""Duplicate idempotency key \'u2785552186256-01207b782ff346db\' used with conflicting reservation parameters.""}')",1
atomic_update_spike_c50_rep2,atomic_update,spike,50,/items/:id/reserve [POST],"CatchResponseError('Conflict error: {""error_code"":""IDEMPOTENCY_CONFLICT"",""message"":""Duplicate idempotency key \'u2785553636176-6fc98970e5b14453\' used with conflicting reservation parameters.""}')",1
atomic_update_spike_c50_rep2,atomic_update,spike,50,/items/:id/reserve [POST],"CatchResponseError('Conflict error: {""error_code"":""IDEMPOTENCY_CONFLICT"",""message"":""Duplicate idempotency key \'u2785551614288-b042e58dc8464d3f\' used with conflicting reservation parameters.""}')",1
atomic_update_spike_c50_rep2,atomic_update,spike,50,/items/:id/reserve [POST],"CatchResponseError('Conflict error: {""error_code"":""IDEMPOTENCY_CONFLICT"",""message"":""Duplicate idempotency key \'u2785552184336-0e9bde1fd3344761\' used with conflicting reservation parameters.""}')",1
atomic_update_spike_c50_rep2,atomic_update,spike,50,/items/:id/reserve [POST],"CatchResponseError('Conflict error: {""error_code"":""IDEMPOTENCY_CONFLICT"",""message"":""Duplicate idempotency key \'u2785552200848-8e3e43de0cb24787\' used with conflicting reservation parameters.""}')",2
atomic_update_spike_c50_rep2,atomic_update,spike,50,/items/:id/reserve [POST],"CatchResponseError('Conflict error: {""error_code"":""IDEMPOTENCY_CONFLICT"",""message"":""Duplicate idempotency key \'u2785552200848-0502de86de154acb\' used with conflicting reservation parameters.""}')",1
atomic_update_spike_c50_rep2,atomic_update,spike,50,/items/:id/reserve [POST],"CatchResponseError('Conflict error: {""error_code"":""IDEMPOTENCY_CONFLICT"",""message"":""Duplicate idempotency key \'u2785551349392-8697213b3cbe489c\' used with conflicting reservation parameters.""}')",1
atomic_update_spike_c50_rep2,atomic_update,spike,50,/items/:id/reserve [POST],"CatchResponseError('Conflict error: {""error_code"":""IDEMPOTENCY_CONFLICT"",""message"":""Duplicate idempotency key \'u2785551866512-f44f5d7a2b2f4419\' used with conflicting reservation parameters.""}')",1
atomic_update_spike_c50_rep2,atomic_update,spike,50,/items/:id/reserve [POST],"CatchResponseError('Conflict error: {""error_code"":""IDEMPOTENCY_CONFLICT"",""message"":""Duplicate idempotency key \'u2785552184336-e5211b9b271241e5\' used with conflicting reservation parameters.""}')",1
atomic_update_spike_c50_rep2,atomic_update,spike,50,/items/:id/reserve [POST],"CatchResponseError('Conflict error: {""error_code"":""IDEMPOTENCY_CONFLICT"",""message"":""Duplicate idempotency key \'u2785553273616-13afdc9563c0464f\' used with conflicting reservation parameters.""}')",1
atomic_update_spike_c50_rep2,atomic_update,spike,50,/items/:id/reserve [POST],"CatchResponseError('Conflict error: {""error_code"":""IDEMPOTENCY_CONFLICT"",""message"":""Duplicate idempotency key \'u2785552031792-9721921f23464540\' used with conflicting reservation parameters.""}')",1
atomic_update_spike_c50_rep2,atomic_update,spike,50,/items/:id/reserve [POST],"CatchResponseError('Conflict error: {""error_code"":""IDEMPOTENCY_CONFLICT"",""message"":""Duplicate idempotency key \'u2785552179728-e4fe06f0343046b2\' used with conflicting reservation parameters.""}')",1
atomic_update_spike_c50_rep2,atomic_update,spike,50,/items/:id/reserve [POST],"CatchResponseError('Conflict error: {""error_code"":""IDEMPOTENCY_CONFLICT"",""message"":""Duplicate idempotency key \'u2785552180496-8b9dd20ef1824ce0\' used with conflicting reservation parameters.""}')",1
atomic_update_spike_c50_rep2,atomic_update,spike,50,/items/:id/reserve [POST],"CatchResponseError('Conflict error: {""error_code"":""IDEMPOTENCY_CONFLICT"",""message"":""Duplicate idempotency key \'u2785551929408-7f8c85a4e2b7483e\' used with conflicting reservation parameters.""}')",1
atomic_update_spike_c50_rep2,atomic_update,spike,50,/items/:id/reserve [POST],"CatchResponseError('Conflict error: {""error_code"":""IDEMPOTENCY_CONFLICT"",""message"":""Duplicate idempotency key \'u2785552179728-5eedc9542e42406b\' used with conflicting reservation parameters.""}')",1
atomic_update_spike_c50_rep2,atomic_update,spike,50,/items/:id/reserve [POST],"CatchResponseError('Conflict error: {""error_code"":""IDEMPOTENCY_CONFLICT"",""message"":""Duplicate idempotency key \'u2785553632720-a0ef45ccbe95450b\' used with conflicting reservation parameters.""}')",1
atomic_update_spike_c50_rep2,atomic_update,spike,50,/items/:id/reserve [POST],"CatchResponseError('Conflict error: {""error_code"":""IDEMPOTENCY_CONFLICT"",""message"":""Duplicate idempotency key \'u2785553269584-286a46c97ee54390\' used with conflicting reservation parameters.""}')",1
atomic_update_spike_c5_rep1,atomic_update,spike,5,/items/:id/reserve [POST],"CatchResponseError('Conflict error: {""error_code"":""IDEMPOTENCY_CONFLICT"",""message"":""Duplicate idempotency key \'u2228577310416-ead9da085df7408d\' used with conflicting reservation parameters.""}')",1
atomic_update_spike_c5_rep1,atomic_update,spike,5,/items/:id/reserve [POST],"CatchResponseError('Conflict error: {""error_code"":""IDEMPOTENCY_CONFLICT"",""message"":""Duplicate idempotency key \'u2228577310416-a16dd09654424b24\' used with conflicting reservation parameters.""}')",2
atomic_update_spike_c5_rep1,atomic_update,spike,5,/items/:id/reserve [POST],"CatchResponseError('Conflict error: {""error_code"":""IDEMPOTENCY_CONFLICT"",""message"":""Duplicate idempotency key \'u2228577310416-2cd10bf70af14d10\' used with conflicting reservation parameters.""}')",1
atomic_update_spike_c5_rep1,atomic_update,spike,5,/items/:id/reserve [POST],"CatchResponseError('Conflict error: {""error_code"":""IDEMPOTENCY_CONFLICT"",""message"":""Duplicate idempotency key \'u2228577311376-a676136061574ac3\' used with conflicting reservation parameters.""}')",1
atomic_update_spike_c5_rep1,atomic_update,spike,5,/items/:id/reserve [POST],"CatchResponseError('Conflict error: {""error_code"":""IDEMPOTENCY_CONFLICT"",""message"":""Duplicate idempotency key \'u2228577664224-7006bb66bea74382\' used with conflicting reservation parameters.""}')",1
atomic_update_spike_c5_rep1,atomic_update,spike,5,/items/:id/reserve [POST],"CatchResponseError('Conflict error: {""error_code"":""IDEMPOTENCY_CONFLICT"",""message"":""Duplicate idempotency key \'u2228577311376-57008ad1d5f54a17\' used with conflicting reservation parameters.""}')",1
atomic_update_spike_c5_rep1,atomic_update,spike,5,/items/:id/reserve [POST],"CatchResponseError('Conflict error: {""error_code"":""IDEMPOTENCY_CONFLICT"",""message"":""Duplicate idempotency key \'u2228577311376-935e431273074a88\' used with conflicting reservation parameters.""}')",1
atomic_update_spike_c5_rep1,atomic_update,spike,5,/items/:id/reserve [POST],"CatchResponseError('Conflict error: {""error_code"":""IDEMPOTENCY_CONFLICT"",""message"":""Duplicate idempotency key \'u2228577664224-70a90ae3e0af4415\' used with conflicting reservation parameters.""}')",1
atomic_update_spike_c5_rep1,atomic_update,spike,5,/items/:id/reserve [POST],"CatchResponseError('Conflict error: {""error_code"":""IDEMPOTENCY_CONFLICT"",""message"":""Duplicate idempotency key \'u2228577311376-d3690c0f1b3b446c\' used with conflicting reservation parameters.""}')",1
atomic_update_spike_c5_rep1,atomic_update,spike,5,/items/:id/reserve [POST],"CatchResponseError('Conflict error: {""error_code"":""IDEMPOTENCY_CONFLICT"",""message"":""Duplicate idempotency key \'u2228577662096-79c619365f694e23\' used with conflicting reservation parameters.""}')",1
atomic_update_spike_c5_rep1,atomic_update,spike,5,/items/:id/reserve [POST],"CatchResponseError('Conflict error: {""error_code"":""IDEMPOTENCY_CONFLICT"",""message"":""Duplicate idempotency key \'u2228577662096-7adf2c59c0e24e77\' used with conflicting reservation parameters.""}')",1
atomic_update_spike_c5_rep1,atomic_update,spike,5,/items/:id/reserve [POST],"CatchResponseError('Conflict error: {""error_code"":""IDEMPOTENCY_CONFLICT"",""message"":""Duplicate idempotency key \'u2228577664224-1f5619ef22d5400f\' used with conflicting reservation parameters.""}')",1
atomic_update_spike_c5_rep1,atomic_update,spike,5,/items/:id/reserve [POST],"CatchResponseError('Conflict error: {""error_code"":""IDEMPOTENCY_CONFLICT"",""message"":""Duplicate idempotency key \'u2228577311376-ad6a446fb91e4fdc\' used with conflicting reservation parameters.""}')",2
atomic_update_spike_c5_rep1,atomic_update,spike,5,/items/:id/reserve [POST],"CatchResponseError('Conflict error: {""error_code"":""IDEMPOTENCY_CONFLICT"",""message"":""Duplicate idempotency key \'u2228577311376-cca7f3c887884cc7\' used with conflicting reservation parameters.""}')",1
atomic_update_spike_c5_rep1,atomic_update,spike,5,/items/:id/reserve [POST],"CatchResponseError('Conflict error: {""error_code"":""IDEMPOTENCY_CONFLICT"",""message"":""Duplicate idempotency key \'u2228576783056-e575a7ec3da94403\' used with conflicting reservation parameters.""}')",1
atomic_update_spike_c5_rep1,atomic_update,spike,5,/items/:id/reserve [POST],"CatchResponseError('Conflict error: {""error_code"":""IDEMPOTENCY_CONFLICT"",""message"":""Duplicate idempotency key \'u2228576783056-0d1eb59713fe4760\' used with conflicting reservation parameters.""}')",1
atomic_update_spike_c5_rep1,atomic_update,spike,5,/items/:id/reserve [POST],"CatchResponseError('Conflict error: {""error_code"":""IDEMPOTENCY_CONFLICT"",""message"":""Duplicate idempotency key \'u2228577662096-4c91717bd7694445\' used with conflicting reservation parameters.""}')",1
atomic_update_spike_c5_rep2,atomic_update,spike,5,/items/:id/reserve [POST],"CatchResponseError('Conflict error: {""error_code"":""IDEMPOTENCY_CONFLICT"",""message"":""Duplicate idempotency key \'u2275954526928-e44716cecccc4192\' used with conflicting reservation parameters.""}')",1
atomic_update_spike_c5_rep2,atomic_update,spike,5,/items/:id/reserve [POST],"CatchResponseError('Conflict error: {""error_code"":""IDEMPOTENCY_CONFLICT"",""message"":""Duplicate idempotency key \'u2275955408096-223aa63d5da142e6\' used with conflicting reservation parameters.""}')",1
atomic_update_spike_c5_rep2,atomic_update,spike,5,/items/:id/reserve [POST],"CatchResponseError('Conflict error: {""error_code"":""IDEMPOTENCY_CONFLICT"",""message"":""Duplicate idempotency key \'u2275954526928-3a329709fe614fdc\' used with conflicting reservation parameters.""}')",1
atomic_update_spike_c5_rep2,atomic_update,spike,5,/items/:id/reserve [POST],"CatchResponseError('Conflict error: {""error_code"":""IDEMPOTENCY_CONFLICT"",""message"":""Duplicate idempotency key \'u2275955408096-0e1d438a22b14499\' used with conflicting reservation parameters.""}')",1
atomic_update_spike_c5_rep2,atomic_update,spike,5,/items/:id/reserve [POST],"CatchResponseError('Conflict error: {""error_code"":""IDEMPOTENCY_CONFLICT"",""message"":""Duplicate idempotency key \'u2275955408096-3e999de57bac4d79\' used with conflicting reservation parameters.""}')",1
atomic_update_spike_c5_rep2,atomic_update,spike,5,/items/:id/reserve [POST],"CatchResponseError('Conflict error: {""error_code"":""IDEMPOTENCY_CONFLICT"",""message"":""Duplicate idempotency key \'u2275955408096-dd47f682fb2647d9\' used with conflicting reservation parameters.""}')",1
atomic_update_spike_c5_rep2,atomic_update,spike,5,/items/:id/reserve [POST],"CatchResponseError('Conflict error: {""error_code"":""IDEMPOTENCY_CONFLICT"",""message"":""Duplicate idempotency key \'u2275955054288-e7582e5aeff74362\' used with conflicting reservation parameters.""}')",1
atomic_update_spike_c5_rep2,atomic_update,spike,5,/items/:id/reserve [POST],"CatchResponseError('Conflict error: {""error_code"":""IDEMPOTENCY_CONFLICT"",""message"":""Duplicate idempotency key \'u2275955054288-1c974a3dc7284486\' used with conflicting reservation parameters.""}')",1
atomic_update_spike_c5_rep2,atomic_update,spike,5,/items/:id/reserve [POST],"CatchResponseError('Conflict error: {""error_code"":""IDEMPOTENCY_CONFLICT"",""message"":""Duplicate idempotency key \'u2275955055248-dfc3591aedc1408a\' used with conflicting reservation parameters.""}')",2
atomic_update_spike_c5_rep2,atomic_update,spike,5,/items/:id/reserve [POST],"CatchResponseError('Conflict error: {""error_code"":""IDEMPOTENCY_CONFLICT"",""message"":""Duplicate idempotency key \'u2275955408096-f93cdb5fb18643a5\' used with conflicting reservation parameters.""}')",1
atomic_update_spike_c5_rep2,atomic_update,spike,5,/items/:id/reserve [POST],"CatchResponseError('Conflict error: {""error_code"":""IDEMPOTENCY_CONFLICT"",""message"":""Duplicate idempotency key \'u2275955408096-e9f64f7404224c3e\' used with conflicting reservation parameters.""}')",1
atomic_update_spike_c5_rep2,atomic_update,spike,5,/items/:id/reserve [POST],"CatchResponseError('Conflict error: {""error_code"":""IDEMPOTENCY_CONFLICT"",""message"":""Duplicate idempotency key \'u2275955054288-250bdd8a0e4f4a40\' used with conflicting reservation parameters.""}')",1
atomic_update_spike_c5_rep2,atomic_update,spike,5,/items/:id/reserve [POST],"CatchResponseError('Conflict error: {""error_code"":""IDEMPOTENCY_CONFLICT"",""message"":""Duplicate idempotency key \'u2275955408096-66728e3a08ff4ddd\' used with conflicting reservation parameters.""}')",1
atomic_update_spike_c5_rep2,atomic_update,spike,5,/items/:id/reserve [POST],"CatchResponseError('Conflict error: {""error_code"":""IDEMPOTENCY_CONFLICT"",""message"":""Duplicate idempotency key \'u2275954526928-829a61a4981f4cf0\' used with conflicting reservation parameters.""}')",1
atomic_update_spike_c5_rep2,atomic_update,spike,5,/items/:id/reserve [POST],"CatchResponseError('Conflict error: {""error_code"":""IDEMPOTENCY_CONFLICT"",""message"":""Duplicate idempotency key \'u2275955405968-43754978de4d4907\' used with conflicting reservation parameters.""}')",1
atomic_update_spike_c5_rep2,atomic_update,spike,5,/items/:id/reserve [POST],"CatchResponseError('Conflict error: {""error_code"":""IDEMPOTENCY_CONFLICT"",""message"":""Duplicate idempotency key \'u2275954526928-f77ed919288e4bb4\' used with conflicting reservation parameters.""}')",1
atomic_update_spike_c5_rep2,atomic_update,spike,5,/items/:id/reserve [POST],"CatchResponseError('Conflict error: {""error_code"":""IDEMPOTENCY_CONFLICT"",""message"":""Duplicate idempotency key \'u2275954526928-3a718006e7714461\' used with conflicting reservation parameters.""}')",1
atomic_update_spike_c5_rep2,atomic_update,spike,5,/items/:id/reserve [POST],"CatchResponseError('Conflict error: {""error_code"":""IDEMPOTENCY_CONFLICT"",""message"":""Duplicate idempotency key \'u2275954526928-2863557536554166\' used with conflicting reservation parameters.""}')",1
atomic_update_spike_c5_rep2,atomic_update,spike,5,/items/:id/reserve [POST],"CatchResponseError('Conflict error: {""error_code"":""IDEMPOTENCY_CONFLICT"",""message"":""Duplicate idempotency key \'u2275955054288-71a18d242f7b486b\' used with conflicting reservation parameters.""}')",1
atomic_update_spike_c5_rep2,atomic_update,spike,5,/items/:id/reserve [POST],"CatchResponseError('Conflict error: {""error_code"":""IDEMPOTENCY_CONFLICT"",""message"":""Duplicate idempotency key \'u2275955408096-66bb2df5f4954554\' used with conflicting reservation parameters.""}')",1
atomic_update_spike_c5_rep2,atomic_update,spike,5,/items/:id/reserve [POST],"CatchResponseError('Conflict error: {""error_code"":""IDEMPOTENCY_CONFLICT"",""message"":""Duplicate idempotency key \'u2275955405968-375e2894ebaa45dd\' used with conflicting reservation parameters.""}')",1
atomic_update_spike_c5_rep2,atomic_update,spike,5,/items/:id/reserve [POST],"CatchResponseError('Conflict error: {""error_code"":""IDEMPOTENCY_CONFLICT"",""message"":""Duplicate idempotency key \'u2275955408096-918f7394dc604735\' used with conflicting reservation parameters.""}')",1
atomic_update_spike_c5_rep2,atomic_update,spike,5,/items/:id/reserve [POST],"CatchResponseError('Conflict error: {""error_code"":""IDEMPOTENCY_CONFLICT"",""message"":""Duplicate idempotency key \'u2275955055248-2c5de23ee21b4d53\' used with conflicting reservation parameters.""}')",1
atomic_update_spike_c5_rep2,atomic_update,spike,5,/items/:id/reserve [POST],"CatchResponseError('Conflict error: {""error_code"":""IDEMPOTENCY_CONFLICT"",""message"":""Duplicate idempotency key \'u2275955405968-aac64549bad6428b\' used with conflicting reservation parameters.""}')",1
atomic_update_spike_c5_rep2,atomic_update,spike,5,/items/:id/reserve [POST],"CatchResponseError('Conflict error: {""error_code"":""IDEMPOTENCY_CONFLICT"",""message"":""Duplicate idempotency key \'u2275955405968-80d1b370004346db\' used with conflicting reservation parameters.""}')",1
atomic_update_spike_c5_rep2,atomic_update,spike,5,/items/:id/reserve [POST],"CatchResponseError('Conflict error: {""error_code"":""IDEMPOTENCY_CONFLICT"",""message"":""Duplicate idempotency key \'u2275954526928-4cae4a5182a34732\' used with conflicting reservation parameters.""}')",1
atomic_update_spike_c5_rep2,atomic_update,spike,5,/items/:id/reserve [POST],"CatchResponseError('Conflict error: {""error_code"":""IDEMPOTENCY_CONFLICT"",""message"":""Duplicate idempotency key \'u2275955405968-f681b3afd69b4ed4\' used with conflicting reservation parameters.""}')",1
atomic_update_write_heavy_c100_rep1,atomic_update,write_heavy,100,/items/:id/reserve [POST],"CatchResponseError('Conflict error: {""error_code"":""IDEMPOTENCY_CONFLICT"",""message"":""Duplicate idempotency key \'u1440846840464-7680739ee2214803\' used with conflicting reservation parameters.""}')",1
atomic_update_write_heavy_c100_rep1,atomic_update,write_heavy,100,/items/:id/reserve [POST],"CatchResponseError('Conflict error: {""error_code"":""IDEMPOTENCY_CONFLICT"",""message"":""Duplicate idempotency key \'u1440852211280-6d22e8cf6e494ac7\' used with conflicting reservation parameters.""}')",1
atomic_update_write_heavy_c100_rep1,atomic_update,write_heavy,100,/items/:id/reserve [POST],"CatchResponseError('Conflict error: {""error_code"":""IDEMPOTENCY_CONFLICT"",""message"":""Duplicate idempotency key \'u1440851962064-116370282c1a4161\' used with conflicting reservation parameters.""}')",1
atomic_update_write_heavy_c100_rep1,atomic_update,write_heavy,100,/items/:id/reserve [POST],"CatchResponseError('Conflict error: {""error_code"":""IDEMPOTENCY_CONFLICT"",""message"":""Duplicate idempotency key \'u1440846112688-822b720d2d4b4828\' used with conflicting reservation parameters.""}')",1
atomic_update_write_heavy_c100_rep1,atomic_update,write_heavy,100,/items/:id/reserve [POST],"CatchResponseError('Conflict error: {""error_code"":""IDEMPOTENCY_CONFLICT"",""message"":""Duplicate idempotency key \'u1440852198608-c87f4e8e73dd4c70\' used with conflicting reservation parameters.""}')",1
atomic_update_write_heavy_c100_rep1,atomic_update,write_heavy,100,/items/:id/reserve [POST],"CatchResponseError('Conflict error: {""error_code"":""IDEMPOTENCY_CONFLICT"",""message"":""Duplicate idempotency key \'u1440846260432-b0e5ce7b224e4f97\' used with conflicting reservation parameters.""}')",1
atomic_update_write_heavy_c100_rep1,atomic_update,write_heavy,100,/items/:id/reserve [POST],"CatchResponseError('Conflict error: {""error_code"":""IDEMPOTENCY_CONFLICT"",""message"":""Duplicate idempotency key \'u1440847575760-969f41f10d8a4dc4\' used with conflicting reservation parameters.""}')",1
atomic_update_write_heavy_c100_rep1,atomic_update,write_heavy,100,/items/:id/reserve [POST],"CatchResponseError('Conflict error: {""error_code"":""IDEMPOTENCY_CONFLICT"",""message"":""Duplicate idempotency key \'u1440846844880-19d52ae7d1e04e82\' used with conflicting reservation parameters.""}')",1
atomic_update_write_heavy_c100_rep1,atomic_update,write_heavy,100,/items/:id/reserve [POST],"CatchResponseError('Conflict error: {""error_code"":""IDEMPOTENCY_CONFLICT"",""message"":""Duplicate idempotency key \'u1440846842000-c507dcf3ce6848d5\' used with conflicting reservation parameters.""}')",1
atomic_update_write_heavy_c100_rep1,atomic_update,write_heavy,100,/items/:id/reserve [POST],"CatchResponseError('Conflict error: {""error_code"":""IDEMPOTENCY_CONFLICT"",""message"":""Duplicate idempotency key \'u1440851964752-dba234b2e4c04ce5\' used with conflicting reservation parameters.""}')",1
atomic_update_write_heavy_c100_rep1,atomic_update,write_heavy,100,/items/:id/reserve [POST],"CatchResponseError('Conflict error: {""error_code"":""IDEMPOTENCY_CONFLICT"",""message"":""Duplicate idempotency key \'u1440846166736-d174592e789a4afe\' used with conflicting reservation parameters.""}')",1
atomic_update_write_heavy_c100_rep1,atomic_update,write_heavy,100,/items/:id/reserve [POST],"CatchResponseError('Conflict error: {""error_code"":""IDEMPOTENCY_CONFLICT"",""message"":""Duplicate idempotency key \'u1440851964752-764c6ba83315495d\' used with conflicting reservation parameters.""}')",1
atomic_update_write_heavy_c100_rep1,atomic_update,write_heavy,100,/items/:id/reserve [POST],"CatchResponseError('Conflict error: {""error_code"":""IDEMPOTENCY_CONFLICT"",""message"":""Duplicate idempotency key \'u1440845992000-8fc4c97abd754692\' used with conflicting reservation parameters.""}')",1
atomic_update_write_heavy_c100_rep1,atomic_update,write_heavy,100,/items/:id/reserve [POST],"CatchResponseError('Conflict error: {""error_code"":""IDEMPOTENCY_CONFLICT"",""message"":""Duplicate idempotency key \'u1440846854096-d6cac77697a64867\' used with conflicting reservation parameters.""}')",1
atomic_update_write_heavy_c100_rep1,atomic_update,write_heavy,100,/items/:id/reserve [POST],"CatchResponseError('Conflict error: {""error_code"":""IDEMPOTENCY_CONFLICT"",""message"":""Duplicate idempotency key \'u1440846841232-46ff3ba783ad4c44\' used with conflicting reservation parameters.""}')",1
atomic_update_write_heavy_c100_rep1,atomic_update,write_heavy,100,/items/:id/reserve [POST],"CatchResponseError('Conflict error: {""error_code"":""IDEMPOTENCY_CONFLICT"",""message"":""Duplicate idempotency key \'u1440846856016-ef2bb3b9f74945c6\' used with conflicting reservation parameters.""}')",1
atomic_update_write_heavy_c100_rep1,atomic_update,write_heavy,100,/items/:id/reserve [POST],"CatchResponseError('Conflict error: {""error_code"":""IDEMPOTENCY_CONFLICT"",""message"":""Duplicate idempotency key \'u1440851955152-4dc8d43a05c845cc\' used with conflicting reservation parameters.""}')",1
atomic_update_write_heavy_c100_rep1,atomic_update,write_heavy,100,/items/:id/reserve [POST],"CatchResponseError('Conflict error: {""error_code"":""IDEMPOTENCY_CONFLICT"",""message"":""Duplicate idempotency key \'u1440845994176-9cc57113358f41d9\' used with conflicting reservation parameters.""}')",1
atomic_update_write_heavy_c100_rep1,atomic_update,write_heavy,100,/items/:id/reserve [POST],"CatchResponseError('Conflict error: {""error_code"":""IDEMPOTENCY_CONFLICT"",""message"":""Duplicate idempotency key \'u1440846852560-2fbf70f3dd784d68\' used with conflicting reservation parameters.""}')",1
atomic_update_write_heavy_c100_rep1,atomic_update,write_heavy,100,/items/:id/reserve [POST],"CatchResponseError('Conflict error: {""error_code"":""IDEMPOTENCY_CONFLICT"",""message"":""Duplicate idempotency key \'u1440846846416-30ae5f9acfea4177\' used with conflicting reservation parameters.""}')",1
atomic_update_write_heavy_c100_rep1,atomic_update,write_heavy,100,/items/:id/reserve [POST],"CatchResponseError('Conflict error: {""error_code"":""IDEMPOTENCY_CONFLICT"",""message"":""Duplicate idempotency key \'u1440851962064-da14c722dd5a469e\' used with conflicting reservation parameters.""}')",1
atomic_update_write_heavy_c100_rep1,atomic_update,write_heavy,100,/items/:id/reserve [POST],"CatchResponseError('Conflict error: {""error_code"":""IDEMPOTENCY_CONFLICT"",""message"":""Duplicate idempotency key \'u1440852204560-4dafefd4ad194501\' used with conflicting reservation parameters.""}')",1
atomic_update_write_heavy_c100_rep1,atomic_update,write_heavy,100,/items/:id/reserve [POST],"CatchResponseError('Conflict error: {""error_code"":""IDEMPOTENCY_CONFLICT"",""message"":""Duplicate idempotency key \'u1440846841616-3ac758c899d944a0\' used with conflicting reservation parameters.""}')",2
atomic_update_write_heavy_c100_rep1,atomic_update,write_heavy,100,/items/:id/reserve [POST],"CatchResponseError('Conflict error: {""error_code"":""IDEMPOTENCY_CONFLICT"",""message"":""Duplicate idempotency key \'u1440846261968-adf97c2cbe56464c\' used with conflicting reservation parameters.""}')",1
atomic_update_write_heavy_c100_rep1,atomic_update,write_heavy,100,/items/:id/reserve [POST],"CatchResponseError('Conflict error: {""error_code"":""IDEMPOTENCY_CONFLICT"",""message"":""Duplicate idempotency key \'u1440846260432-88163aa779034621\' used with conflicting reservation parameters.""}')",1
atomic_update_write_heavy_c100_rep1,atomic_update,write_heavy,100,/items/:id/reserve [POST],"CatchResponseError('Conflict error: {""error_code"":""IDEMPOTENCY_CONFLICT"",""message"":""Duplicate idempotency key \'u1440852202256-8f073bae21cf492d\' used with conflicting reservation parameters.""}')",1
atomic_update_write_heavy_c100_rep1,atomic_update,write_heavy,100,/items/:id/reserve [POST],"CatchResponseError('Conflict error: {""error_code"":""IDEMPOTENCY_CONFLICT"",""message"":""Duplicate idempotency key \'u1440846110768-1d4e65f3e5b34153\' used with conflicting reservation parameters.""}')",1
atomic_update_write_heavy_c100_rep1,atomic_update,write_heavy,100,/items/:id/reserve [POST],"CatchResponseError('Conflict error: {""error_code"":""IDEMPOTENCY_CONFLICT"",""message"":""Duplicate idempotency key \'u1440846843344-4676d30792344286\' used with conflicting reservation parameters.""}')",1
atomic_update_write_heavy_c100_rep1,atomic_update,write_heavy,100,/items/:id/reserve [POST],"CatchResponseError('Conflict error: {""error_code"":""IDEMPOTENCY_CONFLICT"",""message"":""Duplicate idempotency key \'u1440845994176-a93335d286c242c0\' used with conflicting reservation parameters.""}')",1
atomic_update_write_heavy_c100_rep1,atomic_update,write_heavy,100,/items/:id/reserve [POST],"CatchResponseError('Conflict error: {""error_code"":""IDEMPOTENCY_CONFLICT"",""message"":""Duplicate idempotency key \'u1440845929104-aa39a8199db545e3\' used with conflicting reservation parameters.""}')",1
atomic_update_write_heavy_c100_rep1,atomic_update,write_heavy,100,/items/:id/reserve [POST],"CatchResponseError('Conflict error: {""error_code"":""IDEMPOTENCY_CONFLICT"",""message"":""Duplicate idempotency key \'u1440846259472-86385df568154f03\' used with conflicting reservation parameters.""}')",1
atomic_update_write_heavy_c100_rep1,atomic_update,write_heavy,100,/items/:id/reserve [POST],"CatchResponseError('Conflict error: {""error_code"":""IDEMPOTENCY_CONFLICT"",""message"":""Duplicate idempotency key \'u1440851967632-57e88b8805d44642\' used with conflicting reservation parameters.""}')",1
atomic_update_write_heavy_c100_rep2,atomic_update,write_heavy,100,/items/:id/reserve [POST],"CatchResponseError('Conflict error: {""error_code"":""IDEMPOTENCY_CONFLICT"",""message"":""Duplicate idempotency key \'u1762870953744-4abd534a938248c2\' used with conflicting reservation parameters.""}')",1
atomic_update_write_heavy_c100_rep2,atomic_update,write_heavy,100,/items/:id/reserve [POST],"CatchResponseError('Conflict error: {""error_code"":""IDEMPOTENCY_CONFLICT"",""message"":""Duplicate idempotency key \'u1762875991504-7e128b34fb084d70\' used with conflicting reservation parameters.""}')",1
atomic_update_write_heavy_c100_rep2,atomic_update,write_heavy,100,/items/:id/reserve [POST],"CatchResponseError('Conflict error: {""error_code"":""IDEMPOTENCY_CONFLICT"",""message"":""Duplicate idempotency key \'u1762870391952-2a8b7c0e084e4854\' used with conflicting reservation parameters.""}')",1
atomic_update_write_heavy_c100_rep2,atomic_update,write_heavy,100,/items/:id/reserve [POST],"CatchResponseError('Conflict error: {""error_code"":""IDEMPOTENCY_CONFLICT"",""message"":""Duplicate idempotency key \'u1762871637584-45d3572787ae475e\' used with conflicting reservation parameters.""}')",1
atomic_update_write_heavy_c100_rep2,atomic_update,write_heavy,100,/items/:id/reserve [POST],"CatchResponseError('Conflict error: {""error_code"":""IDEMPOTENCY_CONFLICT"",""message"":""Duplicate idempotency key \'u1762875989200-1026d0b0bdee43a4\' used with conflicting reservation parameters.""}')",1
atomic_update_write_heavy_c100_rep2,atomic_update,write_heavy,100,/items/:id/reserve [POST],"CatchResponseError('Conflict error: {""error_code"":""IDEMPOTENCY_CONFLICT"",""message"":""Duplicate idempotency key \'u1762875989968-f7cf2531dc06421d\' used with conflicting reservation parameters.""}')",1
atomic_update_write_heavy_c100_rep2,atomic_update,write_heavy,100,/items/:id/reserve [POST],"CatchResponseError('Conflict error: {""error_code"":""IDEMPOTENCY_CONFLICT"",""message"":""Duplicate idempotency key \'u1762875993424-520bf9a3874643d2\' used with conflicting reservation parameters.""}')",1
atomic_update_write_heavy_c100_rep2,atomic_update,write_heavy,100,/items/:id/reserve [POST],"CatchResponseError('Conflict error: {""error_code"":""IDEMPOTENCY_CONFLICT"",""message"":""Duplicate idempotency key \'u1762870375248-e424236035874cac\' used with conflicting reservation parameters.""}')",1
atomic_update_write_heavy_c100_rep2,atomic_update,write_heavy,100,/items/:id/reserve [POST],"CatchResponseError('Conflict error: {""error_code"":""IDEMPOTENCY_CONFLICT"",""message"":""Duplicate idempotency key \'u1762871625296-2cc11b7ac0ee4244\' used with conflicting reservation parameters.""}')",1
atomic_update_write_heavy_c100_rep2,atomic_update,write_heavy,100,/items/:id/reserve [POST],"CatchResponseError('Conflict error: {""error_code"":""IDEMPOTENCY_CONFLICT"",""message"":""Duplicate idempotency key \'u1762875992080-d0654ac88f3f40ef\' used with conflicting reservation parameters.""}')",1
atomic_update_write_heavy_c100_rep2,atomic_update,write_heavy,100,/items/:id/reserve [POST],"CatchResponseError('Conflict error: {""error_code"":""IDEMPOTENCY_CONFLICT"",""message"":""Duplicate idempotency key \'u1762870371216-a29efd2e9ddf4dc8\' used with conflicting reservation parameters.""}')",1
atomic_update_write_heavy_c100_rep2,atomic_update,write_heavy,100,/items/:id/reserve [POST],"CatchResponseError('Conflict error: {""error_code"":""IDEMPOTENCY_CONFLICT"",""message"":""Duplicate idempotency key \'u1762870104128-6af97535b7bc494a\' used with conflicting reservation parameters.""}')",1
atomic_update_write_heavy_c100_rep2,atomic_update,write_heavy,100,/items/:id/reserve [POST],"CatchResponseError('Conflict error: {""error_code"":""IDEMPOTENCY_CONFLICT"",""message"":""Duplicate idempotency key \'u1762875983248-5044ed37cbd64b77\' used with conflicting reservation parameters.""}')",1
atomic_update_write_heavy_c100_rep2,atomic_update,write_heavy,100,/items/:id/reserve [POST],"CatchResponseError('Conflict error: {""error_code"":""IDEMPOTENCY_CONFLICT"",""message"":""Duplicate idempotency key \'u1762875993424-f6635012395a4da3\' used with conflicting reservation parameters.""}')",1
atomic_update_write_heavy_c100_rep2,atomic_update,write_heavy,100,/items/:id/reserve [POST],"CatchResponseError('Conflict error: {""error_code"":""IDEMPOTENCY_CONFLICT"",""message"":""Duplicate idempotency key \'u1762870222896-391f70fc1668410d\' used with conflicting reservation parameters.""}')",1
atomic_update_write_heavy_c100_rep2,atomic_update,write_heavy,100,/items/:id/reserve [POST],"CatchResponseError('Conflict error: {""error_code"":""IDEMPOTENCY_CONFLICT"",""message"":""Duplicate idempotency key \'u1762871637200-98924e50b8754b74\' used with conflicting reservation parameters.""}')",1
atomic_update_write_heavy_c100_rep2,atomic_update,write_heavy,100,/items/:id/reserve [POST],"CatchResponseError('Conflict error: {""error_code"":""IDEMPOTENCY_CONFLICT"",""message"":""Duplicate idempotency key \'u1762876211472-9795dd3d05954483\' used with conflicting reservation parameters.""}')",1
atomic_update_write_heavy_c100_rep2,atomic_update,write_heavy,100,/items/:id/reserve [POST],"CatchResponseError('Conflict error: {""error_code"":""IDEMPOTENCY_CONFLICT"",""message"":""Duplicate idempotency key \'u1762870954512-1b0842b3e9fd45c2\' used with conflicting reservation parameters.""}')",1
atomic_update_write_heavy_c100_rep2,atomic_update,write_heavy,100,/items/:id/reserve [POST],"CatchResponseError('Conflict error: {""error_code"":""IDEMPOTENCY_CONFLICT"",""message"":""Duplicate idempotency key \'u1762870375632-6c71ff0b75934c5a\' used with conflicting reservation parameters.""}')",1
atomic_update_write_heavy_c100_rep2,atomic_update,write_heavy,100,/items/:id/reserve [POST],"CatchResponseError('Conflict error: {""error_code"":""IDEMPOTENCY_CONFLICT"",""message"":""Duplicate idempotency key \'u1762870376016-b458436f62c4428c\' used with conflicting reservation parameters.""}')",1
atomic_update_write_heavy_c100_rep2,atomic_update,write_heavy,100,/items/:id/reserve [POST],"CatchResponseError('Conflict error: {""error_code"":""IDEMPOTENCY_CONFLICT"",""message"":""Duplicate idempotency key \'u1762870370832-11254b0b31ec49e3\' used with conflicting reservation parameters.""}')",2
atomic_update_write_heavy_c100_rep2,atomic_update,write_heavy,100,/items/:id/reserve [POST],"CatchResponseError('Conflict error: {""error_code"":""IDEMPOTENCY_CONFLICT"",""message"":""Duplicate idempotency key \'u1762875989776-cbc410ba49f84d88\' used with conflicting reservation parameters.""}')",1
atomic_update_write_heavy_c100_rep2,atomic_update,write_heavy,100,/items/:id/reserve [POST],"CatchResponseError('Conflict error: {""error_code"":""IDEMPOTENCY_CONFLICT"",""message"":""Duplicate idempotency key \'u1762870370064-b64cc3fb167d4909\' used with conflicting reservation parameters.""}')",1
atomic_update_write_heavy_c100_rep2,atomic_update,write_heavy,100,/items/:id/reserve [POST],"CatchResponseError('Conflict error: {""error_code"":""IDEMPOTENCY_CONFLICT"",""message"":""Duplicate idempotency key \'u1762870222896-2c06629a9b764644\' used with conflicting reservation parameters.""}')",1
atomic_update_write_heavy_c100_rep2,atomic_update,write_heavy,100,/items/:id/reserve [POST],"CatchResponseError('Conflict error: {""error_code"":""IDEMPOTENCY_CONFLICT"",""message"":""Duplicate idempotency key \'u1762870953360-f05701d66b484c8a\' used with conflicting reservation parameters.""}')",1
atomic_update_write_heavy_c100_rep2,atomic_update,write_heavy,100,/items/:id/reserve [POST],"CatchResponseError('Conflict error: {""error_code"":""IDEMPOTENCY_CONFLICT"",""message"":""Duplicate idempotency key \'u1762870372944-a7edcf558c8f4bfe\' used with conflicting reservation parameters.""}')",1
atomic_update_write_heavy_c100_rep2,atomic_update,write_heavy,100,/items/:id/reserve [POST],"CatchResponseError('Conflict error: {""error_code"":""IDEMPOTENCY_CONFLICT"",""message"":""Duplicate idempotency key \'u1762871632784-f2a9eda599814229\' used with conflicting reservation parameters.""}')",1
atomic_update_write_heavy_c100_rep2,atomic_update,write_heavy,100,/items/:id/reserve [POST],"CatchResponseError('Conflict error: {""error_code"":""IDEMPOTENCY_CONFLICT"",""message"":""Duplicate idempotency key \'u1762870056080-a8875bfb28f744b0\' used with conflicting reservation parameters.""}')",1
atomic_update_write_heavy_c100_rep2,atomic_update,write_heavy,100,/items/:id/reserve [POST],"CatchResponseError('Conflict error: {""error_code"":""IDEMPOTENCY_CONFLICT"",""message"":""Duplicate idempotency key \'u1762876211664-73a164c828bb4352\' used with conflicting reservation parameters.""}')",1
atomic_update_write_heavy_c100_rep2,atomic_update,write_heavy,100,/items/:id/reserve [POST],"CatchResponseError('Conflict error: {""error_code"":""IDEMPOTENCY_CONFLICT"",""message"":""Duplicate idempotency key \'u1762870965072-62e3ed4f561545b8\' used with conflicting reservation parameters.""}')",1
atomic_update_write_heavy_c100_rep2,atomic_update,write_heavy,100,/items/:id/reserve [POST],"CatchResponseError('Conflict error: {""error_code"":""IDEMPOTENCY_CONFLICT"",""message"":""Duplicate idempotency key \'u1762870369296-f22996e1d6c34f27\' used with conflicting reservation parameters.""}')",1
atomic_update_write_heavy_c100_rep2,atomic_update,write_heavy,100,/items/:id/reserve [POST],"CatchResponseError('Conflict error: {""error_code"":""IDEMPOTENCY_CONFLICT"",""message"":""Duplicate idempotency key \'u1762870370064-93a39ff7f89f44f6\' used with conflicting reservation parameters.""}')",1
atomic_update_write_heavy_c100_rep2,atomic_update,write_heavy,100,/items/:id/reserve [POST],"CatchResponseError('Conflict error: {""error_code"":""IDEMPOTENCY_CONFLICT"",""message"":""Duplicate idempotency key \'u1762871633936-6894ff84aaa44390\' used with conflicting reservation parameters.""}')",1
atomic_update_write_heavy_c100_rep2,atomic_update,write_heavy,100,/items/:id/reserve [POST],"CatchResponseError('Conflict error: {""error_code"":""IDEMPOTENCY_CONFLICT"",""message"":""Duplicate idempotency key \'u1762869556880-29ebdd2d910c4360\' used with conflicting reservation parameters.""}')",1
atomic_update_write_heavy_c100_rep2,atomic_update,write_heavy,100,/items/:id/reserve [POST],"CatchResponseError('Conflict error: {""error_code"":""IDEMPOTENCY_CONFLICT"",""message"":""Duplicate idempotency key \'u1762876221456-f1273b179b724efd\' used with conflicting reservation parameters.""}')",1
atomic_update_write_heavy_c100_rep2,atomic_update,write_heavy,100,/items/:id/reserve [POST],"CatchResponseError('Conflict error: {""error_code"":""IDEMPOTENCY_CONFLICT"",""message"":""Duplicate idempotency key \'u1762870374480-6ef4cff67adc4c2b\' used with conflicting reservation parameters.""}')",1
atomic_update_write_heavy_c100_rep2,atomic_update,write_heavy,100,/items/:id/reserve [POST],"CatchResponseError('Conflict error: {""error_code"":""IDEMPOTENCY_CONFLICT"",""message"":""Duplicate idempotency key \'u1762870222896-7329d9c9cb7d4170\' used with conflicting reservation parameters.""}')",1
atomic_update_write_heavy_c100_rep2,atomic_update,write_heavy,100,/items/:id/reserve [POST],"CatchResponseError('Conflict error: {""error_code"":""IDEMPOTENCY_CONFLICT"",""message"":""Duplicate idempotency key \'u1762870371600-d8180b8c916e4d35\' used with conflicting reservation parameters.""}')",1
atomic_update_write_heavy_c100_rep2,atomic_update,write_heavy,100,/items/:id/reserve [POST],"CatchResponseError('Conflict error: {""error_code"":""IDEMPOTENCY_CONFLICT"",""message"":""Duplicate idempotency key \'u1762870370064-9cca317396334244\' used with conflicting reservation parameters.""}')",1
atomic_update_write_heavy_c100_rep2,atomic_update,write_heavy,100,/items/:id/reserve [POST],"CatchResponseError('Conflict error: {""error_code"":""IDEMPOTENCY_CONFLICT"",""message"":""Duplicate idempotency key \'u1762870373712-001542f46dff4b10\' used with conflicting reservation parameters.""}')",1
atomic_update_write_heavy_c100_rep2,atomic_update,write_heavy,100,/items/:id/reserve [POST],"CatchResponseError('Conflict error: {""error_code"":""IDEMPOTENCY_CONFLICT"",""message"":""Duplicate idempotency key \'u1762869821520-6249f6042f19451b\' used with conflicting reservation parameters.""}')",1
atomic_update_write_heavy_c100_rep2,atomic_update,write_heavy,100,/items/:id/reserve [POST],"CatchResponseError('Conflict error: {""error_code"":""IDEMPOTENCY_CONFLICT"",""message"":""Duplicate idempotency key \'u1762870040272-3f4a320c4449407e\' used with conflicting reservation parameters.""}')",1
atomic_update_write_heavy_c100_rep2,atomic_update,write_heavy,100,/items/:id/reserve [POST],"CatchResponseError('Conflict error: {""error_code"":""IDEMPOTENCY_CONFLICT"",""message"":""Duplicate idempotency key \'u1762870377168-430d1233db734e0b\' used with conflicting reservation parameters.""}')",1
atomic_update_write_heavy_c100_rep2,atomic_update,write_heavy,100,/items/:id/reserve [POST],"CatchResponseError('Conflict error: {""error_code"":""IDEMPOTENCY_CONFLICT"",""message"":""Duplicate idempotency key \'u1762870032976-8bfe886ce5e44acf\' used with conflicting reservation parameters.""}')",1
atomic_update_write_heavy_c100_rep2,atomic_update,write_heavy,100,/items/:id/reserve [POST],"CatchResponseError('Conflict error: {""error_code"":""IDEMPOTENCY_CONFLICT"",""message"":""Duplicate idempotency key \'u1762870367184-30b9024a7d654174\' used with conflicting reservation parameters.""}')",1
atomic_update_write_heavy_c20_rep1,atomic_update,write_heavy,20,/items/:id/reserve [POST],"CatchResponseError('Conflict error: {""error_code"":""IDEMPOTENCY_CONFLICT"",""message"":""Duplicate idempotency key \'u1979606832848-363f36e10b2b4739\' used with conflicting reservation parameters.""}')",1
atomic_update_write_heavy_c20_rep1,atomic_update,write_heavy,20,/items/:id/reserve [POST],"CatchResponseError('Conflict error: {""error_code"":""IDEMPOTENCY_CONFLICT"",""message"":""Duplicate idempotency key \'u1979608084368-08e628cf9c8e48d6\' used with conflicting reservation parameters.""}')",1
atomic_update_write_heavy_c20_rep1,atomic_update,write_heavy,20,/items/:id/reserve [POST],"CatchResponseError('Conflict error: {""error_code"":""IDEMPOTENCY_CONFLICT"",""message"":""Duplicate idempotency key \'u1979607184528-78fcfb6ad95b43c7\' used with conflicting reservation parameters.""}')",1
atomic_update_write_heavy_c20_rep1,atomic_update,write_heavy,20,/items/:id/reserve [POST],"CatchResponseError('Conflict error: {""error_code"":""IDEMPOTENCY_CONFLICT"",""message"":""Duplicate idempotency key \'u1979607186656-b195a8101c594add\' used with conflicting reservation parameters.""}')",1
atomic_update_write_heavy_c20_rep1,atomic_update,write_heavy,20,/items/:id/reserve [POST],"CatchResponseError('Conflict error: {""error_code"":""IDEMPOTENCY_CONFLICT"",""message"":""Duplicate idempotency key \'u1979606510688-26e279c3eaab474a\' used with conflicting reservation parameters.""}')",1
atomic_update_write_heavy_c20_rep1,atomic_update,write_heavy,20,/items/:id/reserve [POST],"CatchResponseError('Conflict error: {""error_code"":""IDEMPOTENCY_CONFLICT"",""message"":""Duplicate idempotency key \'u1979606825552-7367b32baea9437c\' used with conflicting reservation parameters.""}')",1
atomic_update_write_heavy_c20_rep1,atomic_update,write_heavy,20,/items/:id/reserve [POST],"CatchResponseError('Conflict error: {""error_code"":""IDEMPOTENCY_CONFLICT"",""message"":""Duplicate idempotency key \'u1979608084368-bae31dad2a33497c\' used with conflicting reservation parameters.""}')",1
atomic_update_write_heavy_c20_rep1,atomic_update,write_heavy,20,/items/:id/reserve [POST],"CatchResponseError('Conflict error: {""error_code"":""IDEMPOTENCY_CONFLICT"",""message"":""Duplicate idempotency key \'u1979606510688-b7c362c7c06c4d5c\' used with conflicting reservation parameters.""}')",1
atomic_update_write_heavy_c20_rep1,atomic_update,write_heavy,20,/items/:id/reserve [POST],"CatchResponseError('Conflict error: {""error_code"":""IDEMPOTENCY_CONFLICT"",""message"":""Duplicate idempotency key \'u1979607184528-025919c78b384c3d\' used with conflicting reservation parameters.""}')",1
atomic_update_write_heavy_c20_rep1,atomic_update,write_heavy,20,/items/:id/reserve [POST],"CatchResponseError('Conflict error: {""error_code"":""IDEMPOTENCY_CONFLICT"",""message"":""Duplicate idempotency key \'u1979606898880-f1483420824f4f6c\' used with conflicting reservation parameters.""}')",1
atomic_update_write_heavy_c20_rep1,atomic_update,write_heavy,20,/items/:id/reserve [POST],"CatchResponseError('Conflict error: {""error_code"":""IDEMPOTENCY_CONFLICT"",""message"":""Duplicate idempotency key \'u1979608084944-65f63f92192d44de\' used with conflicting reservation parameters.""}')",1
atomic_update_write_heavy_c20_rep1,atomic_update,write_heavy,20,/items/:id/reserve [POST],"CatchResponseError('Conflict error: {""error_code"":""IDEMPOTENCY_CONFLICT"",""message"":""Duplicate idempotency key \'u1979606848656-3670d78ca5a24a8a\' used with conflicting reservation parameters.""}')",1
atomic_update_write_heavy_c20_rep2,atomic_update,write_heavy,20,/items/:id/reserve [POST],"CatchResponseError('Conflict error: {""error_code"":""IDEMPOTENCY_CONFLICT"",""message"":""Duplicate idempotency key \'u2665194307664-2c1d9f90807744aa\' used with conflicting reservation parameters.""}')",1
atomic_update_write_heavy_c20_rep2,atomic_update,write_heavy,20,/items/:id/reserve [POST],"CatchResponseError('Conflict error: {""error_code"":""IDEMPOTENCY_CONFLICT"",""message"":""Duplicate idempotency key \'u2665194878096-b589639085b944a5\' used with conflicting reservation parameters.""}')",1
atomic_update_write_heavy_c20_rep2,atomic_update,write_heavy,20,/items/:id/reserve [POST],"CatchResponseError('Conflict error: {""error_code"":""IDEMPOTENCY_CONFLICT"",""message"":""Duplicate idempotency key \'u2665194863696-9286c0ad908f4a7b\' used with conflicting reservation parameters.""}')",1
atomic_update_write_heavy_c20_rep2,atomic_update,write_heavy,20,/items/:id/reserve [POST],"CatchResponseError('Conflict error: {""error_code"":""IDEMPOTENCY_CONFLICT"",""message"":""Duplicate idempotency key \'u2665193999056-487fc6aaea414eb1\' used with conflicting reservation parameters.""}')",1
atomic_update_write_heavy_c20_rep2,atomic_update,write_heavy,20,/items/:id/reserve [POST],"CatchResponseError('Conflict error: {""error_code"":""IDEMPOTENCY_CONFLICT"",""message"":""Duplicate idempotency key \'u2665194590272-79bf8a8d33234c88\' used with conflicting reservation parameters.""}')",1
atomic_update_write_heavy_c20_rep2,atomic_update,write_heavy,20,/items/:id/reserve [POST],"CatchResponseError('Conflict error: {""error_code"":""IDEMPOTENCY_CONFLICT"",""message"":""Duplicate idempotency key \'u2665194234928-1c496ba0c2bb494d\' used with conflicting reservation parameters.""}')",1
atomic_update_write_heavy_c20_rep2,atomic_update,write_heavy,20,/items/:id/reserve [POST],"CatchResponseError('Conflict error: {""error_code"":""IDEMPOTENCY_CONFLICT"",""message"":""Duplicate idempotency key \'u2665194527376-9eba74f0e0334b3c\' used with conflicting reservation parameters.""}')",1
atomic_update_write_heavy_c20_rep2,atomic_update,write_heavy,20,/items/:id/reserve [POST],"CatchResponseError('Conflict error: {""error_code"":""IDEMPOTENCY_CONFLICT"",""message"":""Duplicate idempotency key \'u2665194527376-ddf8eb69e496471b\' used with conflicting reservation parameters.""}')",1
atomic_update_write_heavy_c20_rep2,atomic_update,write_heavy,20,/items/:id/reserve [POST],"CatchResponseError('Conflict error: {""error_code"":""IDEMPOTENCY_CONFLICT"",""message"":""Duplicate idempotency key \'u2665194519120-8841f2a854f540d2\' used with conflicting reservation parameters.""}')",1
atomic_update_write_heavy_c20_rep2,atomic_update,write_heavy,20,/items/:id/reserve [POST],"CatchResponseError('Conflict error: {""error_code"":""IDEMPOTENCY_CONFLICT"",""message"":""Duplicate idempotency key \'u2665194339024-e91c08700c864704\' used with conflicting reservation parameters.""}')",1
atomic_update_write_heavy_c20_rep2,atomic_update,write_heavy,20,/items/:id/reserve [POST],"CatchResponseError('Conflict error: {""error_code"":""IDEMPOTENCY_CONFLICT"",""message"":""Duplicate idempotency key \'u2665194709040-7afe61ac957d44d4\' used with conflicting reservation parameters.""}')",1
atomic_update_write_heavy_c20_rep2,atomic_update,write_heavy,20,/items/:id/reserve [POST],"CatchResponseError('Conflict error: {""error_code"":""IDEMPOTENCY_CONFLICT"",""message"":""Duplicate idempotency key \'u2665194526416-afb1769dffc1412f\' used with conflicting reservation parameters.""}')",1
atomic_update_write_heavy_c20_rep2,atomic_update,write_heavy,20,/items/:id/reserve [POST],"CatchResponseError('Conflict error: {""error_code"":""IDEMPOTENCY_CONFLICT"",""message"":""Duplicate idempotency key \'u2665194234928-c195954e16074c67\' used with conflicting reservation parameters.""}')",1
atomic_update_write_heavy_c20_rep2,atomic_update,write_heavy,20,/items/:id/reserve [POST],"CatchResponseError('Conflict error: {""error_code"":""IDEMPOTENCY_CONFLICT"",""message"":""Duplicate idempotency key \'u2665194864272-aa5b9cbf3c9a4ad1\' used with conflicting reservation parameters.""}')",1
atomic_update_write_heavy_c20_rep2,atomic_update,write_heavy,20,/items/:id/reserve [POST],"CatchResponseError('Conflict error: {""error_code"":""IDEMPOTENCY_CONFLICT"",""message"":""Duplicate idempotency key \'u2665194339024-3aece174647f4220\' used with conflicting reservation parameters.""}')",1
atomic_update_write_heavy_c20_rep2,atomic_update,write_heavy,20,/items/:id/reserve [POST],"CatchResponseError('Conflict error: {""error_code"":""IDEMPOTENCY_CONFLICT"",""message"":""Duplicate idempotency key \'u2665194863696-a6ec072ada9040e9\' used with conflicting reservation parameters.""}')",1
atomic_update_write_heavy_c20_rep2,atomic_update,write_heavy,20,/items/:id/reserve [POST],"CatchResponseError('Conflict error: {""error_code"":""IDEMPOTENCY_CONFLICT"",""message"":""Duplicate idempotency key \'u2665194709040-2882cbfb50024f68\' used with conflicting reservation parameters.""}')",2
atomic_update_write_heavy_c20_rep2,atomic_update,write_heavy,20,/items/:id/reserve [POST],"CatchResponseError('Conflict error: {""error_code"":""IDEMPOTENCY_CONFLICT"",""message"":""Duplicate idempotency key \'u2665194526416-0c43843707ad40ce\' used with conflicting reservation parameters.""}')",1
atomic_update_write_heavy_c20_rep2,atomic_update,write_heavy,20,/items/:id/reserve [POST],"CatchResponseError('Conflict error: {""error_code"":""IDEMPOTENCY_CONFLICT"",""message"":""Duplicate idempotency key \'u2665194307664-947eef74cc174f1e\' used with conflicting reservation parameters.""}')",2
atomic_update_write_heavy_c20_rep2,atomic_update,write_heavy,20,/items/:id/reserve [POST],"CatchResponseError('Conflict error: {""error_code"":""IDEMPOTENCY_CONFLICT"",""message"":""Duplicate idempotency key \'u2665194880224-54da21443dfb49da\' used with conflicting reservation parameters.""}')",1
atomic_update_write_heavy_c20_rep2,atomic_update,write_heavy,20,/items/:id/reserve [POST],"CatchResponseError('Conflict error: {""error_code"":""IDEMPOTENCY_CONFLICT"",""message"":""Duplicate idempotency key \'u2665194880224-15ab085bc4444138\' used with conflicting reservation parameters.""}')",1
atomic_update_write_heavy_c20_rep2,atomic_update,write_heavy,20,/items/:id/reserve [POST],"CatchResponseError('Conflict error: {""error_code"":""IDEMPOTENCY_CONFLICT"",""message"":""Duplicate idempotency key \'u2665194864272-7eb5b04082ee4fd6\' used with conflicting reservation parameters.""}')",2
atomic_update_write_heavy_c20_rep2,atomic_update,write_heavy,20,/items/:id/reserve [POST],"CatchResponseError('Conflict error: {""error_code"":""IDEMPOTENCY_CONFLICT"",""message"":""Duplicate idempotency key \'u2665194859280-728d65802d144e9c\' used with conflicting reservation parameters.""}')",1
atomic_update_write_heavy_c20_rep2,atomic_update,write_heavy,20,/items/:id/reserve [POST],"CatchResponseError('Conflict error: {""error_code"":""IDEMPOTENCY_CONFLICT"",""message"":""Duplicate idempotency key \'u2665194234928-f20d52c722684700\' used with conflicting reservation parameters.""}')",1
atomic_update_write_heavy_c20_rep2,atomic_update,write_heavy,20,/items/:id/reserve [POST],"CatchResponseError('Conflict error: {""error_code"":""IDEMPOTENCY_CONFLICT"",""message"":""Duplicate idempotency key \'u2665194878096-9ac5eb44ecd34029\' used with conflicting reservation parameters.""}')",1
atomic_update_write_heavy_c20_rep2,atomic_update,write_heavy,20,/items/:id/reserve [POST],"CatchResponseError('Conflict error: {""error_code"":""IDEMPOTENCY_CONFLICT"",""message"":""Duplicate idempotency key \'u2665194542224-e665b84eb4d24b18\' used with conflicting reservation parameters.""}')",1
atomic_update_write_heavy_c20_rep2,atomic_update,write_heavy,20,/items/:id/reserve [POST],"CatchResponseError('Conflict error: {""error_code"":""IDEMPOTENCY_CONFLICT"",""message"":""Duplicate idempotency key \'u2665194863696-8fb180c95acc48cf\' used with conflicting reservation parameters.""}')",1
atomic_update_write_heavy_c20_rep2,atomic_update,write_heavy,20,/items/:id/reserve [POST],"CatchResponseError('Conflict error: {""error_code"":""IDEMPOTENCY_CONFLICT"",""message"":""Duplicate idempotency key \'u2665194307664-58c041ef0f7b444f\' used with conflicting reservation parameters.""}')",1
atomic_update_write_heavy_c20_rep2,atomic_update,write_heavy,20,/items/:id/reserve [POST],"CatchResponseError('Conflict error: {""error_code"":""IDEMPOTENCY_CONFLICT"",""message"":""Duplicate idempotency key \'u2665194878096-7a6483d5c9c849c0\' used with conflicting reservation parameters.""}')",1
atomic_update_write_heavy_c20_rep2,atomic_update,write_heavy,20,/items/:id/reserve [POST],"CatchResponseError('Conflict error: {""error_code"":""IDEMPOTENCY_CONFLICT"",""message"":""Duplicate idempotency key \'u2665194709040-5bbecf1a2b284d36\' used with conflicting reservation parameters.""}')",1
atomic_update_write_heavy_c20_rep2,atomic_update,write_heavy,20,/items/:id/reserve [POST],"CatchResponseError('Conflict error: {""error_code"":""IDEMPOTENCY_CONFLICT"",""message"":""Duplicate idempotency key \'u2665194519120-f6c8edbced624962\' used with conflicting reservation parameters.""}')",1
atomic_update_write_heavy_c20_rep2,atomic_update,write_heavy,20,/items/:id/reserve [POST],"CatchResponseError('Conflict error: {""error_code"":""IDEMPOTENCY_CONFLICT"",""message"":""Duplicate idempotency key \'u2665194519120-8dcb88ce0cde40cb\' used with conflicting reservation parameters.""}')",1
atomic_update_write_heavy_c20_rep2,atomic_update,write_heavy,20,/items/:id/reserve [POST],"CatchResponseError('Conflict error: {""error_code"":""IDEMPOTENCY_CONFLICT"",""message"":""Duplicate idempotency key \'u2665194542224-47b8578921e44db7\' used with conflicting reservation parameters.""}')",1
atomic_update_write_heavy_c20_rep2,atomic_update,write_heavy,20,/items/:id/reserve [POST],"CatchResponseError('Conflict error: {""error_code"":""IDEMPOTENCY_CONFLICT"",""message"":""Duplicate idempotency key \'u2665194864272-39ffa1e6f34443ae\' used with conflicting reservation parameters.""}')",1
atomic_update_write_heavy_c20_rep2,atomic_update,write_heavy,20,/items/:id/reserve [POST],"CatchResponseError('Conflict error: {""error_code"":""IDEMPOTENCY_CONFLICT"",""message"":""Duplicate idempotency key \'u2665194864272-46ffe48f46f64b59\' used with conflicting reservation parameters.""}')",1
atomic_update_write_heavy_c50_rep1,atomic_update,write_heavy,50,/items/:id/reserve [POST],"CatchResponseError('Conflict error: {""error_code"":""IDEMPOTENCY_CONFLICT"",""message"":""Duplicate idempotency key \'u2878129600272-c5df97fed00c4971\' used with conflicting reservation parameters.""}')",1
atomic_update_write_heavy_c50_rep1,atomic_update,write_heavy,50,/items/:id/reserve [POST],"CatchResponseError('Conflict error: {""error_code"":""IDEMPOTENCY_CONFLICT"",""message"":""Duplicate idempotency key \'u2878129233680-ed417eda525b4a53\' used with conflicting reservation parameters.""}')",1
atomic_update_write_heavy_c50_rep1,atomic_update,write_heavy,50,/items/:id/reserve [POST],"CatchResponseError('Conflict error: {""error_code"":""IDEMPOTENCY_CONFLICT"",""message"":""Duplicate idempotency key \'u2878128187312-3a36dcbbe7514117\' used with conflicting reservation parameters.""}')",1
atomic_update_write_heavy_c50_rep1,atomic_update,write_heavy,50,/items/:id/reserve [POST],"CatchResponseError('Conflict error: {""error_code"":""IDEMPOTENCY_CONFLICT"",""message"":""Duplicate idempotency key \'u2878129236176-9befa722a7044c34\' used with conflicting reservation parameters.""}')",1
atomic_update_write_heavy_c50_rep1,atomic_update,write_heavy,50,/items/:id/reserve [POST],"CatchResponseError('Conflict error: {""error_code"":""IDEMPOTENCY_CONFLICT"",""message"":""Duplicate idempotency key \'u2878128329680-178faa3671214f1b\' used with conflicting reservation parameters.""}')",1
atomic_update_write_heavy_c50_rep1,atomic_update,write_heavy,50,/items/:id/reserve [POST],"CatchResponseError('Conflict error: {""error_code"":""IDEMPOTENCY_CONFLICT"",""message"":""Duplicate idempotency key \'u2878129597008-3f60380ea66540b5\' used with conflicting reservation parameters.""}')",1
atomic_update_write_heavy_c50_rep1,atomic_update,write_heavy,50,/items/:id/reserve [POST],"CatchResponseError('Conflict error: {""error_code"":""IDEMPOTENCY_CONFLICT"",""message"":""Duplicate idempotency key \'u2878128068800-84217be645bd4241\' used with conflicting reservation parameters.""}')",1
atomic_update_write_heavy_c50_rep1,atomic_update,write_heavy,50,/items/:id/reserve [POST],"CatchResponseError('Conflict error: {""error_code"":""IDEMPOTENCY_CONFLICT"",""message"":""Duplicate idempotency key \'u2878128332560-a35297c956364580\' used with conflicting reservation parameters.""}')",1
atomic_update_write_heavy_c50_rep1,atomic_update,write_heavy,50,/items/:id/reserve [POST],"CatchResponseError('Conflict error: {""error_code"":""IDEMPOTENCY_CONFLICT"",""message"":""Duplicate idempotency key \'u2878129599888-a91f58eb8b994e35\' used with conflicting reservation parameters.""}')",1
atomic_update_write_heavy_c50_rep1,atomic_update,write_heavy,50,/items/:id/reserve [POST],"CatchResponseError('Conflict error: {""error_code"":""IDEMPOTENCY_CONFLICT"",""message"":""Duplicate idempotency key \'u2878128003728-8367451f8f0b43a1\' used with conflicting reservation parameters.""}')",1
atomic_update_write_heavy_c50_rep1,atomic_update,write_heavy,50,/items/:id/reserve [POST],"CatchResponseError('Conflict error: {""error_code"":""IDEMPOTENCY_CONFLICT"",""message"":""Duplicate idempotency key \'u2878129235792-fb871fe923bc4f9d\' used with conflicting reservation parameters.""}')",1
atomic_update_write_heavy_c50_rep1,atomic_update,write_heavy,50,/items/:id/reserve [POST],"CatchResponseError('Conflict error: {""error_code"":""IDEMPOTENCY_CONFLICT"",""message"":""Duplicate idempotency key \'u2878127475408-eaa0811594044b5d\' used with conflicting reservation parameters.""}')",1
atomic_update_write_heavy_c50_rep1,atomic_update,write_heavy,50,/items/:id/reserve [POST],"CatchResponseError('Conflict error: {""error_code"":""IDEMPOTENCY_CONFLICT"",""message"":""Duplicate idempotency key \'u2878129239056-b55596819e374711\' used with conflicting reservation parameters.""}')",1
atomic_update_write_heavy_c50_rep1,atomic_update,write_heavy,50,/items/:id/reserve [POST],"CatchResponseError('Conflict error: {""error_code"":""IDEMPOTENCY_CONFLICT"",""message"":""Duplicate idempotency key \'u2878128332176-64b919d52c7e458b\' used with conflicting reservation parameters.""}')",1
atomic_update_write_heavy_c50_rep1,atomic_update,write_heavy,50,/items/:id/reserve [POST],"CatchResponseError('Conflict error: {""error_code"":""IDEMPOTENCY_CONFLICT"",""message"":""Duplicate idempotency key \'u2878128331792-c80bee00c5bc416c\' used with conflicting reservation parameters.""}')",1
atomic_update_write_heavy_c50_rep1,atomic_update,write_heavy,50,/items/:id/reserve [POST],"CatchResponseError('Conflict error: {""error_code"":""IDEMPOTENCY_CONFLICT"",""message"":""Duplicate idempotency key \'u2878129599696-dd4fa68df80047b1\' used with conflicting reservation parameters.""}')",1
atomic_update_write_heavy_c50_rep1,atomic_update,write_heavy,50,/items/:id/reserve [POST],"CatchResponseError('Conflict error: {""error_code"":""IDEMPOTENCY_CONFLICT"",""message"":""Duplicate idempotency key \'u2878128333328-3102648a31ba4fed\' used with conflicting reservation parameters.""}')",1
atomic_update_write_heavy_c50_rep1,atomic_update,write_heavy,50,/items/:id/reserve [POST],"CatchResponseError('Conflict error: {""error_code"":""IDEMPOTENCY_CONFLICT"",""message"":""Duplicate idempotency key \'u2878129240592-4c15ee43732c4f86\' used with conflicting reservation parameters.""}')",1
atomic_update_write_heavy_c50_rep1,atomic_update,write_heavy,50,/items/:id/reserve [POST],"CatchResponseError('Conflict error: {""error_code"":""IDEMPOTENCY_CONFLICT"",""message"":""Duplicate idempotency key \'u2878128187312-f97b1f1baf47475f\' used with conflicting reservation parameters.""}')",1
atomic_update_write_heavy_c50_rep1,atomic_update,write_heavy,50,/items/:id/reserve [POST],"CatchResponseError('Conflict error: {""error_code"":""IDEMPOTENCY_CONFLICT"",""message"":""Duplicate idempotency key \'u2878129587984-9d7628f5e02e49a6\' used with conflicting reservation parameters.""}')",1
atomic_update_write_heavy_c50_rep1,atomic_update,write_heavy,50,/items/:id/reserve [POST],"CatchResponseError('Conflict error: {""error_code"":""IDEMPOTENCY_CONFLICT"",""message"":""Duplicate idempotency key \'u2878129586832-9392f696458b4269\' used with conflicting reservation parameters.""}')",1
atomic_update_write_heavy_c50_rep1,atomic_update,write_heavy,50,/items/:id/reserve [POST],"CatchResponseError('Conflict error: {""error_code"":""IDEMPOTENCY_CONFLICT"",""message"":""Duplicate idempotency key \'u2878128068800-822c94cf72ec401a\' used with conflicting reservation parameters.""}')",1
atomic_update_write_heavy_c50_rep1,atomic_update,write_heavy,50,/items/:id/reserve [POST],"CatchResponseError('Conflict error: {""error_code"":""IDEMPOTENCY_CONFLICT"",""message"":""Duplicate idempotency key \'u2878128356576-e6f05676ed6d491c\' used with conflicting reservation parameters.""}')",3
atomic_update_write_heavy_c50_rep1,atomic_update,write_heavy,50,/items/:id/reserve [POST],"CatchResponseError('Conflict error: {""error_code"":""IDEMPOTENCY_CONFLICT"",""message"":""Duplicate idempotency key \'u2878129228112-1c114e787e294818\' used with conflicting reservation parameters.""}')",1
atomic_update_write_heavy_c50_rep1,atomic_update,write_heavy,50,/items/:id/reserve [POST],"CatchResponseError('Conflict error: {""error_code"":""IDEMPOTENCY_CONFLICT"",""message"":""Duplicate idempotency key \'u2878128334096-d6dc6288e6f241cf\' used with conflicting reservation parameters.""}')",1
atomic_update_write_heavy_c50_rep1,atomic_update,write_heavy,50,/items/:id/reserve [POST],"CatchResponseError('Conflict error: {""error_code"":""IDEMPOTENCY_CONFLICT"",""message"":""Duplicate idempotency key \'u2878129240016-f658097132254c0f\' used with conflicting reservation parameters.""}')",1
atomic_update_write_heavy_c50_rep1,atomic_update,write_heavy,50,/items/:id/reserve [POST],"CatchResponseError('Conflict error: {""error_code"":""IDEMPOTENCY_CONFLICT"",""message"":""Duplicate idempotency key \'u2878127516912-93993111a4194c41\' used with conflicting reservation parameters.""}')",1
atomic_update_write_heavy_c50_rep1,atomic_update,write_heavy,50,/items/:id/reserve [POST],"CatchResponseError('Conflict error: {""error_code"":""IDEMPOTENCY_CONFLICT"",""message"":""Duplicate idempotency key \'u2878128333328-bf82ff0152354568\' used with conflicting reservation parameters.""}')",1
atomic_update_write_heavy_c50_rep1,atomic_update,write_heavy,50,/items/:id/reserve [POST],"CatchResponseError('Conflict error: {""error_code"":""IDEMPOTENCY_CONFLICT"",""message"":""Duplicate idempotency key \'u2878129228112-3240c9d0240141d5\' used with conflicting reservation parameters.""}')",1
atomic_update_write_heavy_c50_rep1,atomic_update,write_heavy,50,/items/:id/reserve [POST],"CatchResponseError('Conflict error: {""error_code"":""IDEMPOTENCY_CONFLICT"",""message"":""Duplicate idempotency key \'u2878127516912-84f279b14c474355\' used with conflicting reservation parameters.""}')",1
atomic_update_write_heavy_c50_rep1,atomic_update,write_heavy,50,/items/:id/reserve [POST],"CatchResponseError('Conflict error: {""error_code"":""IDEMPOTENCY_CONFLICT"",""message"":""Duplicate idempotency key \'u2878129235792-649cc52e76f04b4b\' used with conflicting reservation parameters.""}')",1
atomic_update_write_heavy_c50_rep1,atomic_update,write_heavy,50,/items/:id/reserve [POST],"CatchResponseError('Conflict error: {""error_code"":""IDEMPOTENCY_CONFLICT"",""message"":""Duplicate idempotency key \'u2878128354448-54b56ae4dc8d4f23\' used with conflicting reservation parameters.""}')",1
atomic_update_write_heavy_c50_rep1,atomic_update,write_heavy,50,/items/:id/reserve [POST],"CatchResponseError('Conflict error: {""error_code"":""IDEMPOTENCY_CONFLICT"",""message"":""Duplicate idempotency key \'u2878129239056-4fe3de3f0c8745aa\' used with conflicting reservation parameters.""}')",1
atomic_update_write_heavy_c50_rep1,atomic_update,write_heavy,50,/items/:id/reserve [POST],"CatchResponseError('Conflict error: {""error_code"":""IDEMPOTENCY_CONFLICT"",""message"":""Duplicate idempotency key \'u2878127475408-b4dda0256bea4bfb\' used with conflicting reservation parameters.""}')",1
atomic_update_write_heavy_c50_rep1,atomic_update,write_heavy,50,/items/:id/reserve [POST],"CatchResponseError('Conflict error: {""error_code"":""IDEMPOTENCY_CONFLICT"",""message"":""Duplicate idempotency key \'u2878129595280-44b88d60d2db4745\' used with conflicting reservation parameters.""}')",1
atomic_update_write_heavy_c50_rep1,atomic_update,write_heavy,50,/items/:id/reserve [POST],"CatchResponseError('Conflict error: {""error_code"":""IDEMPOTENCY_CONFLICT"",""message"":""Duplicate idempotency key \'u2878128066624-3802c763debb431b\' used with conflicting reservation parameters.""}')",1
atomic_update_write_heavy_c50_rep1,atomic_update,write_heavy,50,/items/:id/reserve [POST],"CatchResponseError('Conflict error: {""error_code"":""IDEMPOTENCY_CONFLICT"",""message"":""Duplicate idempotency key \'u2878127767888-bf85302a247c43ca\' used with conflicting reservation parameters.""}')",1
atomic_update_write_heavy_c50_rep1,atomic_update,write_heavy,50,/items/:id/reserve [POST],"CatchResponseError('Conflict error: {""error_code"":""IDEMPOTENCY_CONFLICT"",""message"":""Duplicate idempotency key \'u2878128003728-aa91e9a530ac4065\' used with conflicting reservation parameters.""}')",1
atomic_update_write_heavy_c50_rep1,atomic_update,write_heavy,50,/items/:id/reserve [POST],"CatchResponseError('Conflict error: {""error_code"":""IDEMPOTENCY_CONFLICT"",""message"":""Duplicate idempotency key \'u2878128330832-15454ae9869a49a5\' used with conflicting reservation parameters.""}')",1
atomic_update_write_heavy_c50_rep1,atomic_update,write_heavy,50,/items/:id/reserve [POST],"CatchResponseError('Conflict error: {""error_code"":""IDEMPOTENCY_CONFLICT"",""message"":""Duplicate idempotency key \'u2878128330832-0eec46e9b8f84d74\' used with conflicting reservation parameters.""}')",1
atomic_update_write_heavy_c50_rep1,atomic_update,write_heavy,50,/items/:id/reserve [POST],"CatchResponseError('Conflict error: {""error_code"":""IDEMPOTENCY_CONFLICT"",""message"":""Duplicate idempotency key \'u2878128002768-71ff6705216f41d9\' used with conflicting reservation parameters.""}')",1
atomic_update_write_heavy_c50_rep1,atomic_update,write_heavy,50,/items/:id/reserve [POST],"CatchResponseError('Conflict error: {""error_code"":""IDEMPOTENCY_CONFLICT"",""message"":""Duplicate idempotency key \'u2878128331792-88e6ede78ebc465e\' used with conflicting reservation parameters.""}')",2
atomic_update_write_heavy_c50_rep2,atomic_update,write_heavy,50,/items/:id/reserve [POST],"CatchResponseError('Conflict error: {""error_code"":""IDEMPOTENCY_CONFLICT"",""message"":""Duplicate idempotency key \'u2407056022544-d353e639aab047c8\' used with conflicting reservation parameters.""}')",1
atomic_update_write_heavy_c50_rep2,atomic_update,write_heavy,50,/items/:id/reserve [POST],"CatchResponseError('Conflict error: {""error_code"":""IDEMPOTENCY_CONFLICT"",""message"":""Duplicate idempotency key \'u2407055210128-ec54c6f484a74e40\' used with conflicting reservation parameters.""}')",1
atomic_update_write_heavy_c50_rep2,atomic_update,write_heavy,50,/items/:id/reserve [POST],"CatchResponseError('Conflict error: {""error_code"":""IDEMPOTENCY_CONFLICT"",""message"":""Duplicate idempotency key \'u2407057330384-202173c8777d43ad\' used with conflicting reservation parameters.""}')",1
atomic_update_write_heavy_c50_rep2,atomic_update,write_heavy,50,/items/:id/reserve [POST],"CatchResponseError('Conflict error: {""error_code"":""IDEMPOTENCY_CONFLICT"",""message"":""Duplicate idempotency key \'u2407056024848-3295e81b5f0d4998\' used with conflicting reservation parameters.""}')",1
atomic_update_write_heavy_c50_rep2,atomic_update,write_heavy,50,/items/:id/reserve [POST],"CatchResponseError('Conflict error: {""error_code"":""IDEMPOTENCY_CONFLICT"",""message"":""Duplicate idempotency key \'u2407056045200-cc84d67c8d824d0b\' used with conflicting reservation parameters.""}')",1
atomic_update_write_heavy_c50_rep2,atomic_update,write_heavy,50,/items/:id/reserve [POST],"CatchResponseError('Conflict error: {""error_code"":""IDEMPOTENCY_CONFLICT"",""message"":""Duplicate idempotency key \'u2407057326736-befe9f6bb22647ba\' used with conflicting reservation parameters.""}')",1
atomic_update_write_heavy_c50_rep2,atomic_update,write_heavy,50,/items/:id/reserve [POST],"CatchResponseError('Conflict error: {""error_code"":""IDEMPOTENCY_CONFLICT"",""message"":""Duplicate idempotency key \'u2407057332880-e74cc023dd694341\' used with conflicting reservation parameters.""}')",1
atomic_update_write_heavy_c50_rep2,atomic_update,write_heavy,50,/items/:id/reserve [POST],"CatchResponseError('Conflict error: {""error_code"":""IDEMPOTENCY_CONFLICT"",""message"":""Duplicate idempotency key \'u2407055932112-9138800581d24b62\' used with conflicting reservation parameters.""}')",1
atomic_update_write_heavy_c50_rep2,atomic_update,write_heavy,50,/items/:id/reserve [POST],"CatchResponseError('Conflict error: {""error_code"":""IDEMPOTENCY_CONFLICT"",""message"":""Duplicate idempotency key \'u2407056022928-d1b9749abb9b48a0\' used with conflicting reservation parameters.""}')",1
atomic_update_write_heavy_c50_rep2,atomic_update,write_heavy,50,/items/:id/reserve [POST],"CatchResponseError('Conflict error: {""error_code"":""IDEMPOTENCY_CONFLICT"",""message"":""Duplicate idempotency key \'u2407055878064-00affd51ce1b4605\' used with conflicting reservation parameters.""}')",1
atomic_update_write_heavy_c50_rep2,atomic_update,write_heavy,50,/items/:id/reserve [POST],"CatchResponseError('Conflict error: {""error_code"":""IDEMPOTENCY_CONFLICT"",""message"":""Duplicate idempotency key \'u2407056906512-b41a0cb9fcc94c6a\' used with conflicting reservation parameters.""}')",1
atomic_update_write_heavy_c50_rep2,atomic_update,write_heavy,50,/items/:id/reserve [POST],"CatchResponseError('Conflict error: {""error_code"":""IDEMPOTENCY_CONFLICT"",""message"":""Duplicate idempotency key \'u2407056020432-0b26d18c05154973\' used with conflicting reservation parameters.""}')",1
atomic_update_write_heavy_c50_rep2,atomic_update,write_heavy,50,/items/:id/reserve [POST],"CatchResponseError('Conflict error: {""error_code"":""IDEMPOTENCY_CONFLICT"",""message"":""Duplicate idempotency key \'u2407055932112-2f0ebfc62132418a\' used with conflicting reservation parameters.""}')",1
atomic_update_write_heavy_c50_rep2,atomic_update,write_heavy,50,/items/:id/reserve [POST],"CatchResponseError('Conflict error: {""error_code"":""IDEMPOTENCY_CONFLICT"",""message"":""Duplicate idempotency key \'u2407057332112-02af039a4c42471c\' used with conflicting reservation parameters.""}')",1
atomic_update_write_heavy_c50_rep2,atomic_update,write_heavy,50,/items/:id/reserve [POST],"CatchResponseError('Conflict error: {""error_code"":""IDEMPOTENCY_CONFLICT"",""message"":""Duplicate idempotency key \'u2407055475024-2a51e7c80e964f8b\' used with conflicting reservation parameters.""}')",1
atomic_update_write_heavy_c50_rep2,atomic_update,write_heavy,50,/items/:id/reserve [POST],"CatchResponseError('Conflict error: {""error_code"":""IDEMPOTENCY_CONFLICT"",""message"":""Duplicate idempotency key \'u2407056915920-f129bfa1430149e0\' used with conflicting reservation parameters.""}')",1
atomic_update_write_heavy_c50_rep2,atomic_update,write_heavy,50,/items/:id/reserve [POST],"CatchResponseError('Conflict error: {""error_code"":""IDEMPOTENCY_CONFLICT"",""message"":""Duplicate idempotency key \'u2407057327120-bd4e7b4168f34394\' used with conflicting reservation parameters.""}')",1
atomic_update_write_heavy_c50_rep2,atomic_update,write_heavy,50,/items/:id/reserve [POST],"CatchResponseError('Conflict error: {""error_code"":""IDEMPOTENCY_CONFLICT"",""message"":""Duplicate idempotency key \'u2407056025232-7001b509a4ec4fc7\' used with conflicting reservation parameters.""}')",1
atomic_update_write_heavy_c50_rep2,atomic_update,write_heavy,50,/items/:id/reserve [POST],"CatchResponseError('Conflict error: {""error_code"":""IDEMPOTENCY_CONFLICT"",""message"":""Duplicate idempotency key \'u2407057328272-3db4e21bd439452a\' used with conflicting reservation parameters.""}')",1
atomic_update_write_heavy_c50_rep2,atomic_update,write_heavy,50,/items/:id/reserve [POST],"CatchResponseError('Conflict error: {""error_code"":""IDEMPOTENCY_CONFLICT"",""message"":""Duplicate idempotency key \'u2407057331344-30136c6611f34931\' used with conflicting reservation parameters.""}')",1
atomic_update_write_heavy_c50_rep2,atomic_update,write_heavy,50,/items/:id/reserve [POST],"CatchResponseError('Conflict error: {""error_code"":""IDEMPOTENCY_CONFLICT"",""message"":""Duplicate idempotency key \'u2407056024464-1754edbf242b4c62\' used with conflicting reservation parameters.""}')",1
atomic_update_write_heavy_c50_rep2,atomic_update,write_heavy,50,/items/:id/reserve [POST],"CatchResponseError('Conflict error: {""error_code"":""IDEMPOTENCY_CONFLICT"",""message"":""Duplicate idempotency key \'u2407055876144-66dbdbeb23d245a9\' used with conflicting reservation parameters.""}')",1
atomic_update_write_heavy_c50_rep2,atomic_update,write_heavy,50,/items/:id/reserve [POST],"CatchResponseError('Conflict error: {""error_code"":""IDEMPOTENCY_CONFLICT"",""message"":""Duplicate idempotency key \'u2407056915920-30caab24714a4d39\' used with conflicting reservation parameters.""}')",1
atomic_update_write_heavy_c50_rep2,atomic_update,write_heavy,50,/items/:id/reserve [POST],"CatchResponseError('Conflict error: {""error_code"":""IDEMPOTENCY_CONFLICT"",""message"":""Duplicate idempotency key \'u2407055757376-24a12a32ad4247f4\' used with conflicting reservation parameters.""}')",1
atomic_update_write_heavy_c50_rep2,atomic_update,write_heavy,50,/items/:id/reserve [POST],"CatchResponseError('Conflict error: {""error_code"":""IDEMPOTENCY_CONFLICT"",""message"":""Duplicate idempotency key \'u2407056911696-cc47dd8b675b4785\' used with conflicting reservation parameters.""}')",1
atomic_update_write_heavy_c50_rep2,atomic_update,write_heavy,50,/items/:id/reserve [POST],"CatchResponseError('Conflict error: {""error_code"":""IDEMPOTENCY_CONFLICT"",""message"":""Duplicate idempotency key \'u2407057328464-fc9eeabd1df04092\' used with conflicting reservation parameters.""}')",1
atomic_update_write_heavy_c50_rep2,atomic_update,write_heavy,50,/items/:id/reserve [POST],"CatchResponseError('Conflict error: {""error_code"":""IDEMPOTENCY_CONFLICT"",""message"":""Duplicate idempotency key \'u2407056047328-15fddaa0c0e4453f\' used with conflicting reservation parameters.""}')",1
atomic_update_write_heavy_c50_rep2,atomic_update,write_heavy,50,/items/:id/reserve [POST],"CatchResponseError('Conflict error: {""error_code"":""IDEMPOTENCY_CONFLICT"",""message"":""Duplicate idempotency key \'u2407055166160-13700520155a423e\' used with conflicting reservation parameters.""}')",1
atomic_update_write_heavy_c50_rep2,atomic_update,write_heavy,50,/items/:id/reserve [POST],"CatchResponseError('Conflict error: {""error_code"":""IDEMPOTENCY_CONFLICT"",""message"":""Duplicate idempotency key \'u2407057330384-bb9b5b4e819e4dc9\' used with conflicting reservation parameters.""}')",1
atomic_update_write_heavy_c50_rep2,atomic_update,write_heavy,50,/items/:id/reserve [POST],"CatchResponseError('Conflict error: {""error_code"":""IDEMPOTENCY_CONFLICT"",""message"":""Duplicate idempotency key \'u2407055694480-70d1096485a6494f\' used with conflicting reservation parameters.""}')",1
atomic_update_write_heavy_c50_rep2,atomic_update,write_heavy,50,/items/:id/reserve [POST],"CatchResponseError('Conflict error: {""error_code"":""IDEMPOTENCY_CONFLICT"",""message"":""Duplicate idempotency key \'u2407056900752-48c0979870a04070\' used with conflicting reservation parameters.""}')",1
atomic_update_write_heavy_c50_rep2,atomic_update,write_heavy,50,/items/:id/reserve [POST],"CatchResponseError('Conflict error: {""error_code"":""IDEMPOTENCY_CONFLICT"",""message"":""Duplicate idempotency key \'u2407057327888-5fcfcad6832a4cea\' used with conflicting reservation parameters.""}')",1
atomic_update_write_heavy_c50_rep2,atomic_update,write_heavy,50,/items/:id/reserve [POST],"CatchResponseError('Conflict error: {""error_code"":""IDEMPOTENCY_CONFLICT"",""message"":""Duplicate idempotency key \'u2407056022928-569434d122d441d5\' used with conflicting reservation parameters.""}')",1
atomic_update_write_heavy_c50_rep2,atomic_update,write_heavy,50,/items/:id/reserve [POST],"CatchResponseError('Conflict error: {""error_code"":""IDEMPOTENCY_CONFLICT"",""message"":""Duplicate idempotency key \'u2407057326736-c84035ae24e241ec\' used with conflicting reservation parameters.""}')",1
atomic_update_write_heavy_c50_rep2,atomic_update,write_heavy,50,/items/:id/reserve [POST],"CatchResponseError('Conflict error: {""error_code"":""IDEMPOTENCY_CONFLICT"",""message"":""Duplicate idempotency key \'u2407055932112-00a22ee569f64130\' used with conflicting reservation parameters.""}')",1
atomic_update_write_heavy_c50_rep2,atomic_update,write_heavy,50,/items/:id/reserve [POST],"CatchResponseError('Conflict error: {""error_code"":""IDEMPOTENCY_CONFLICT"",""message"":""Duplicate idempotency key \'u2407057327120-414e32b0839f4036\' used with conflicting reservation parameters.""}')",1
atomic_update_write_heavy_c50_rep2,atomic_update,write_heavy,50,/items/:id/reserve [POST],"CatchResponseError('Conflict error: {""error_code"":""IDEMPOTENCY_CONFLICT"",""message"":""Duplicate idempotency key \'u2407055694480-df0d6d247d264e58\' used with conflicting reservation parameters.""}')",1
atomic_update_write_heavy_c50_rep2,atomic_update,write_heavy,50,/items/:id/reserve [POST],"CatchResponseError('Conflict error: {""error_code"":""IDEMPOTENCY_CONFLICT"",""message"":""Duplicate idempotency key \'u2407055932112-c659ba2e019249dc\' used with conflicting reservation parameters.""}')",1
atomic_update_write_heavy_c50_rep2,atomic_update,write_heavy,50,/items/:id/reserve [POST],"CatchResponseError('Conflict error: {""error_code"":""IDEMPOTENCY_CONFLICT"",""message"":""Duplicate idempotency key \'u2407057333072-a472333f0ec24c04\' used with conflicting reservation parameters.""}')",1
atomic_update_write_heavy_c50_rep2,atomic_update,write_heavy,50,/items/:id/reserve [POST],"CatchResponseError('Conflict error: {""error_code"":""IDEMPOTENCY_CONFLICT"",""message"":""Duplicate idempotency key \'u2407055709328-69f7c20d6d9c43dd\' used with conflicting reservation parameters.""}')",1
atomic_update_write_heavy_c50_rep2,atomic_update,write_heavy,50,/items/:id/reserve [POST],"CatchResponseError('Conflict error: {""error_code"":""IDEMPOTENCY_CONFLICT"",""message"":""Duplicate idempotency key \'u2407056908816-88f1ace5695445e6\' used with conflicting reservation parameters.""}')",1
atomic_update_write_heavy_c50_rep2,atomic_update,write_heavy,50,/items/:id/reserve [POST],"CatchResponseError('Conflict error: {""error_code"":""IDEMPOTENCY_CONFLICT"",""message"":""Duplicate idempotency key \'u2407056021584-a7e0a6795db5472b\' used with conflicting reservation parameters.""}')",1
atomic_update_write_heavy_c50_rep2,atomic_update,write_heavy,50,/items/:id/reserve [POST],"CatchResponseError('Conflict error: {""error_code"":""IDEMPOTENCY_CONFLICT"",""message"":""Duplicate idempotency key \'u2407056023312-1573db9e60c34e63\' used with conflicting reservation parameters.""}')",1
atomic_update_write_heavy_c50_rep2,atomic_update,write_heavy,50,/items/:id/reserve [POST],"CatchResponseError('Conflict error: {""error_code"":""IDEMPOTENCY_CONFLICT"",""message"":""Duplicate idempotency key \'u2407055876144-f8a6289ce9644391\' used with conflicting reservation parameters.""}')",1
atomic_update_write_heavy_c5_rep1,atomic_update,write_heavy,5,/items/:id/reserve [POST],"CatchResponseError('Conflict error: {""error_code"":""IDEMPOTENCY_CONFLICT"",""message"":""Duplicate idempotency key \'u2295644559056-09056b69241b440f\' used with conflicting reservation parameters.""}')",1
atomic_update_write_heavy_c5_rep1,atomic_update,write_heavy,5,/items/:id/reserve [POST],"CatchResponseError('Conflict error: {""error_code"":""IDEMPOTENCY_CONFLICT"",""message"":""Duplicate idempotency key \'u2295644559056-8a84708e251d4c26\' used with conflicting reservation parameters.""}')",1
atomic_update_write_heavy_c5_rep1,atomic_update,write_heavy,5,/items/:id/reserve [POST],"CatchResponseError('Conflict error: {""error_code"":""IDEMPOTENCY_CONFLICT"",""message"":""Duplicate idempotency key \'u2295644031696-d164c2b1747c4392\' used with conflicting reservation parameters.""}')",1
atomic_update_write_heavy_c5_rep1,atomic_update,write_heavy,5,/items/:id/reserve [POST],"CatchResponseError('Conflict error: {""error_code"":""IDEMPOTENCY_CONFLICT"",""message"":""Duplicate idempotency key \'u2295644910736-7ce7b6e46bb74602\' used with conflicting reservation parameters.""}')",1
atomic_update_write_heavy_c5_rep1,atomic_update,write_heavy,5,/items/:id/reserve [POST],"CatchResponseError('Conflict error: {""error_code"":""IDEMPOTENCY_CONFLICT"",""message"":""Duplicate idempotency key \'u2295644559056-ee66c53ce50240fc\' used with conflicting reservation parameters.""}')",1
atomic_update_write_heavy_c5_rep1,atomic_update,write_heavy,5,/items/:id/reserve [POST],"CatchResponseError('Conflict error: {""error_code"":""IDEMPOTENCY_CONFLICT"",""message"":""Duplicate idempotency key \'u2295644031696-fdbb7d08d8784010\' used with conflicting reservation parameters.""}')",1
atomic_update_write_heavy_c5_rep2,atomic_update,write_heavy,5,/metrics/consistency [GET],"CatchResponseError(""Consistency violation detected during run: ['Reconciliation failure for Item 1 (SKU-CORRUPT-1): initial (100) - active_reserved (0) = 100, but available_quantity is 80 (discrepancy: -20).']"")",1
atomic_update_write_heavy_c5_rep2,atomic_update,write_heavy,5,/items/:id/reserve [POST],"CatchResponseError('Conflict error: {""error_code"":""IDEMPOTENCY_CONFLICT"",""message"":""Duplicate idempotency key \'u2225985751760-0e7cd3a9bfda4dc8\' used with conflicting reservation parameters.""}')",1
atomic_update_write_heavy_c5_rep2,atomic_update,write_heavy,5,/items/:id/reserve [POST],"CatchResponseError('Conflict error: {""error_code"":""IDEMPOTENCY_CONFLICT"",""message"":""Duplicate idempotency key \'u2225985751760-30cde65716a64bc7\' used with conflicting reservation parameters.""}')",1
atomic_update_write_heavy_c5_rep2,atomic_update,write_heavy,5,/items/:id/reserve [POST],"CatchResponseError('Conflict error: {""error_code"":""IDEMPOTENCY_CONFLICT"",""message"":""Duplicate idempotency key \'u2225986280080-bd315e170a044a1b\' used with conflicting reservation parameters.""}')",1
atomic_update_write_heavy_c5_rep2,atomic_update,write_heavy,5,/items/:id/reserve [POST],"CatchResponseError('Conflict error: {""error_code"":""IDEMPOTENCY_CONFLICT"",""message"":""Duplicate idempotency key \'u2225986632928-e584f27d08434f64\' used with conflicting reservation parameters.""}')",2
atomic_update_write_heavy_c5_rep2,atomic_update,write_heavy,5,/items/:id/reserve [POST],"CatchResponseError('Conflict error: {""error_code"":""IDEMPOTENCY_CONFLICT"",""message"":""Duplicate idempotency key \'u2225985751760-b219016b473d4aae\' used with conflicting reservation parameters.""}')",1
atomic_update_write_heavy_c5_rep2,atomic_update,write_heavy,5,/items/:id/reserve [POST],"CatchResponseError('Conflict error: {""error_code"":""IDEMPOTENCY_CONFLICT"",""message"":""Duplicate idempotency key \'u2225986630800-c39af9fe87e54d10\' used with conflicting reservation parameters.""}')",1
atomic_update_write_heavy_c5_rep2,atomic_update,write_heavy,5,/items/:id/reserve [POST],"CatchResponseError('Conflict error: {""error_code"":""IDEMPOTENCY_CONFLICT"",""message"":""Duplicate idempotency key \'u2225986632928-7ac207ec56eb4c75\' used with conflicting reservation parameters.""}')",1
atomic_update_write_heavy_c5_rep2,atomic_update,write_heavy,5,/items/:id/reserve [POST],"CatchResponseError('Server error HTTP 404: {""error_code"":""ITEM_NOT_FOUND"",""message"":""Item with ID 11 not found.""}')",2
atomic_update_write_heavy_c5_rep2,atomic_update,write_heavy,5,/items/:id/reserve [POST],"CatchResponseError('Conflict error: {""error_code"":""IDEMPOTENCY_CONFLICT"",""message"":""Duplicate idempotency key \'u2225986630800-f7d2d32f708942f0\' used with conflicting reservation parameters.""}')",1
atomic_update_write_heavy_c5_rep2,atomic_update,write_heavy,5,/items/:id/reserve [POST],"CatchResponseError('Server error HTTP 404: {""error_code"":""ITEM_NOT_FOUND"",""message"":""Item with ID 16 not found.""}')",1
atomic_update_write_heavy_c5_rep2,atomic_update,write_heavy,5,/reservations/:id/release [POST],"CatchResponseError('Release failed: {""error_code"":""INTERNAL_SERVER_ERROR"",""message"":""An unexpected error occurred while processing the request.""}')",1
atomic_update_write_heavy_c5_rep2,atomic_update,write_heavy,5,/items/:id [GET],HTTPError('404 Client Error: Not Found for url: /items/:id [GET]'),24
atomic_update_write_heavy_c5_rep2,atomic_update,write_heavy,5,/items/:id/reserve [POST],"CatchResponseError('Conflict error: {""error_code"":""IDEMPOTENCY_CONFLICT"",""message"":""Duplicate idempotency key \'u2225986632928-6aa75bb9571b4256\' used with conflicting reservation parameters.""}')",1
atomic_update_write_heavy_c5_rep2,atomic_update,write_heavy,5,/items/:id/reserve [POST],"CatchResponseError('Conflict error: {""error_code"":""IDEMPOTENCY_CONFLICT"",""message"":""Duplicate idempotency key \'u2225986279120-b7c0fa74a3894b94\' used with conflicting reservation parameters.""}')",1
atomic_update_write_heavy_c5_rep2,atomic_update,write_heavy,5,/items/:id/reserve [POST],"CatchResponseError('Server error HTTP 404: {""error_code"":""ITEM_NOT_FOUND"",""message"":""Item with ID 12 not found.""}')",2
atomic_update_write_heavy_c5_rep2,atomic_update,write_heavy,5,/items/:id/reserve [POST],"CatchResponseError('Server error HTTP 404: {""error_code"":""ITEM_NOT_FOUND"",""message"":""Item with ID 1 not found.""}')",2
atomic_update_write_heavy_c5_rep2,atomic_update,write_heavy,5,/items/:id/reserve [POST],"CatchResponseError('Server error HTTP 404: {""error_code"":""ITEM_NOT_FOUND"",""message"":""Item with ID 3 not found.""}')",2
atomic_update_write_heavy_c5_rep2,atomic_update,write_heavy,5,/items/:id/reserve [POST],"CatchResponseError('Conflict error: {""error_code"":""IDEMPOTENCY_CONFLICT"",""message"":""Duplicate idempotency key \'u2225986630800-c6a5454d60ff48fe\' used with conflicting reservation parameters.""}')",1
atomic_update_write_heavy_c5_rep2,atomic_update,write_heavy,5,/items/:id/reserve [POST],"CatchResponseError('Server error HTTP 404: {""error_code"":""ITEM_NOT_FOUND"",""message"":""Item with ID 20 not found.""}')",3
atomic_update_write_heavy_c5_rep2,atomic_update,write_heavy,5,/items/:id/reserve [POST],"CatchResponseError('Server error HTTP 404: {""error_code"":""ITEM_NOT_FOUND"",""message"":""Item with ID 18 not found.""}')",1
atomic_update_write_heavy_c5_rep2,atomic_update,write_heavy,5,/items/:id/reserve [POST],"CatchResponseError('Server error HTTP 404: {""error_code"":""ITEM_NOT_FOUND"",""message"":""Item with ID 13 not found.""}')",1
atomic_update_write_heavy_c5_rep2,atomic_update,write_heavy,5,/items/:id/reserve [POST],"CatchResponseError('Conflict error: {""error_code"":""IDEMPOTENCY_CONFLICT"",""message"":""Duplicate idempotency key \'u2225985751760-721210ff9a9643a6\' used with conflicting reservation parameters.""}')",1
atomic_update_write_heavy_c5_rep2,atomic_update,write_heavy,5,/items/:id/reserve [POST],"CatchResponseError('Server error HTTP 404: {""error_code"":""ITEM_NOT_FOUND"",""message"":""Item with ID 14 not found.""}')",1
atomic_update_write_heavy_c5_rep2,atomic_update,write_heavy,5,/items/:id/reserve [POST],"CatchResponseError('Server error HTTP 404: {""error_code"":""ITEM_NOT_FOUND"",""message"":""Item with ID 17 not found.""}')",2
atomic_update_write_heavy_c5_rep2,atomic_update,write_heavy,5,/items/:id/reserve [POST],"CatchResponseError('Conflict error: {""error_code"":""IDEMPOTENCY_CONFLICT"",""message"":""Duplicate idempotency key \'u2225986632928-2d0f49c9fa4d431b\' used with conflicting reservation parameters.""}')",2
atomic_update_write_heavy_c5_rep2,atomic_update,write_heavy,5,/items/:id/reserve [POST],"CatchResponseError('Conflict error: {""error_code"":""IDEMPOTENCY_CONFLICT"",""message"":""Duplicate idempotency key \'u2225986279120-784329956dad494a\' used with conflicting reservation parameters.""}')",2
atomic_update_write_heavy_c5_rep2,atomic_update,write_heavy,5,/items/:id/reserve [POST],"CatchResponseError('Conflict error: {""error_code"":""IDEMPOTENCY_CONFLICT"",""message"":""Duplicate idempotency key \'u2225986630800-aa095dea50f24387\' used with conflicting reservation parameters.""}')",1
atomic_update_write_heavy_c5_rep2,atomic_update,write_heavy,5,/items/:id/reserve [POST],"CatchResponseError('Server error HTTP 404: {""error_code"":""ITEM_NOT_FOUND"",""message"":""Item with ID 9 not found.""}')",2
atomic_update_write_heavy_c5_rep2,atomic_update,write_heavy,5,/items/:id/reserve [POST],"CatchResponseError('Conflict error: {""error_code"":""IDEMPOTENCY_CONFLICT"",""message"":""Duplicate idempotency key \'u2225986632928-972be60fa44649a9\' used with conflicting reservation parameters.""}')",1
atomic_update_write_heavy_c5_rep2,atomic_update,write_heavy,5,/items/:id/reserve [POST],"CatchResponseError('Conflict error: {""error_code"":""IDEMPOTENCY_CONFLICT"",""message"":""Duplicate idempotency key \'u2225986280080-d8fa19d66fc94d77\' used with conflicting reservation parameters.""}')",1
atomic_update_write_heavy_c5_rep2,atomic_update,write_heavy,5,/items/:id/reserve [POST],"CatchResponseError('Server error HTTP 404: {""error_code"":""ITEM_NOT_FOUND"",""message"":""Item with ID 4 not found.""}')",1
atomic_update_write_heavy_c5_rep2,atomic_update,write_heavy,5,/items/:id/reserve [POST],"CatchResponseError('Conflict error: {""error_code"":""IDEMPOTENCY_CONFLICT"",""message"":""Duplicate idempotency key \'u2225985751760-8513022d28004288\' used with conflicting reservation parameters.""}')",1
atomic_update_write_heavy_c5_rep2,atomic_update,write_heavy,5,/items/:id/reserve [POST],"CatchResponseError('Server error HTTP 404: {""error_code"":""ITEM_NOT_FOUND"",""message"":""Item with ID 2 not found.""}')",2
atomic_update_write_heavy_c5_rep2,atomic_update,write_heavy,5,/items/:id/reserve [POST],"CatchResponseError('Conflict error: {""error_code"":""IDEMPOTENCY_CONFLICT"",""message"":""Duplicate idempotency key \'u2225985751760-db744ca9b9b94e6e\' used with conflicting reservation parameters.""}')",1
atomic_update_write_heavy_c5_rep2,atomic_update,write_heavy,5,/items/:id/reserve [POST],"CatchResponseError('Server error HTTP 404: {""error_code"":""ITEM_NOT_FOUND"",""message"":""Item with ID 5 not found.""}')",1
atomic_update_write_heavy_c5_rep2,atomic_update,write_heavy,5,/items/:id/reserve [POST],"CatchResponseError('Server error HTTP 404: {""error_code"":""ITEM_NOT_FOUND"",""message"":""Item with ID 19 not found.""}')",5
atomic_update_write_heavy_c5_rep2,atomic_update,write_heavy,5,/items/:id/reserve [POST],"CatchResponseError('Server error HTTP 404: {""error_code"":""ITEM_NOT_FOUND"",""message"":""Item with ID 15 not found.""}')",1
atomic_update_write_heavy_c5_rep2,atomic_update,write_heavy,5,/items/:id/reserve [POST],"CatchResponseError('Server error HTTP 404: {""error_code"":""ITEM_NOT_FOUND"",""message"":""Item with ID 7 not found.""}')",3
atomic_update_write_heavy_c5_rep2,atomic_update,write_heavy,5,/items/:id/reserve [POST],"CatchResponseError('Conflict error: {""error_code"":""IDEMPOTENCY_CONFLICT"",""message"":""Duplicate idempotency key \'u2225986280080-992bdbe4cb644ea0\' used with conflicting reservation parameters.""}')",1
atomic_update_write_heavy_c5_rep2,atomic_update,write_heavy,5,/items/:id/reserve [POST],"CatchResponseError('Conflict error: {""error_code"":""IDEMPOTENCY_CONFLICT"",""message"":""Duplicate idempotency key \'u2225985751760-19648b486d8c4384\' used with conflicting reservation parameters.""}')",1
atomic_update_write_heavy_c5_rep2,atomic_update,write_heavy,5,/items/:id/reserve [POST],"CatchResponseError('Conflict error: {""error_code"":""IDEMPOTENCY_CONFLICT"",""message"":""Duplicate idempotency key \'u2225986632928-4a962ff728784bbe\' used with conflicting reservation parameters.""}')",1
atomic_update_write_heavy_c5_rep2,atomic_update,write_heavy,5,/items/:id/reserve [POST],"CatchResponseError('Conflict error: {""error_code"":""IDEMPOTENCY_CONFLICT"",""message"":""Duplicate idempotency key \'u2225986279120-5f0786514a8a4dc4\' used with conflicting reservation parameters.""}')",1
atomic_update_write_heavy_c5_rep2,atomic_update,write_heavy,5,/items/:id/reserve [POST],"CatchResponseError('Conflict error: {""error_code"":""IDEMPOTENCY_CONFLICT"",""message"":""Duplicate idempotency key \'u2225986630800-418205b9cc4542f6\' used with conflicting reservation parameters.""}')",1
atomic_update_write_heavy_c5_rep2,atomic_update,write_heavy,5,/items/:id/reserve [POST],"CatchResponseError('Conflict error: {""error_code"":""IDEMPOTENCY_CONFLICT"",""message"":""Duplicate idempotency key \'u2225986632928-a34c69b765a84736\' used with conflicting reservation parameters.""}')",1
atomic_update_write_heavy_c5_rep2,atomic_update,write_heavy,5,/items/:id/reserve [POST],"CatchResponseError('Server error HTTP 404: {""error_code"":""ITEM_NOT_FOUND"",""message"":""Item with ID 10 not found.""}')",2
atomic_update_write_heavy_c5_rep2,atomic_update,write_heavy,5,/items/:id/reserve [POST],"CatchResponseError('Conflict error: {""error_code"":""IDEMPOTENCY_CONFLICT"",""message"":""Duplicate idempotency key \'u2225985751760-8101b0e0310b47e8\' used with conflicting reservation parameters.""}')",1
atomic_update_write_heavy_c5_rep2,atomic_update,write_heavy,5,/items/:id/reserve [POST],"CatchResponseError('Conflict error: {""error_code"":""IDEMPOTENCY_CONFLICT"",""message"":""Duplicate idempotency key \'u2225986280080-64eda693c90f4087\' used with conflicting reservation parameters.""}')",1
pessimistic_lock_mixed_c100_rep1,pessimistic_lock,mixed,100,/items/:id/reserve [POST],"CatchResponseError('Conflict error: {""error_code"":""IDEMPOTENCY_CONFLICT"",""message"":""Duplicate idempotency key \'u2706443480400-3a2a58bb6bd34231\' used with conflicting reservation parameters.""}')",1
pessimistic_lock_mixed_c100_rep1,pessimistic_lock,mixed,100,/items/:id/reserve [POST],"CatchResponseError('Conflict error: {""error_code"":""IDEMPOTENCY_CONFLICT"",""message"":""Duplicate idempotency key \'u2706443477904-10425f85c7c94d70\' used with conflicting reservation parameters.""}')",1
pessimistic_lock_mixed_c100_rep1,pessimistic_lock,mixed,100,/items/:id/reserve [POST],"CatchResponseError('Conflict error: {""error_code"":""IDEMPOTENCY_CONFLICT"",""message"":""Duplicate idempotency key \'u2706449203472-95a673abb52642ac\' used with conflicting reservation parameters.""}')",1
pessimistic_lock_mixed_c100_rep1,pessimistic_lock,mixed,100,/items/:id/reserve [POST],"CatchResponseError('Conflict error: {""error_code"":""IDEMPOTENCY_CONFLICT"",""message"":""Duplicate idempotency key \'u2706449215376-db8ac66324944ca7\' used with conflicting reservation parameters.""}')",1
pessimistic_lock_mixed_c100_rep1,pessimistic_lock,mixed,100,/items/:id/reserve [POST],"CatchResponseError('Conflict error: {""error_code"":""IDEMPOTENCY_CONFLICT"",""message"":""Duplicate idempotency key \'u2706444060816-12239fe910b143c0\' used with conflicting reservation parameters.""}')",1
pessimistic_lock_mixed_c100_rep1,pessimistic_lock,mixed,100,/items/:id/reserve [POST],"CatchResponseError('Conflict error: {""error_code"":""IDEMPOTENCY_CONFLICT"",""message"":""Duplicate idempotency key \'u2706448984080-fde3e896802b4011\' used with conflicting reservation parameters.""}')",1
pessimistic_lock_mixed_c100_rep1,pessimistic_lock,mixed,100,/items/:id/reserve [POST],"CatchResponseError('Conflict error: {""error_code"":""IDEMPOTENCY_CONFLICT"",""message"":""Duplicate idempotency key \'u2706442663568-a4194e41b77d40f6\' used with conflicting reservation parameters.""}')",1
pessimistic_lock_mixed_c100_rep1,pessimistic_lock,mixed,100,/items/:id/reserve [POST],"CatchResponseError('Conflict error: {""error_code"":""IDEMPOTENCY_CONFLICT"",""message"":""Duplicate idempotency key \'u2706442928208-ba75bdcfb1274a66\' used with conflicting reservation parameters.""}')",1
pessimistic_lock_mixed_c100_rep1,pessimistic_lock,mixed,100,/items/:id/reserve [POST],"CatchResponseError('Conflict error: {""error_code"":""IDEMPOTENCY_CONFLICT"",""message"":""Duplicate idempotency key \'u2706449203472-b88453981e8e47ba\' used with conflicting reservation parameters.""}')",1
pessimistic_lock_mixed_c100_rep1,pessimistic_lock,mixed,100,/items/:id/reserve [POST],"CatchResponseError('Conflict error: {""error_code"":""IDEMPOTENCY_CONFLICT"",""message"":""Duplicate idempotency key \'u2706443479248-1582cd19fc884714\' used with conflicting reservation parameters.""}')",1
pessimistic_lock_mixed_c100_rep1,pessimistic_lock,mixed,100,/items/:id/reserve [POST],"CatchResponseError('Conflict error: {""error_code"":""IDEMPOTENCY_CONFLICT"",""message"":""Duplicate idempotency key \'u2706443475792-17e847fc4d034dd3\' used with conflicting reservation parameters.""}')",1
pessimistic_lock_mixed_c100_rep1,pessimistic_lock,mixed,100,/items/:id/reserve [POST],"CatchResponseError('Conflict error: {""error_code"":""IDEMPOTENCY_CONFLICT"",""message"":""Duplicate idempotency key \'u2706449208848-1a99741c665f440f\' used with conflicting reservation parameters.""}')",1
pessimistic_lock_mixed_c100_rep1,pessimistic_lock,mixed,100,/items/:id/reserve [POST],"CatchResponseError('Conflict error: {""error_code"":""IDEMPOTENCY_CONFLICT"",""message"":""Duplicate idempotency key \'u2706444060816-da8212c407a94b60\' used with conflicting reservation parameters.""}')",1
pessimistic_lock_mixed_c100_rep1,pessimistic_lock,mixed,100,/items/:id/reserve [POST],"CatchResponseError('Conflict error: {""error_code"":""IDEMPOTENCY_CONFLICT"",""message"":""Duplicate idempotency key \'u2706449214224-52cc84f57beb4d84\' used with conflicting reservation parameters.""}')",1
pessimistic_lock_mixed_c100_rep1,pessimistic_lock,mixed,100,/items/:id/reserve [POST],"CatchResponseError('Conflict error: {""error_code"":""IDEMPOTENCY_CONFLICT"",""message"":""Duplicate idempotency key \'u2706443482320-8fb75ffb51b2445a\' used with conflicting reservation parameters.""}')",1
pessimistic_lock_mixed_c100_rep1,pessimistic_lock,mixed,100,/items/:id/reserve [POST],"CatchResponseError('Conflict error: {""error_code"":""IDEMPOTENCY_CONFLICT"",""message"":""Duplicate idempotency key \'u2706449218256-04a0ce0b06104fff\' used with conflicting reservation parameters.""}')",1
pessimistic_lock_mixed_c100_rep1,pessimistic_lock,mixed,100,/items/:id/reserve [POST],"CatchResponseError('Conflict error: {""error_code"":""IDEMPOTENCY_CONFLICT"",""message"":""Duplicate idempotency key \'u2706443500768-e884b41ee4984301\' used with conflicting reservation parameters.""}')",1
pessimistic_lock_mixed_c100_rep1,pessimistic_lock,mixed,100,/items/:id/reserve [POST],"CatchResponseError('Conflict error: {""error_code"":""IDEMPOTENCY_CONFLICT"",""message"":""Duplicate idempotency key \'u2706448977744-5af187fd3dff4d46\' used with conflicting reservation parameters.""}')",1
pessimistic_lock_mixed_c100_rep1,pessimistic_lock,mixed,100,/items/:id/reserve [POST],"CatchResponseError('Conflict error: {""error_code"":""IDEMPOTENCY_CONFLICT"",""message"":""Duplicate idempotency key \'u2706443479632-fd6a68ff5db848d8\' used with conflicting reservation parameters.""}')",1
pessimistic_lock_mixed_c100_rep1,pessimistic_lock,mixed,100,/items/:id/reserve [POST],"CatchResponseError('Conflict error: {""error_code"":""IDEMPOTENCY_CONFLICT"",""message"":""Duplicate idempotency key \'u2706443147920-3bd0368e7a904744\' used with conflicting reservation parameters.""}')",1
pessimistic_lock_mixed_c100_rep1,pessimistic_lock,mixed,100,/items/:id/reserve [POST],"CatchResponseError('Conflict error: {""error_code"":""IDEMPOTENCY_CONFLICT"",""message"":""Duplicate idempotency key \'u2706443478672-c1547775fdcd4a3e\' used with conflicting reservation parameters.""}')",1
pessimistic_lock_mixed_c100_rep1,pessimistic_lock,mixed,100,/items/:id/reserve [POST],"CatchResponseError('Conflict error: {""error_code"":""IDEMPOTENCY_CONFLICT"",""message"":""Duplicate idempotency key \'u2706443210816-93bfe115f32d4bf9\' used with conflicting reservation parameters.""}')",1
pessimistic_lock_mixed_c100_rep1,pessimistic_lock,mixed,100,/items/:id/reserve [POST],"CatchResponseError('Conflict error: {""error_code"":""IDEMPOTENCY_CONFLICT"",""message"":""Duplicate idempotency key \'u2706449205968-238f6ff7871c4873\' used with conflicting reservation parameters.""}')",1
pessimistic_lock_mixed_c100_rep1,pessimistic_lock,mixed,100,/items/:id/reserve [POST],"CatchResponseError('Conflict error: {""error_code"":""IDEMPOTENCY_CONFLICT"",""message"":""Duplicate idempotency key \'u2706443477904-9153368bd6ab4066\' used with conflicting reservation parameters.""}')",1
pessimistic_lock_mixed_c100_rep1,pessimistic_lock,mixed,100,/items/:id/reserve [POST],"CatchResponseError('Conflict error: {""error_code"":""IDEMPOTENCY_CONFLICT"",""message"":""Duplicate idempotency key \'u2706444060432-61d5203e09e344e1\' used with conflicting reservation parameters.""}')",1
pessimistic_lock_mixed_c100_rep1,pessimistic_lock,mixed,100,/items/:id/reserve [POST],"CatchResponseError('Conflict error: {""error_code"":""IDEMPOTENCY_CONFLICT"",""message"":""Duplicate idempotency key \'u2706443500768-b8101e5368104e8a\' used with conflicting reservation parameters.""}')",1
pessimistic_lock_mixed_c100_rep1,pessimistic_lock,mixed,100,/items/:id/reserve [POST],"CatchResponseError('Conflict error: {""error_code"":""IDEMPOTENCY_CONFLICT"",""message"":""Duplicate idempotency key \'u2706443331504-562edd0e77cd434e\' used with conflicting reservation parameters.""}')",1
pessimistic_lock_mixed_c100_rep1,pessimistic_lock,mixed,100,/items/:id/reserve [POST],"CatchResponseError('Conflict error: {""error_code"":""IDEMPOTENCY_CONFLICT"",""message"":""Duplicate idempotency key \'u2706443481552-2ab9ce8a734d4294\' used with conflicting reservation parameters.""}')",1
pessimistic_lock_mixed_c100_rep1,pessimistic_lock,mixed,100,/items/:id/reserve [POST],"CatchResponseError('Conflict error: {""error_code"":""IDEMPOTENCY_CONFLICT"",""message"":""Duplicate idempotency key \'u2706449208848-fabbd01776c64e16\' used with conflicting reservation parameters.""}')",1
pessimistic_lock_mixed_c100_rep1,pessimistic_lock,mixed,100,/items/:id/reserve [POST],"CatchResponseError('Conflict error: {""error_code"":""IDEMPOTENCY_CONFLICT"",""message"":""Duplicate idempotency key \'u2706443480400-b15be27754c54f1b\' used with conflicting reservation parameters.""}')",1
pessimistic_lock_mixed_c100_rep1,pessimistic_lock,mixed,100,/items/:id/reserve [POST],"CatchResponseError('Conflict error: {""error_code"":""IDEMPOTENCY_CONFLICT"",""message"":""Duplicate idempotency key \'u2706444763408-2ef9ee2f734a4164\' used with conflicting reservation parameters.""}')",1
pessimistic_lock_mixed_c100_rep1,pessimistic_lock,mixed,100,/items/:id/reserve [POST],"CatchResponseError('Conflict error: {""error_code"":""IDEMPOTENCY_CONFLICT"",""message"":""Duplicate idempotency key \'u2706449207696-675d59061d364955\' used with conflicting reservation parameters.""}')",1
pessimistic_lock_mixed_c100_rep1,pessimistic_lock,mixed,100,/items/:id/reserve [POST],"CatchResponseError('Conflict error: {""error_code"":""IDEMPOTENCY_CONFLICT"",""message"":""Duplicate idempotency key \'u2706449205584-6cba3d4fb9334ba8\' used with conflicting reservation parameters.""}')",1
pessimistic_lock_mixed_c100_rep1,pessimistic_lock,mixed,100,/items/:id/reserve [POST],"CatchResponseError('Conflict error: {""error_code"":""IDEMPOTENCY_CONFLICT"",""message"":""Duplicate idempotency key \'u2706449208848-7531449a5045461c\' used with conflicting reservation parameters.""}')",1
pessimistic_lock_mixed_c100_rep1,pessimistic_lock,mixed,100,/items/:id/reserve [POST],"CatchResponseError('Conflict error: {""error_code"":""IDEMPOTENCY_CONFLICT"",""message"":""Duplicate idempotency key \'u2706449203856-ba126502da784fe3\' used with conflicting reservation parameters.""}')",1
pessimistic_lock_mixed_c100_rep1,pessimistic_lock,mixed,100,/items/:id/reserve [POST],"CatchResponseError('Conflict error: {""error_code"":""IDEMPOTENCY_CONFLICT"",""message"":""Duplicate idempotency key \'u2706448984272-14fa89befb66427b\' used with conflicting reservation parameters.""}')",1
pessimistic_lock_mixed_c100_rep1,pessimistic_lock,mixed,100,/items/:id/reserve [POST],"CatchResponseError('Conflict error: {""error_code"":""IDEMPOTENCY_CONFLICT"",""message"":""Duplicate idempotency key \'u2706449214224-704f11bd7d6a4064\' used with conflicting reservation parameters.""}')",1
pessimistic_lock_mixed_c100_rep1,pessimistic_lock,mixed,100,/items/:id/reserve [POST],"CatchResponseError('Conflict error: {""error_code"":""IDEMPOTENCY_CONFLICT"",""message"":""Duplicate idempotency key \'u2706443478288-160aac5202374b52\' used with conflicting reservation parameters.""}')",1
pessimistic_lock_mixed_c100_rep1,pessimistic_lock,mixed,100,/items/:id/reserve [POST],"CatchResponseError('Conflict error: {""error_code"":""IDEMPOTENCY_CONFLICT"",""message"":""Duplicate idempotency key \'u2706449217296-5f441d76d7cb4cff\' used with conflicting reservation parameters.""}')",1
pessimistic_lock_mixed_c100_rep1,pessimistic_lock,mixed,100,/items/:id/reserve [POST],"CatchResponseError('Conflict error: {""error_code"":""IDEMPOTENCY_CONFLICT"",""message"":""Duplicate idempotency key \'u2706449203472-9d32f344da8b428b\' used with conflicting reservation parameters.""}')",1
pessimistic_lock_mixed_c100_rep1,pessimistic_lock,mixed,100,/items/:id/reserve [POST],"CatchResponseError('Conflict error: {""error_code"":""IDEMPOTENCY_CONFLICT"",""message"":""Duplicate idempotency key \'u2706443478288-bcac40b2c0174867\' used with conflicting reservation parameters.""}')",1
pessimistic_lock_mixed_c100_rep2,pessimistic_lock,mixed,100,/items/:id/reserve [POST],"CatchResponseError('Conflict error: {""error_code"":""IDEMPOTENCY_CONFLICT"",""message"":""Duplicate idempotency key \'u2178754306576-94080077266e40a6\' used with conflicting reservation parameters.""}')",1
pessimistic_lock_mixed_c100_rep2,pessimistic_lock,mixed,100,/items/:id/reserve [POST],"CatchResponseError('Conflict error: {""error_code"":""IDEMPOTENCY_CONFLICT"",""message"":""Duplicate idempotency key \'u2178748395984-930870f1d1dc4617\' used with conflicting reservation parameters.""}')",1
pessimistic_lock_mixed_c100_rep2,pessimistic_lock,mixed,100,/items/:id/reserve [POST],"CatchResponseError('Conflict error: {""error_code"":""IDEMPOTENCY_CONFLICT"",""message"":""Duplicate idempotency key \'u2178748976016-a9034306f1694af2\' used with conflicting reservation parameters.""}')",1
pessimistic_lock_mixed_c100_rep2,pessimistic_lock,mixed,100,/items/:id/reserve [POST],"CatchResponseError('Conflict error: {""error_code"":""IDEMPOTENCY_CONFLICT"",""message"":""Duplicate idempotency key \'u2178748245936-29f9420cba2c4c9d\' used with conflicting reservation parameters.""}')",1
pessimistic_lock_mixed_c100_rep2,pessimistic_lock,mixed,100,/items/:id/reserve [POST],"CatchResponseError('Conflict error: {""error_code"":""IDEMPOTENCY_CONFLICT"",""message"":""Duplicate idempotency key \'u2178749690128-ff1c1676e20a4818\' used with conflicting reservation parameters.""}')",1
pessimistic_lock_mixed_c100_rep2,pessimistic_lock,mixed,100,/items/:id/reserve [POST],"CatchResponseError('Conflict error: {""error_code"":""IDEMPOTENCY_CONFLICT"",""message"":""Duplicate idempotency key \'u2178748980048-8777aef7672242fe\' used with conflicting reservation parameters.""}')",1
pessimistic_lock_mixed_c100_rep2,pessimistic_lock,mixed,100,/items/:id/reserve [POST],"CatchResponseError('Conflict error: {""error_code"":""IDEMPOTENCY_CONFLICT"",""message"":""Duplicate idempotency key \'u2178748393104-46cededc5a404270\' used with conflicting reservation parameters.""}')",1
pessimistic_lock_mixed_c100_rep2,pessimistic_lock,mixed,100,/items/:id/reserve [POST],"CatchResponseError('Conflict error: {""error_code"":""IDEMPOTENCY_CONFLICT"",""message"":""Duplicate idempotency key \'u2178748398672-625321c6af6d49ff\' used with conflicting reservation parameters.""}')",1
pessimistic_lock_mixed_c100_rep2,pessimistic_lock,mixed,100,/items/:id/reserve [POST],"CatchResponseError('Conflict error: {""error_code"":""IDEMPOTENCY_CONFLICT"",""message"":""Duplicate idempotency key \'u2178748390224-a2cf7d19b6d0476c\' used with conflicting reservation parameters.""}')",1
pessimistic_lock_mixed_c100_rep2,pessimistic_lock,mixed,100,/items/:id/reserve [POST],"CatchResponseError('Conflict error: {""error_code"":""IDEMPOTENCY_CONFLICT"",""message"":""Duplicate idempotency key \'u2178748392720-1eb402f31d644422\' used with conflicting reservation parameters.""}')",1
pessimistic_lock_mixed_c100_rep2,pessimistic_lock,mixed,100,/items/:id/reserve [POST],"CatchResponseError('Conflict error: {""error_code"":""IDEMPOTENCY_CONFLICT"",""message"":""Duplicate idempotency key \'u2178748393680-63706961d9954d6a\' used with conflicting reservation parameters.""}')",1
pessimistic_lock_mixed_c100_rep2,pessimistic_lock,mixed,100,/items/:id/reserve [POST],"CatchResponseError('Conflict error: {""error_code"":""IDEMPOTENCY_CONFLICT"",""message"":""Duplicate idempotency key \'u2178754307728-428db7a6dbe34f36\' used with conflicting reservation parameters.""}')",1
pessimistic_lock_mixed_c100_rep2,pessimistic_lock,mixed,100,/items/:id/reserve [POST],"CatchResponseError('Conflict error: {""error_code"":""IDEMPOTENCY_CONFLICT"",""message"":""Duplicate idempotency key \'u2178754540944-031545994c914094\' used with conflicting reservation parameters.""}')",1
pessimistic_lock_mixed_c100_rep2,pessimistic_lock,mixed,100,/items/:id/reserve [POST],"CatchResponseError('Conflict error: {""error_code"":""IDEMPOTENCY_CONFLICT"",""message"":""Duplicate idempotency key \'u2178747575536-360b954474e14146\' used with conflicting reservation parameters.""}')",1
pessimistic_lock_mixed_c100_rep2,pessimistic_lock,mixed,100,/items/:id/reserve [POST],"CatchResponseError('Conflict error: {""error_code"":""IDEMPOTENCY_CONFLICT"",""message"":""Duplicate idempotency key \'u2178748397520-c239094f0eb54061\' used with conflicting reservation parameters.""}')",2
pessimistic_lock_mixed_c100_rep2,pessimistic_lock,mixed,100,/items/:id/reserve [POST],"CatchResponseError('Conflict error: {""error_code"":""IDEMPOTENCY_CONFLICT"",""message"":""Duplicate idempotency key \'u2178754302928-c4e5046f5aa74de9\' used with conflicting reservation parameters.""}')",1
pessimistic_lock_mixed_c100_rep2,pessimistic_lock,mixed,100,/items/:id/reserve [POST],"CatchResponseError('Conflict error: {""error_code"":""IDEMPOTENCY_CONFLICT"",""message"":""Duplicate idempotency key \'u2178748299984-c24a708348704152\' used with conflicting reservation parameters.""}')",1
pessimistic_lock_mixed_c100_rep2,pessimistic_lock,mixed,100,/items/:id/reserve [POST],"CatchResponseError('Conflict error: {""error_code"":""IDEMPOTENCY_CONFLICT"",""message"":""Duplicate idempotency key \'u2178748062352-774a6024659f4b7f\' used with conflicting reservation parameters.""}')",1
pessimistic_lock_mixed_c100_rep2,pessimistic_lock,mixed,100,/items/:id/reserve [POST],"CatchResponseError('Conflict error: {""error_code"":""IDEMPOTENCY_CONFLICT"",""message"":""Duplicate idempotency key \'u2178749680912-39271ce1b32a4679\' used with conflicting reservation parameters.""}')",1
pessimistic_lock_mixed_c100_rep2,pessimistic_lock,mixed,100,/items/:id/reserve [POST],"CatchResponseError('Conflict error: {""error_code"":""IDEMPOTENCY_CONFLICT"",""message"":""Duplicate idempotency key \'u2178749693008-d72f367ef85c4dfc\' used with conflicting reservation parameters.""}')",1
pessimistic_lock_mixed_c100_rep2,pessimistic_lock,mixed,100,/items/:id/reserve [POST],"CatchResponseError('Conflict error: {""error_code"":""IDEMPOTENCY_CONFLICT"",""message"":""Duplicate idempotency key \'u2178748398672-cb1d786356124515\' used with conflicting reservation parameters.""}')",1
pessimistic_lock_mixed_c100_rep2,pessimistic_lock,mixed,100,/items/:id/reserve [POST],"CatchResponseError('Conflict error: {""error_code"":""IDEMPOTENCY_CONFLICT"",""message"":""Duplicate idempotency key \'u2178754540944-c6651c31e0ee4aa8\' used with conflicting reservation parameters.""}')",1
pessimistic_lock_mixed_c100_rep2,pessimistic_lock,mixed,100,/items/:id/reserve [POST],"CatchResponseError('Conflict error: {""error_code"":""IDEMPOTENCY_CONFLICT"",""message"":""Duplicate idempotency key \'u2178749692816-9e5ef0a6f54247ad\' used with conflicting reservation parameters.""}')",1
pessimistic_lock_mixed_c100_rep2,pessimistic_lock,mixed,100,/items/:id/reserve [POST],"CatchResponseError('Conflict error: {""error_code"":""IDEMPOTENCY_CONFLICT"",""message"":""Duplicate idempotency key \'u2178754302928-508ec05d8a104456\' used with conflicting reservation parameters.""}')",1
pessimistic_lock_mixed_c100_rep2,pessimistic_lock,mixed,100,/items/:id/reserve [POST],"CatchResponseError('Conflict error: {""error_code"":""IDEMPOTENCY_CONFLICT"",""message"":""Duplicate idempotency key \'u2178754307344-3f5c1d28d12f464c\' used with conflicting reservation parameters.""}')",1
pessimistic_lock_mixed_c100_rep2,pessimistic_lock,mixed,100,/items/:id/reserve [POST],"CatchResponseError('Conflict error: {""error_code"":""IDEMPOTENCY_CONFLICT"",""message"":""Duplicate idempotency key \'u2178754529616-927f6074505b4074\' used with conflicting reservation parameters.""}')",1
pessimistic_lock_mixed_c100_rep2,pessimistic_lock,mixed,100,/items/:id/reserve [POST],"CatchResponseError('Conflict error: {""error_code"":""IDEMPOTENCY_CONFLICT"",""message"":""Duplicate idempotency key \'u2178754542288-c4fa7cd95c12436a\' used with conflicting reservation parameters.""}')",1
pessimistic_lock_mixed_c100_rep2,pessimistic_lock,mixed,100,/items/:id/reserve [POST],"CatchResponseError('Conflict error: {""error_code"":""IDEMPOTENCY_CONFLICT"",""message"":""Duplicate idempotency key \'u2178754304656-adfd43f45af6487e\' used with conflicting reservation parameters.""}')",1
pessimistic_lock_mixed_c100_rep2,pessimistic_lock,mixed,100,/items/:id/reserve [POST],"CatchResponseError('Conflict error: {""error_code"":""IDEMPOTENCY_CONFLICT"",""message"":""Duplicate idempotency key \'u2178754543056-8f15cbc28c404d08\' used with conflicting reservation parameters.""}')",1
pessimistic_lock_mixed_c100_rep2,pessimistic_lock,mixed,100,/items/:id/reserve [POST],"CatchResponseError('Conflict error: {""error_code"":""IDEMPOTENCY_CONFLICT"",""message"":""Duplicate idempotency key \'u2178748392336-0b44be9876c34ac5\' used with conflicting reservation parameters.""}')",1
pessimistic_lock_mixed_c100_rep2,pessimistic_lock,mixed,100,/items/:id/reserve [POST],"CatchResponseError('Conflict error: {""error_code"":""IDEMPOTENCY_CONFLICT"",""message"":""Duplicate idempotency key \'u2178748973712-f551e22142834a55\' used with conflicting reservation parameters.""}')",1
pessimistic_lock_mixed_c100_rep2,pessimistic_lock,mixed,100,/items/:id/reserve [POST],"CatchResponseError('Conflict error: {""error_code"":""IDEMPOTENCY_CONFLICT"",""message"":""Duplicate idempotency key \'u2178748395600-6c17eeac1ea042d1\' used with conflicting reservation parameters.""}')",1
pessimistic_lock_mixed_c100_rep2,pessimistic_lock,mixed,100,/items/:id/reserve [POST],"CatchResponseError('Conflict error: {""error_code"":""IDEMPOTENCY_CONFLICT"",""message"":""Duplicate idempotency key \'u2178754310608-8d525dc326314f49\' used with conflicting reservation parameters.""}')",1
pessimistic_lock_mixed_c100_rep2,pessimistic_lock,mixed,100,/items/:id/reserve [POST],"CatchResponseError('Conflict error: {""error_code"":""IDEMPOTENCY_CONFLICT"",""message"":""Duplicate idempotency key \'u2178748394064-37a289f9c8944bc3\' used with conflicting reservation parameters.""}')",1
pessimistic_lock_mixed_c100_rep2,pessimistic_lock,mixed,100,/items/:id/reserve [POST],"CatchResponseError('Conflict error: {""error_code"":""IDEMPOTENCY_CONFLICT"",""message"":""Duplicate idempotency key \'u2178747534032-4d6f5938d321473d\' used with conflicting reservation parameters.""}')",1
pessimistic_lock_mixed_c100_rep2,pessimistic_lock,mixed,100,/items/:id/reserve [POST],"CatchResponseError('Conflict error: {""error_code"":""IDEMPOTENCY_CONFLICT"",""message"":""Duplicate idempotency key \'u2178748391952-997d360957034a51\' used with conflicting reservation parameters.""}')",1
pessimistic_lock_mixed_c100_rep2,pessimistic_lock,mixed,100,/items/:id/reserve [POST],"CatchResponseError('Conflict error: {""error_code"":""IDEMPOTENCY_CONFLICT"",""message"":""Duplicate idempotency key \'u2178754310800-ab323e90139e44bc\' used with conflicting reservation parameters.""}')",1
pessimistic_lock_mixed_c100_rep2,pessimistic_lock,mixed,100,/items/:id/reserve [POST],"CatchResponseError('Conflict error: {""error_code"":""IDEMPOTENCY_CONFLICT"",""message"":""Duplicate idempotency key \'u2178749680912-5837be274be04bb3\' used with conflicting reservation parameters.""}')",1
pessimistic_lock_mixed_c100_rep2,pessimistic_lock,mixed,100,/items/:id/reserve [POST],"CatchResponseError('Conflict error: {""error_code"":""IDEMPOTENCY_CONFLICT"",""message"":""Duplicate idempotency key \'u2178754306192-a9c66f49602f4171\' used with conflicting reservation parameters.""}')",1
pessimistic_lock_mixed_c20_rep1,pessimistic_lock,mixed,20,/items/:id/reserve [POST],"CatchResponseError('Conflict error: {""error_code"":""IDEMPOTENCY_CONFLICT"",""message"":""Duplicate idempotency key \'u1999090914448-d034086af00e4ae3\' used with conflicting reservation parameters.""}')",1
pessimistic_lock_mixed_c20_rep1,pessimistic_lock,mixed,20,/items/:id/reserve [POST],"CatchResponseError('Conflict error: {""error_code"":""IDEMPOTENCY_CONFLICT"",""message"":""Duplicate idempotency key \'u1999090846416-d20cbbd4f258445d\' used with conflicting reservation parameters.""}')",1
pessimistic_lock_mixed_c20_rep1,pessimistic_lock,mixed,20,/items/:id/reserve [POST],"CatchResponseError('Conflict error: {""error_code"":""IDEMPOTENCY_CONFLICT"",""message"":""Duplicate idempotency key \'u1999092677712-5c56bc550be84224\' used with conflicting reservation parameters.""}')",1
pessimistic_lock_mixed_c20_rep1,pessimistic_lock,mixed,20,/items/:id/reserve [POST],"CatchResponseError('Conflict error: {""error_code"":""IDEMPOTENCY_CONFLICT"",""message"":""Duplicate idempotency key \'u1999091064880-9844d0c5c21b4267\' used with conflicting reservation parameters.""}')",1
pessimistic_lock_mixed_c20_rep1,pessimistic_lock,mixed,20,/items/:id/reserve [POST],"CatchResponseError('Conflict error: {""error_code"":""IDEMPOTENCY_CONFLICT"",""message"":""Duplicate idempotency key \'u1999092678096-6febbc2a748646b0\' used with conflicting reservation parameters.""}')",1
pessimistic_lock_mixed_c20_rep1,pessimistic_lock,mixed,20,/items/:id/reserve [POST],"CatchResponseError('Conflict error: {""error_code"":""IDEMPOTENCY_CONFLICT"",""message"":""Duplicate idempotency key \'u1999090607600-4e6e028c8edb4a83\' used with conflicting reservation parameters.""}')",1
pessimistic_lock_mixed_c20_rep1,pessimistic_lock,mixed,20,/items/:id/reserve [POST],"CatchResponseError('Conflict error: {""error_code"":""IDEMPOTENCY_CONFLICT"",""message"":""Duplicate idempotency key \'u1999090964672-07b88793acc84f4c\' used with conflicting reservation parameters.""}')",1
pessimistic_lock_mixed_c20_rep1,pessimistic_lock,mixed,20,/items/:id/reserve [POST],"CatchResponseError('Conflict error: {""error_code"":""IDEMPOTENCY_CONFLICT"",""message"":""Duplicate idempotency key \'u1999090891344-2847df15f9a4429f\' used with conflicting reservation parameters.""}')",1
pessimistic_lock_mixed_c20_rep1,pessimistic_lock,mixed,20,/items/:id/reserve [POST],"CatchResponseError('Conflict error: {""error_code"":""IDEMPOTENCY_CONFLICT"",""message"":""Duplicate idempotency key \'u1999090647120-6f7cf21d3c1f4da0\' used with conflicting reservation parameters.""}')",1
pessimistic_lock_mixed_c20_rep1,pessimistic_lock,mixed,20,/items/:id/reserve [POST],"CatchResponseError('Conflict error: {""error_code"":""IDEMPOTENCY_CONFLICT"",""message"":""Duplicate idempotency key \'u1999090964672-7197d8add99b4926\' used with conflicting reservation parameters.""}')",2
pessimistic_lock_mixed_c20_rep2,pessimistic_lock,mixed,20,/items/:id/reserve [POST],"CatchResponseError('Conflict error: {""error_code"":""IDEMPOTENCY_CONFLICT"",""message"":""Duplicate idempotency key \'u2615897356880-ad9ef6ad9b04427e\' used with conflicting reservation parameters.""}')",1
pessimistic_lock_mixed_c20_rep2,pessimistic_lock,mixed,20,/items/:id/reserve [POST],"CatchResponseError('Conflict error: {""error_code"":""IDEMPOTENCY_CONFLICT"",""message"":""Duplicate idempotency key \'u2615897379984-5a9a79bea12949f4\' used with conflicting reservation parameters.""}')",1
pessimistic_lock_mixed_c20_rep2,pessimistic_lock,mixed,20,/items/:id/reserve [POST],"CatchResponseError('Conflict error: {""error_code"":""IDEMPOTENCY_CONFLICT"",""message"":""Duplicate idempotency key \'u2615898757200-0c5080ff5d754d17\' used with conflicting reservation parameters.""}')",1
pessimistic_lock_mixed_c20_rep2,pessimistic_lock,mixed,20,/items/:id/reserve [POST],"CatchResponseError('Conflict error: {""error_code"":""IDEMPOTENCY_CONFLICT"",""message"":""Duplicate idempotency key \'u2615897428032-6517e6653e6b4bb6\' used with conflicting reservation parameters.""}')",1
pessimistic_lock_mixed_c20_rep2,pessimistic_lock,mixed,20,/items/:id/reserve [POST],"CatchResponseError('Conflict error: {""error_code"":""IDEMPOTENCY_CONFLICT"",""message"":""Duplicate idempotency key \'u2615897717984-9fa6385478394c5e\' used with conflicting reservation parameters.""}')",1
pessimistic_lock_mixed_c20_rep2,pessimistic_lock,mixed,20,/items/:id/reserve [POST],"CatchResponseError('Conflict error: {""error_code"":""IDEMPOTENCY_CONFLICT"",""message"":""Duplicate idempotency key \'u2615897428032-c5519fa15b494911\' used with conflicting reservation parameters.""}')",1
pessimistic_lock_mixed_c20_rep2,pessimistic_lock,mixed,20,/items/:id/reserve [POST],"CatchResponseError('Conflict error: {""error_code"":""IDEMPOTENCY_CONFLICT"",""message"":""Duplicate idempotency key \'u2615897356880-d3e1fadb44804575\' used with conflicting reservation parameters.""}')",1
pessimistic_lock_mixed_c20_rep2,pessimistic_lock,mixed,20,/items/:id/reserve [POST],"CatchResponseError('Conflict error: {""error_code"":""IDEMPOTENCY_CONFLICT"",""message"":""Duplicate idempotency key \'u2615898760848-8491a0e44cf248ae\' used with conflicting reservation parameters.""}')",1
pessimistic_lock_mixed_c20_rep2,pessimistic_lock,mixed,20,/items/:id/reserve [POST],"CatchResponseError('Conflict error: {""error_code"":""IDEMPOTENCY_CONFLICT"",""message"":""Duplicate idempotency key \'u2615896836816-50bd201c536a4c5c\' used with conflicting reservation parameters.""}')",1
pessimistic_lock_mixed_c20_rep2,pessimistic_lock,mixed,20,/items/:id/reserve [POST],"CatchResponseError('Conflict error: {""error_code"":""IDEMPOTENCY_CONFLICT"",""message"":""Duplicate idempotency key \'u2615897717984-aba1ef22355d4444\' used with conflicting reservation parameters.""}')",1
pessimistic_lock_mixed_c20_rep2,pessimistic_lock,mixed,20,/items/:id/reserve [POST],"CatchResponseError('Conflict error: {""error_code"":""IDEMPOTENCY_CONFLICT"",""message"":""Duplicate idempotency key \'u2615897364176-b94532bda8514afa\' used with conflicting reservation parameters.""}')",1
pessimistic_lock_mixed_c20_rep2,pessimistic_lock,mixed,20,/items/:id/reserve [POST],"CatchResponseError('Conflict error: {""error_code"":""IDEMPOTENCY_CONFLICT"",""message"":""Duplicate idempotency key \'u2615898753744-4b475a6f16c04fa5\' used with conflicting reservation parameters.""}')",1
pessimistic_lock_mixed_c20_rep2,pessimistic_lock,mixed,20,/items/:id/reserve [POST],"CatchResponseError('Conflict error: {""error_code"":""IDEMPOTENCY_CONFLICT"",""message"":""Duplicate idempotency key \'u2615897430208-0b55b6a06fdd43fd\' used with conflicting reservation parameters.""}')",1
pessimistic_lock_mixed_c20_rep2,pessimistic_lock,mixed,20,/items/:id/reserve [POST],"CatchResponseError('Conflict error: {""error_code"":""IDEMPOTENCY_CONFLICT"",""message"":""Duplicate idempotency key \'u2615897379984-a1e3505898cb42f6\' used with conflicting reservation parameters.""}')",1
pessimistic_lock_mixed_c20_rep2,pessimistic_lock,mixed,20,/items/:id/reserve [POST],"CatchResponseError('Conflict error: {""error_code"":""IDEMPOTENCY_CONFLICT"",""message"":""Duplicate idempotency key \'u2615897717984-6334f92cffff41ae\' used with conflicting reservation parameters.""}')",1
pessimistic_lock_mixed_c20_rep2,pessimistic_lock,mixed,20,/items/:id/reserve [POST],"CatchResponseError('Conflict error: {""error_code"":""IDEMPOTENCY_CONFLICT"",""message"":""Duplicate idempotency key \'u2615898573536-d50503ea760d4dec\' used with conflicting reservation parameters.""}')",1
pessimistic_lock_mixed_c20_rep2,pessimistic_lock,mixed,20,/items/:id/reserve [POST],"CatchResponseError('Conflict error: {""error_code"":""IDEMPOTENCY_CONFLICT"",""message"":""Duplicate idempotency key \'u2615897717984-7775acc913774920\' used with conflicting reservation parameters.""}')",1
pessimistic_lock_mixed_c20_rep2,pessimistic_lock,mixed,20,/items/:id/reserve [POST],"CatchResponseError('Conflict error: {""error_code"":""IDEMPOTENCY_CONFLICT"",""message"":""Duplicate idempotency key \'u2615898752400-65b2e442509d4ba4\' used with conflicting reservation parameters.""}')",1
pessimistic_lock_mixed_c20_rep2,pessimistic_lock,mixed,20,/items/:id/reserve [POST],"CatchResponseError('Conflict error: {""error_code"":""IDEMPOTENCY_CONFLICT"",""message"":""Duplicate idempotency key \'u2615898760848-6465d3d97f864842\' used with conflicting reservation parameters.""}')",1
pessimistic_lock_mixed_c20_rep2,pessimistic_lock,mixed,20,/items/:id/reserve [POST],"CatchResponseError('Conflict error: {""error_code"":""IDEMPOTENCY_CONFLICT"",""message"":""Duplicate idempotency key \'u2615897364176-f3b57a353b4045bf\' used with conflicting reservation parameters.""}')",1
pessimistic_lock_mixed_c20_rep2,pessimistic_lock,mixed,20,/items/:id/reserve [POST],"CatchResponseError('Conflict error: {""error_code"":""IDEMPOTENCY_CONFLICT"",""message"":""Duplicate idempotency key \'u2615897715856-3b60f915e7fc4d6a\' used with conflicting reservation parameters.""}')",1
pessimistic_lock_mixed_c20_rep2,pessimistic_lock,mixed,20,/items/:id/reserve [POST],"CatchResponseError('Conflict error: {""error_code"":""IDEMPOTENCY_CONFLICT"",""message"":""Duplicate idempotency key \'u2615897428032-c83061c7925b46a1\' used with conflicting reservation parameters.""}')",1
pessimistic_lock_mixed_c20_rep2,pessimistic_lock,mixed,20,/items/:id/reserve [POST],"CatchResponseError('Conflict error: {""error_code"":""IDEMPOTENCY_CONFLICT"",""message"":""Duplicate idempotency key \'u2615897428032-b4f88be5bca0428d\' used with conflicting reservation parameters.""}')",1
pessimistic_lock_mixed_c20_rep2,pessimistic_lock,mixed,20,/items/:id/reserve [POST],"CatchResponseError('Conflict error: {""error_code"":""IDEMPOTENCY_CONFLICT"",""message"":""Duplicate idempotency key \'u2615896836816-2bcdac5e15ba47c8\' used with conflicting reservation parameters.""}')",1
pessimistic_lock_mixed_c20_rep2,pessimistic_lock,mixed,20,/items/:id/reserve [POST],"CatchResponseError('Conflict error: {""error_code"":""IDEMPOTENCY_CONFLICT"",""message"":""Duplicate idempotency key \'u2615897365136-7b0fbc102394466b\' used with conflicting reservation parameters.""}')",1
pessimistic_lock_mixed_c20_rep2,pessimistic_lock,mixed,20,/items/:id/reserve [POST],"CatchResponseError('Conflict error: {""error_code"":""IDEMPOTENCY_CONFLICT"",""message"":""Duplicate idempotency key \'u2615898760848-86334b867ab34ee9\' used with conflicting reservation parameters.""}')",1
pessimistic_lock_mixed_c20_rep2,pessimistic_lock,mixed,20,/items/:id/reserve [POST],"CatchResponseError('Conflict error: {""error_code"":""IDEMPOTENCY_CONFLICT"",""message"":""Duplicate idempotency key \'u2615897715856-66a81a1a519e4802\' used with conflicting reservation parameters.""}')",1
pessimistic_lock_mixed_c20_rep2,pessimistic_lock,mixed,20,/items/:id/reserve [POST],"CatchResponseError('Conflict error: {""error_code"":""IDEMPOTENCY_CONFLICT"",""message"":""Duplicate idempotency key \'u2615897365136-9bf800ba3ec8428f\' used with conflicting reservation parameters.""}')",1
pessimistic_lock_mixed_c20_rep2,pessimistic_lock,mixed,20,/items/:id/reserve [POST],"CatchResponseError('Conflict error: {""error_code"":""IDEMPOTENCY_CONFLICT"",""message"":""Duplicate idempotency key \'u2615898752592-d34bb4b3030d468d\' used with conflicting reservation parameters.""}')",1
pessimistic_lock_mixed_c20_rep2,pessimistic_lock,mixed,20,/items/:id/reserve [POST],"CatchResponseError('Conflict error: {""error_code"":""IDEMPOTENCY_CONFLICT"",""message"":""Duplicate idempotency key \'u2615897430208-15d62aab7eda4b67\' used with conflicting reservation parameters.""}')",1
pessimistic_lock_mixed_c20_rep2,pessimistic_lock,mixed,20,/items/:id/reserve [POST],"CatchResponseError('Conflict error: {""error_code"":""IDEMPOTENCY_CONFLICT"",""message"":""Duplicate idempotency key \'u2615897430208-aebbd6002f5c464f\' used with conflicting reservation parameters.""}')",1
pessimistic_lock_mixed_c20_rep2,pessimistic_lock,mixed,20,/items/:id/reserve [POST],"CatchResponseError('Conflict error: {""error_code"":""IDEMPOTENCY_CONFLICT"",""message"":""Duplicate idempotency key \'u2615897717984-78bd32e0d46a4e6c\' used with conflicting reservation parameters.""}')",2
pessimistic_lock_mixed_c20_rep2,pessimistic_lock,mixed,20,/items/:id/reserve [POST],"CatchResponseError('Conflict error: {""error_code"":""IDEMPOTENCY_CONFLICT"",""message"":""Duplicate idempotency key \'u2615897364176-0bb0dd95073749c4\' used with conflicting reservation parameters.""}')",1
pessimistic_lock_mixed_c20_rep2,pessimistic_lock,mixed,20,/items/:id/reserve [POST],"CatchResponseError('Conflict error: {""error_code"":""IDEMPOTENCY_CONFLICT"",""message"":""Duplicate idempotency key \'u2615897717984-afe7ff573f94422d\' used with conflicting reservation parameters.""}')",1
pessimistic_lock_mixed_c20_rep2,pessimistic_lock,mixed,20,/items/:id/reserve [POST],"CatchResponseError('Conflict error: {""error_code"":""IDEMPOTENCY_CONFLICT"",""message"":""Duplicate idempotency key \'u2615897715856-c1c87016ab22429e\' used with conflicting reservation parameters.""}')",1
pessimistic_lock_mixed_c20_rep2,pessimistic_lock,mixed,20,/items/:id/reserve [POST],"CatchResponseError('Conflict error: {""error_code"":""IDEMPOTENCY_CONFLICT"",""message"":""Duplicate idempotency key \'u2615897364176-1bff02d7ce7340f2\' used with conflicting reservation parameters.""}')",1
pessimistic_lock_mixed_c20_rep2,pessimistic_lock,mixed,20,/items/:id/reserve [POST],"CatchResponseError('Conflict error: {""error_code"":""IDEMPOTENCY_CONFLICT"",""message"":""Duplicate idempotency key \'u2615898573536-d69ce243ffd44ac2\' used with conflicting reservation parameters.""}')",1
pessimistic_lock_mixed_c20_rep2,pessimistic_lock,mixed,20,/items/:id/reserve [POST],"CatchResponseError('Conflict error: {""error_code"":""IDEMPOTENCY_CONFLICT"",""message"":""Duplicate idempotency key \'u2615896836816-8618c382f43843ec\' used with conflicting reservation parameters.""}')",1
pessimistic_lock_mixed_c20_rep2,pessimistic_lock,mixed,20,/items/:id/reserve [POST],"CatchResponseError('Conflict error: {""error_code"":""IDEMPOTENCY_CONFLICT"",""message"":""Duplicate idempotency key \'u2615898752592-989d8769f51c4b08\' used with conflicting reservation parameters.""}')",1
pessimistic_lock_mixed_c20_rep2,pessimistic_lock,mixed,20,/items/:id/reserve [POST],"CatchResponseError('Conflict error: {""error_code"":""IDEMPOTENCY_CONFLICT"",""message"":""Duplicate idempotency key \'u2615898753744-5be2db4a3c9a471b\' used with conflicting reservation parameters.""}')",1
pessimistic_lock_mixed_c20_rep2,pessimistic_lock,mixed,20,/items/:id/reserve [POST],"CatchResponseError('Conflict error: {""error_code"":""IDEMPOTENCY_CONFLICT"",""message"":""Duplicate idempotency key \'u2615897145424-98aff4fc78444565\' used with conflicting reservation parameters.""}')",1
pessimistic_lock_mixed_c20_rep2,pessimistic_lock,mixed,20,/items/:id/reserve [POST],"CatchResponseError('Conflict error: {""error_code"":""IDEMPOTENCY_CONFLICT"",""message"":""Duplicate idempotency key \'u2615897075824-b8e4047b3ed64ee0\' used with conflicting reservation parameters.""}')",1
pessimistic_lock_mixed_c20_rep2,pessimistic_lock,mixed,20,/items/:id/reserve [POST],"CatchResponseError('Conflict error: {""error_code"":""IDEMPOTENCY_CONFLICT"",""message"":""Duplicate idempotency key \'u2615897145424-b26aa3a9be5d4f4a\' used with conflicting reservation parameters.""}')",1
pessimistic_lock_mixed_c20_rep2,pessimistic_lock,mixed,20,/items/:id/reserve [POST],"CatchResponseError('Conflict error: {""error_code"":""IDEMPOTENCY_CONFLICT"",""message"":""Duplicate idempotency key \'u2615897717984-e8e3d51f5584404a\' used with conflicting reservation parameters.""}')",1
pessimistic_lock_mixed_c20_rep2,pessimistic_lock,mixed,20,/items/:id/reserve [POST],"CatchResponseError('Conflict error: {""error_code"":""IDEMPOTENCY_CONFLICT"",""message"":""Duplicate idempotency key \'u2615897715856-3752dcdc13944a92\' used with conflicting reservation parameters.""}')",1
pessimistic_lock_mixed_c20_rep2,pessimistic_lock,mixed,20,/items/:id/reserve [POST],"CatchResponseError('Conflict error: {""error_code"":""IDEMPOTENCY_CONFLICT"",""message"":""Duplicate idempotency key \'u2615898573536-1a32f12d73164aff\' used with conflicting reservation parameters.""}')",1
pessimistic_lock_mixed_c20_rep2,pessimistic_lock,mixed,20,/items/:id/reserve [POST],"CatchResponseError('Conflict error: {""error_code"":""IDEMPOTENCY_CONFLICT"",""message"":""Duplicate idempotency key \'u2615897035056-1c5c142d49d34f0c\' used with conflicting reservation parameters.""}')",1
pessimistic_lock_mixed_c20_rep2,pessimistic_lock,mixed,20,/items/:id/reserve [POST],"CatchResponseError('Conflict error: {""error_code"":""IDEMPOTENCY_CONFLICT"",""message"":""Duplicate idempotency key \'u2615898573536-9149d99110c7423b\' used with conflicting reservation parameters.""}')",1
pessimistic_lock_mixed_c50_rep1,pessimistic_lock,mixed,50,/items/:id/reserve [POST],"CatchResponseError('Conflict error: {""error_code"":""IDEMPOTENCY_CONFLICT"",""message"":""Duplicate idempotency key \'u1669992620944-7f18250b5bd14731\' used with conflicting reservation parameters.""}')",1
pessimistic_lock_mixed_c50_rep1,pessimistic_lock,mixed,50,/items/:id/reserve [POST],"CatchResponseError('Conflict error: {""error_code"":""IDEMPOTENCY_CONFLICT"",""message"":""Duplicate idempotency key \'u1669993694224-4935374eccf442c3\' used with conflicting reservation parameters.""}')",1
pessimistic_lock_mixed_c50_rep1,pessimistic_lock,mixed,50,/items/:id/reserve [POST],"CatchResponseError('Conflict error: {""error_code"":""IDEMPOTENCY_CONFLICT"",""message"":""Duplicate idempotency key \'u1669992618064-9f38c48a8fd14a46\' used with conflicting reservation parameters.""}')",1
pessimistic_lock_mixed_c50_rep1,pessimistic_lock,mixed,50,/items/:id/reserve [POST],"CatchResponseError('Conflict error: {""error_code"":""IDEMPOTENCY_CONFLICT"",""message"":""Duplicate idempotency key \'u1669993705552-47a3ef28fbbd4828\' used with conflicting reservation parameters.""}')",1
pessimistic_lock_mixed_c50_rep1,pessimistic_lock,mixed,50,/items/:id/reserve [POST],"CatchResponseError('Conflict error: {""error_code"":""IDEMPOTENCY_CONFLICT"",""message"":""Duplicate idempotency key \'u1669993701520-7251a9609f94438c\' used with conflicting reservation parameters.""}')",1
pessimistic_lock_mixed_c50_rep1,pessimistic_lock,mixed,50,/items/:id/reserve [POST],"CatchResponseError('Conflict error: {""error_code"":""IDEMPOTENCY_CONFLICT"",""message"":""Duplicate idempotency key \'u1669992619792-bb0128e5dc68467a\' used with conflicting reservation parameters.""}')",1
pessimistic_lock_mixed_c50_rep1,pessimistic_lock,mixed,50,/items/:id/reserve [POST],"CatchResponseError('Conflict error: {""error_code"":""IDEMPOTENCY_CONFLICT"",""message"":""Duplicate idempotency key \'u1669992620176-3e973042c1dc4984\' used with conflicting reservation parameters.""}')",1
pessimistic_lock_mixed_c50_rep1,pessimistic_lock,mixed,50,/items/:id/reserve [POST],"CatchResponseError('Conflict error: {""error_code"":""IDEMPOTENCY_CONFLICT"",""message"":""Duplicate idempotency key \'u1669993698832-88bc4d12e663431d\' used with conflicting reservation parameters.""}')",1
pessimistic_lock_mixed_c50_rep1,pessimistic_lock,mixed,50,/items/:id/reserve [POST],"CatchResponseError('Conflict error: {""error_code"":""IDEMPOTENCY_CONFLICT"",""message"":""Duplicate idempotency key \'u1669992619792-d7f4498337e14060\' used with conflicting reservation parameters.""}')",1
pessimistic_lock_mixed_c50_rep1,pessimistic_lock,mixed,50,/items/:id/reserve [POST],"CatchResponseError('Conflict error: {""error_code"":""IDEMPOTENCY_CONFLICT"",""message"":""Duplicate idempotency key \'u1669992472624-832cece5dc0e4628\' used with conflicting reservation parameters.""}')",1
pessimistic_lock_mixed_c50_rep1,pessimistic_lock,mixed,50,/items/:id/reserve [POST],"CatchResponseError('Conflict error: {""error_code"":""IDEMPOTENCY_CONFLICT"",""message"":""Duplicate idempotency key \'u1669993702288-d05242f6ac624e77\' used with conflicting reservation parameters.""}')",1
pessimistic_lock_mixed_c50_rep1,pessimistic_lock,mixed,50,/items/:id/reserve [POST],"CatchResponseError('Conflict error: {""error_code"":""IDEMPOTENCY_CONFLICT"",""message"":""Duplicate idempotency key \'u1669992353856-07f230a51c344bfe\' used with conflicting reservation parameters.""}')",1
pessimistic_lock_mixed_c50_rep1,pessimistic_lock,mixed,50,/items/:id/reserve [POST],"CatchResponseError('Conflict error: {""error_code"":""IDEMPOTENCY_CONFLICT"",""message"":""Duplicate idempotency key \'u1669993702480-74b1ef7a7fba433e\' used with conflicting reservation parameters.""}')",1
pessimistic_lock_mixed_c50_rep1,pessimistic_lock,mixed,50,/items/:id/reserve [POST],"CatchResponseError('Conflict error: {""error_code"":""IDEMPOTENCY_CONFLICT"",""message"":""Duplicate idempotency key \'u1669992474544-5ebcb089bca2450f\' used with conflicting reservation parameters.""}')",1
pessimistic_lock_mixed_c50_rep1,pessimistic_lock,mixed,50,/items/:id/reserve [POST],"CatchResponseError('Conflict error: {""error_code"":""IDEMPOTENCY_CONFLICT"",""message"":""Duplicate idempotency key \'u1669993702480-1ea3f664efe14052\' used with conflicting reservation parameters.""}')",1
pessimistic_lock_mixed_c50_rep1,pessimistic_lock,mixed,50,/items/:id/reserve [POST],"CatchResponseError('Conflict error: {""error_code"":""IDEMPOTENCY_CONFLICT"",""message"":""Duplicate idempotency key \'u1669992071504-722a84a448b24b1c\' used with conflicting reservation parameters.""}')",1
pessimistic_lock_mixed_c50_rep1,pessimistic_lock,mixed,50,/items/:id/reserve [POST],"CatchResponseError('Conflict error: {""error_code"":""IDEMPOTENCY_CONFLICT"",""message"":""Duplicate idempotency key \'u1669994104784-020eb091ef604027\' used with conflicting reservation parameters.""}')",1
pessimistic_lock_mixed_c50_rep1,pessimistic_lock,mixed,50,/items/:id/reserve [POST],"CatchResponseError('Conflict error: {""error_code"":""IDEMPOTENCY_CONFLICT"",""message"":""Duplicate idempotency key \'u1669992528592-4e960472358a4586\' used with conflicting reservation parameters.""}')",1
pessimistic_lock_mixed_c50_rep1,pessimistic_lock,mixed,50,/items/:id/reserve [POST],"CatchResponseError('Conflict error: {""error_code"":""IDEMPOTENCY_CONFLICT"",""message"":""Duplicate idempotency key \'u1669993694416-15466c1ce9dd4d91\' used with conflicting reservation parameters.""}')",1
pessimistic_lock_mixed_c50_rep1,pessimistic_lock,mixed,50,/items/:id/reserve [POST],"CatchResponseError('Conflict error: {""error_code"":""IDEMPOTENCY_CONFLICT"",""message"":""Duplicate idempotency key \'u1669992071504-58d686aa03504893\' used with conflicting reservation parameters.""}')",1
pessimistic_lock_mixed_c50_rep1,pessimistic_lock,mixed,50,/items/:id/reserve [POST],"CatchResponseError('Conflict error: {""error_code"":""IDEMPOTENCY_CONFLICT"",""message"":""Duplicate idempotency key \'u1669993699792-b146d2f53eb04c2c\' used with conflicting reservation parameters.""}')",1
pessimistic_lock_mixed_c50_rep1,pessimistic_lock,mixed,50,/items/:id/reserve [POST],"CatchResponseError('Conflict error: {""error_code"":""IDEMPOTENCY_CONFLICT"",""message"":""Duplicate idempotency key \'u1669993705552-56fca8a6329541f1\' used with conflicting reservation parameters.""}')",1
pessimistic_lock_mixed_c50_rep1,pessimistic_lock,mixed,50,/items/:id/reserve [POST],"CatchResponseError('Conflict error: {""error_code"":""IDEMPOTENCY_CONFLICT"",""message"":""Duplicate idempotency key \'u1669992621712-2d407fbf24554c96\' used with conflicting reservation parameters.""}')",1
pessimistic_lock_mixed_c50_rep1,pessimistic_lock,mixed,50,/items/:id/reserve [POST],"CatchResponseError('Conflict error: {""error_code"":""IDEMPOTENCY_CONFLICT"",""message"":""Duplicate idempotency key \'u1669993698832-701e765496704bec\' used with conflicting reservation parameters.""}')",1
pessimistic_lock_mixed_c50_rep1,pessimistic_lock,mixed,50,/items/:id/reserve [POST],"CatchResponseError('Conflict error: {""error_code"":""IDEMPOTENCY_CONFLICT"",""message"":""Duplicate idempotency key \'u1669992619024-69784b9a851c4fb4\' used with conflicting reservation parameters.""}')",1
pessimistic_lock_mixed_c50_rep1,pessimistic_lock,mixed,50,/items/:id/reserve [POST],"CatchResponseError('Conflict error: {""error_code"":""IDEMPOTENCY_CONFLICT"",""message"":""Duplicate idempotency key \'u1669992472624-7209c09c207444a0\' used with conflicting reservation parameters.""}')",1
pessimistic_lock_mixed_c50_rep1,pessimistic_lock,mixed,50,/items/:id/reserve [POST],"CatchResponseError('Conflict error: {""error_code"":""IDEMPOTENCY_CONFLICT"",""message"":""Duplicate idempotency key \'u1669992353856-75c5592b195b474f\' used with conflicting reservation parameters.""}')",1
pessimistic_lock_mixed_c50_rep1,pessimistic_lock,mixed,50,/items/:id/reserve [POST],"CatchResponseError('Conflict error: {""error_code"":""IDEMPOTENCY_CONFLICT"",""message"":""Duplicate idempotency key \'u1669992472624-9acc90dc4b5349e5\' used with conflicting reservation parameters.""}')",1
pessimistic_lock_mixed_c50_rep1,pessimistic_lock,mixed,50,/items/:id/reserve [POST],"CatchResponseError('Conflict error: {""error_code"":""IDEMPOTENCY_CONFLICT"",""message"":""Duplicate idempotency key \'u1669993706896-bc43cab225114296\' used with conflicting reservation parameters.""}')",1
pessimistic_lock_mixed_c50_rep1,pessimistic_lock,mixed,50,/items/:id/reserve [POST],"CatchResponseError('Conflict error: {""error_code"":""IDEMPOTENCY_CONFLICT"",""message"":""Duplicate idempotency key \'u1669993706704-ac3a75ad8a4146b7\' used with conflicting reservation parameters.""}')",1
pessimistic_lock_mixed_c50_rep1,pessimistic_lock,mixed,50,/items/:id/reserve [POST],"CatchResponseError('Conflict error: {""error_code"":""IDEMPOTENCY_CONFLICT"",""message"":""Duplicate idempotency key \'u1669991806608-5ab0db2959484d08\' used with conflicting reservation parameters.""}')",1
pessimistic_lock_mixed_c50_rep2,pessimistic_lock,mixed,50,/items/:id/reserve [POST],"CatchResponseError('Conflict error: {""error_code"":""IDEMPOTENCY_CONFLICT"",""message"":""Duplicate idempotency key \'u1775342249904-120e803cf4724d03\' used with conflicting reservation parameters.""}')",1
pessimistic_lock_mixed_c50_rep2,pessimistic_lock,mixed,50,/items/:id/reserve [POST],"CatchResponseError('Conflict error: {""error_code"":""IDEMPOTENCY_CONFLICT"",""message"":""Duplicate idempotency key \'u1775343304144-5c8b03d555924ebf\' used with conflicting reservation parameters.""}')",1
pessimistic_lock_mixed_c50_rep2,pessimistic_lock,mixed,50,/items/:id/reserve [POST],"CatchResponseError('Conflict error: {""error_code"":""IDEMPOTENCY_CONFLICT"",""message"":""Duplicate idempotency key \'u1775343293776-3fd32facad5e4c1f\' used with conflicting reservation parameters.""}')",1
pessimistic_lock_mixed_c50_rep2,pessimistic_lock,mixed,50,/items/:id/reserve [POST],"CatchResponseError('Conflict error: {""error_code"":""IDEMPOTENCY_CONFLICT"",""message"":""Duplicate idempotency key \'u1775343292048-69fe462019f84137\' used with conflicting reservation parameters.""}')",1
pessimistic_lock_mixed_c50_rep2,pessimistic_lock,mixed,50,/items/:id/reserve [POST],"CatchResponseError('Conflict error: {""error_code"":""IDEMPOTENCY_CONFLICT"",""message"":""Duplicate idempotency key \'u1775342393424-3278fd0049a04ea1\' used with conflicting reservation parameters.""}')",1
pessimistic_lock_mixed_c50_rep2,pessimistic_lock,mixed,50,/items/:id/reserve [POST],"CatchResponseError('Conflict error: {""error_code"":""IDEMPOTENCY_CONFLICT"",""message"":""Duplicate idempotency key \'u1775343289168-8a69d442787b42ab\' used with conflicting reservation parameters.""}')",1
pessimistic_lock_mixed_c50_rep2,pessimistic_lock,mixed,50,/items/:id/reserve [POST],"CatchResponseError('Conflict error: {""error_code"":""IDEMPOTENCY_CONFLICT"",""message"":""Duplicate idempotency key \'u1775342399952-cd8d52abdda64133\' used with conflicting reservation parameters.""}')",2
pessimistic_lock_mixed_c50_rep2,pessimistic_lock,mixed,50,/items/:id/reserve [POST],"CatchResponseError('Conflict error: {""error_code"":""IDEMPOTENCY_CONFLICT"",""message"":""Duplicate idempotency key \'u1775341579504-b9c6b92eeac6425f\' used with conflicting reservation parameters.""}')",1
pessimistic_lock_mixed_c50_rep2,pessimistic_lock,mixed,50,/items/:id/reserve [POST],"CatchResponseError('Conflict error: {""error_code"":""IDEMPOTENCY_CONFLICT"",""message"":""Duplicate idempotency key \'u1775342058320-251b936ab036411c\' used with conflicting reservation parameters.""}')",1
pessimistic_lock_mixed_c50_rep2,pessimistic_lock,mixed,50,/items/:id/reserve [POST],"CatchResponseError('Conflict error: {""error_code"":""IDEMPOTENCY_CONFLICT"",""message"":""Duplicate idempotency key \'u1775342081168-aa62af938e654412\' used with conflicting reservation parameters.""}')",1
pessimistic_lock_mixed_c50_rep2,pessimistic_lock,mixed,50,/items/:id/reserve [POST],"CatchResponseError('Conflict error: {""error_code"":""IDEMPOTENCY_CONFLICT"",""message"":""Duplicate idempotency key \'u1775342065360-8533f11283e44482\' used with conflicting reservation parameters.""}')",1
pessimistic_lock_mixed_c50_rep2,pessimistic_lock,mixed,50,/items/:id/reserve [POST],"CatchResponseError('Conflict error: {""error_code"":""IDEMPOTENCY_CONFLICT"",""message"":""Duplicate idempotency key \'u1775343296848-b2a0feca018a4e4b\' used with conflicting reservation parameters.""}')",1
pessimistic_lock_mixed_c50_rep2,pessimistic_lock,mixed,50,/items/:id/reserve [POST],"CatchResponseError('Conflict error: {""error_code"":""IDEMPOTENCY_CONFLICT"",""message"":""Duplicate idempotency key \'u1775343301840-cdee9160556443fd\' used with conflicting reservation parameters.""}')",1
pessimistic_lock_mixed_c50_rep2,pessimistic_lock,mixed,50,/items/:id/reserve [POST],"CatchResponseError('Conflict error: {""error_code"":""IDEMPOTENCY_CONFLICT"",""message"":""Duplicate idempotency key \'u1775342249904-671fb4e2425d47d9\' used with conflicting reservation parameters.""}')",1
pessimistic_lock_mixed_c50_rep2,pessimistic_lock,mixed,50,/items/:id/reserve [POST],"CatchResponseError('Conflict error: {""error_code"":""IDEMPOTENCY_CONFLICT"",""message"":""Duplicate idempotency key \'u1775343297424-358135b7886d4114\' used with conflicting reservation parameters.""}')",1
pessimistic_lock_mixed_c50_rep2,pessimistic_lock,mixed,50,/items/:id/reserve [POST],"CatchResponseError('Conflict error: {""error_code"":""IDEMPOTENCY_CONFLICT"",""message"":""Duplicate idempotency key \'u1775343296272-b2f076dbd9f940d9\' used with conflicting reservation parameters.""}')",1
pessimistic_lock_mixed_c50_rep2,pessimistic_lock,mixed,50,/items/:id/reserve [POST],"CatchResponseError('Conflict error: {""error_code"":""IDEMPOTENCY_CONFLICT"",""message"":""Duplicate idempotency key \'u1775343302032-9daa0b0da15d4df0\' used with conflicting reservation parameters.""}')",1
pessimistic_lock_mixed_c50_rep2,pessimistic_lock,mixed,50,/items/:id/reserve [POST],"CatchResponseError('Conflict error: {""error_code"":""IDEMPOTENCY_CONFLICT"",""message"":""Duplicate idempotency key \'u1775343260816-6ba64e817b434568\' used with conflicting reservation parameters.""}')",1
pessimistic_lock_mixed_c50_rep2,pessimistic_lock,mixed,50,/items/:id/reserve [POST],"CatchResponseError('Conflict error: {""error_code"":""IDEMPOTENCY_CONFLICT"",""message"":""Duplicate idempotency key \'u1775343293776-7c26c24903d34694\' used with conflicting reservation parameters.""}')",1
pessimistic_lock_mixed_c50_rep2,pessimistic_lock,mixed,50,/items/:id/reserve [POST],"CatchResponseError('Conflict error: {""error_code"":""IDEMPOTENCY_CONFLICT"",""message"":""Duplicate idempotency key \'u1775342303952-75dcc5e7144d44c3\' used with conflicting reservation parameters.""}')",1
pessimistic_lock_mixed_c50_rep2,pessimistic_lock,mixed,50,/items/:id/reserve [POST],"CatchResponseError('Conflict error: {""error_code"":""IDEMPOTENCY_CONFLICT"",""message"":""Duplicate idempotency key \'u1775343302800-65b5043ce1bf453d\' used with conflicting reservation parameters.""}')",1
pessimistic_lock_mixed_c50_rep2,pessimistic_lock,mixed,50,/items/:id/reserve [POST],"CatchResponseError('Conflict error: {""error_code"":""IDEMPOTENCY_CONFLICT"",""message"":""Duplicate idempotency key \'u1775342129216-cc8c9a03f3a14d6f\' used with conflicting reservation parameters.""}')",1
pessimistic_lock_mixed_c50_rep2,pessimistic_lock,mixed,50,/items/:id/reserve [POST],"CatchResponseError('Conflict error: {""error_code"":""IDEMPOTENCY_CONFLICT"",""message"":""Duplicate idempotency key \'u1775343290704-47caa86f22084ccc\' used with conflicting reservation parameters.""}')",1
pessimistic_lock_mixed_c50_rep2,pessimistic_lock,mixed,50,/items/:id/reserve [POST],"CatchResponseError('Conflict error: {""error_code"":""IDEMPOTENCY_CONFLICT"",""message"":""Duplicate idempotency key \'u1775343295696-71dea1f30c944ae6\' used with conflicting reservation parameters.""}')",1
pessimistic_lock_mixed_c50_rep2,pessimistic_lock,mixed,50,/items/:id/reserve [POST],"CatchResponseError('Conflict error: {""error_code"":""IDEMPOTENCY_CONFLICT"",""message"":""Duplicate idempotency key \'u1775342395152-0cae60f7573741ba\' used with conflicting reservation parameters.""}')",1
pessimistic_lock_mixed_c50_rep2,pessimistic_lock,mixed,50,/items/:id/reserve [POST],"CatchResponseError('Conflict error: {""error_code"":""IDEMPOTENCY_CONFLICT"",""message"":""Duplicate idempotency key \'u1775342396688-fe26fa86df944ebd\' used with conflicting reservation parameters.""}')",1
pessimistic_lock_mixed_c50_rep2,pessimistic_lock,mixed,50,/items/:id/reserve [POST],"CatchResponseError('Conflict error: {""error_code"":""IDEMPOTENCY_CONFLICT"",""message"":""Duplicate idempotency key \'u1775342399952-7fff373142e245bc\' used with conflicting reservation parameters.""}')",1
pessimistic_lock_mixed_c50_rep2,pessimistic_lock,mixed,50,/items/:id/reserve [POST],"CatchResponseError('Conflict error: {""error_code"":""IDEMPOTENCY_CONFLICT"",""message"":""Duplicate idempotency key \'u1775343301840-6182592a041142f7\' used with conflicting reservation parameters.""}')",1
pessimistic_lock_mixed_c50_rep2,pessimistic_lock,mixed,50,/items/:id/reserve [POST],"CatchResponseError('Conflict error: {""error_code"":""IDEMPOTENCY_CONFLICT"",""message"":""Duplicate idempotency key \'u1775341538000-64639c75f8cf41c9\' used with conflicting reservation parameters.""}')",1
pessimistic_lock_mixed_c50_rep2,pessimistic_lock,mixed,50,/items/:id/reserve [POST],"CatchResponseError('Conflict error: {""error_code"":""IDEMPOTENCY_CONFLICT"",""message"":""Duplicate idempotency key \'u1775342419168-4c1f879fe971447c\' used with conflicting reservation parameters.""}')",1
pessimistic_lock_mixed_c50_rep2,pessimistic_lock,mixed,50,/items/:id/reserve [POST],"CatchResponseError('Conflict error: {""error_code"":""IDEMPOTENCY_CONFLICT"",""message"":""Duplicate idempotency key \'u1775342394384-5e1f2941d5df46f8\' used with conflicting reservation parameters.""}')",1
pessimistic_lock_mixed_c50_rep2,pessimistic_lock,mixed,50,/items/:id/reserve [POST],"CatchResponseError('Conflict error: {""error_code"":""IDEMPOTENCY_CONFLICT"",""message"":""Duplicate idempotency key \'u1775341538000-697e147b44e24465\' used with conflicting reservation parameters.""}')",1
pessimistic_lock_mixed_c50_rep2,pessimistic_lock,mixed,50,/items/:id/reserve [POST],"CatchResponseError('Conflict error: {""error_code"":""IDEMPOTENCY_CONFLICT"",""message"":""Duplicate idempotency key \'u1775342131392-47c502fa8b534810\' used with conflicting reservation parameters.""}')",1
pessimistic_lock_mixed_c50_rep2,pessimistic_lock,mixed,50,/items/:id/reserve [POST],"CatchResponseError('Conflict error: {""error_code"":""IDEMPOTENCY_CONFLICT"",""message"":""Duplicate idempotency key \'u1775341538000-c2c9708bf2e54fa1\' used with conflicting reservation parameters.""}')",1
pessimistic_lock_mixed_c50_rep2,pessimistic_lock,mixed,50,/items/:id/reserve [POST],"CatchResponseError('Conflict error: {""error_code"":""IDEMPOTENCY_CONFLICT"",""message"":""Duplicate idempotency key \'u1775342394384-31b17d3acc9b4631\' used with conflicting reservation parameters.""}')",1
pessimistic_lock_mixed_c50_rep2,pessimistic_lock,mixed,50,/items/:id/reserve [POST],"CatchResponseError('Conflict error: {""error_code"":""IDEMPOTENCY_CONFLICT"",""message"":""Duplicate idempotency key \'u1775343290704-2f9f8ebe8f364076\' used with conflicting reservation parameters.""}')",1
pessimistic_lock_mixed_c50_rep2,pessimistic_lock,mixed,50,/items/:id/reserve [POST],"CatchResponseError('Conflict error: {""error_code"":""IDEMPOTENCY_CONFLICT"",""message"":""Duplicate idempotency key \'u1775343296848-87684042d4fa4f38\' used with conflicting reservation parameters.""}')",1
pessimistic_lock_mixed_c5_rep1,pessimistic_lock,mixed,5,/items/:id/reserve [POST],"CatchResponseError('Conflict error: {""error_code"":""IDEMPOTENCY_CONFLICT"",""message"":""Duplicate idempotency key \'u1897488389840-fd71f934e2ab42ce\' used with conflicting reservation parameters.""}')",1
pessimistic_lock_mixed_c5_rep1,pessimistic_lock,mixed,5,/items/:id/reserve [POST],"CatchResponseError('Conflict error: {""error_code"":""IDEMPOTENCY_CONFLICT"",""message"":""Duplicate idempotency key \'u1897488741520-edf05594b6674a0b\' used with conflicting reservation parameters.""}')",1
pessimistic_lock_mixed_c5_rep1,pessimistic_lock,mixed,5,/items/:id/reserve [POST],"CatchResponseError('Conflict error: {""error_code"":""IDEMPOTENCY_CONFLICT"",""message"":""Duplicate idempotency key \'u1897488390800-63bf3a27c97e42d2\' used with conflicting reservation parameters.""}')",1
pessimistic_lock_mixed_c5_rep1,pessimistic_lock,mixed,5,/items/:id/reserve [POST],"CatchResponseError('Conflict error: {""error_code"":""IDEMPOTENCY_CONFLICT"",""message"":""Duplicate idempotency key \'u1897488741520-0ebb32837016461f\' used with conflicting reservation parameters.""}')",1
pessimistic_lock_mixed_c5_rep1,pessimistic_lock,mixed,5,/items/:id/reserve [POST],"CatchResponseError('Conflict error: {""error_code"":""IDEMPOTENCY_CONFLICT"",""message"":""Duplicate idempotency key \'u1897488741520-004e016200314d46\' used with conflicting reservation parameters.""}')",1
pessimistic_lock_mixed_c5_rep1,pessimistic_lock,mixed,5,/items/:id/reserve [POST],"CatchResponseError('Conflict error: {""error_code"":""IDEMPOTENCY_CONFLICT"",""message"":""Duplicate idempotency key \'u1897487862480-8436a2be17dd4301\' used with conflicting reservation parameters.""}')",1
pessimistic_lock_mixed_c5_rep1,pessimistic_lock,mixed,5,/items/:id/reserve [POST],"CatchResponseError('Conflict error: {""error_code"":""IDEMPOTENCY_CONFLICT"",""message"":""Duplicate idempotency key \'u1897488743648-d6b82d97c93a4823\' used with conflicting reservation parameters.""}')",1
pessimistic_lock_mixed_c5_rep1,pessimistic_lock,mixed,5,/items/:id/reserve [POST],"CatchResponseError('Conflict error: {""error_code"":""IDEMPOTENCY_CONFLICT"",""message"":""Duplicate idempotency key \'u1897488743648-fecd05974afb47f8\' used with conflicting reservation parameters.""}')",1
pessimistic_lock_mixed_c5_rep1,pessimistic_lock,mixed,5,/items/:id/reserve [POST],"CatchResponseError('Conflict error: {""error_code"":""IDEMPOTENCY_CONFLICT"",""message"":""Duplicate idempotency key \'u1897488390800-31891629e7884ccc\' used with conflicting reservation parameters.""}')",1
pessimistic_lock_mixed_c5_rep2,pessimistic_lock,mixed,5,/items/:id/reserve [POST],"CatchResponseError('Conflict error: {""error_code"":""IDEMPOTENCY_CONFLICT"",""message"":""Duplicate idempotency key \'u1719030536848-8d2bbff553c04c11\' used with conflicting reservation parameters.""}')",1
pessimistic_lock_mixed_c5_rep2,pessimistic_lock,mixed,5,/items/:id/reserve [POST],"CatchResponseError('Conflict error: {""error_code"":""IDEMPOTENCY_CONFLICT"",""message"":""Duplicate idempotency key \'u1719030483664-f5b5edc603244fbd\' used with conflicting reservation parameters.""}')",1
pessimistic_lock_mixed_c5_rep2,pessimistic_lock,mixed,5,/items/:id/reserve [POST],"CatchResponseError('Conflict error: {""error_code"":""IDEMPOTENCY_CONFLICT"",""message"":""Duplicate idempotency key \'u1719030535888-50dadafd66d74ed7\' used with conflicting reservation parameters.""}')",1
pessimistic_lock_mixed_c5_rep2,pessimistic_lock,mixed,5,/items/:id/reserve [POST],"CatchResponseError('Conflict error: {""error_code"":""IDEMPOTENCY_CONFLICT"",""message"":""Duplicate idempotency key \'u1719030483664-d19472ed1cbd420c\' used with conflicting reservation parameters.""}')",1
pessimistic_lock_mixed_c5_rep2,pessimistic_lock,mixed,5,/items/:id/reserve [POST],"CatchResponseError('Conflict error: {""error_code"":""IDEMPOTENCY_CONFLICT"",""message"":""Duplicate idempotency key \'u1719030873312-afa886054c244c46\' used with conflicting reservation parameters.""}')",1
pessimistic_lock_mixed_c5_rep2,pessimistic_lock,mixed,5,/items/:id/reserve [POST],"CatchResponseError('Conflict error: {""error_code"":""IDEMPOTENCY_CONFLICT"",""message"":""Duplicate idempotency key \'u1719030871184-ac5d5d0bf99b4edf\' used with conflicting reservation parameters.""}')",1
pessimistic_lock_mixed_c5_rep2,pessimistic_lock,mixed,5,/items/:id/reserve [POST],"CatchResponseError('Conflict error: {""error_code"":""IDEMPOTENCY_CONFLICT"",""message"":""Duplicate idempotency key \'u1719030483664-87ed702b628748e6\' used with conflicting reservation parameters.""}')",1
pessimistic_lock_mixed_c5_rep2,pessimistic_lock,mixed,5,/items/:id/reserve [POST],"CatchResponseError('Conflict error: {""error_code"":""IDEMPOTENCY_CONFLICT"",""message"":""Duplicate idempotency key \'u1719030871184-0ec127b31b564462\' used with conflicting reservation parameters.""}')",1
pessimistic_lock_mixed_c5_rep2,pessimistic_lock,mixed,5,/items/:id/reserve [POST],"CatchResponseError('Conflict error: {""error_code"":""IDEMPOTENCY_CONFLICT"",""message"":""Duplicate idempotency key \'u1719030483664-b6cceb1129d5417c\' used with conflicting reservation parameters.""}')",1
pessimistic_lock_mixed_c5_rep2,pessimistic_lock,mixed,5,/items/:id/reserve [POST],"CatchResponseError('Conflict error: {""error_code"":""IDEMPOTENCY_CONFLICT"",""message"":""Duplicate idempotency key \'u1719030535888-efc4bd365e414089\' used with conflicting reservation parameters.""}')",1
pessimistic_lock_mixed_c5_rep2,pessimistic_lock,mixed,5,/items/:id/reserve [POST],"CatchResponseError('Conflict error: {""error_code"":""IDEMPOTENCY_CONFLICT"",""message"":""Duplicate idempotency key \'u1719030483664-09d8304addd042c6\' used with conflicting reservation parameters.""}')",1
pessimistic_lock_mixed_c5_rep2,pessimistic_lock,mixed,5,/items/:id/reserve [POST],"CatchResponseError('Conflict error: {""error_code"":""IDEMPOTENCY_CONFLICT"",""message"":""Duplicate idempotency key \'u1719030535888-ea99981381f44f65\' used with conflicting reservation parameters.""}')",1
pessimistic_lock_mixed_c5_rep2,pessimistic_lock,mixed,5,/items/:id/reserve [POST],"CatchResponseError('Conflict error: {""error_code"":""IDEMPOTENCY_CONFLICT"",""message"":""Duplicate idempotency key \'u1719030871184-ef833c27c2df4a72\' used with conflicting reservation parameters.""}')",1
pessimistic_lock_mixed_c5_rep2,pessimistic_lock,mixed,5,/items/:id/reserve [POST],"CatchResponseError('Conflict error: {""error_code"":""IDEMPOTENCY_CONFLICT"",""message"":""Duplicate idempotency key \'u1719030871184-16c6958c0d264efc\' used with conflicting reservation parameters.""}')",1
pessimistic_lock_mixed_c5_rep2,pessimistic_lock,mixed,5,/items/:id/reserve [POST],"CatchResponseError('Conflict error: {""error_code"":""IDEMPOTENCY_CONFLICT"",""message"":""Duplicate idempotency key \'u1719030871184-7bdf39792ac94aaf\' used with conflicting reservation parameters.""}')",1
pessimistic_lock_mixed_c5_rep2,pessimistic_lock,mixed,5,/items/:id/reserve [POST],"CatchResponseError('Conflict error: {""error_code"":""IDEMPOTENCY_CONFLICT"",""message"":""Duplicate idempotency key \'u1719030483664-6b5550c109fb4fcc\' used with conflicting reservation parameters.""}')",1
pessimistic_lock_mixed_c5_rep2,pessimistic_lock,mixed,5,/items/:id/reserve [POST],"CatchResponseError('Conflict error: {""error_code"":""IDEMPOTENCY_CONFLICT"",""message"":""Duplicate idempotency key \'u1719030483664-18900451dea9445b\' used with conflicting reservation parameters.""}')",1
pessimistic_lock_mixed_c5_rep2,pessimistic_lock,mixed,5,/items/:id/reserve [POST],"CatchResponseError('Conflict error: {""error_code"":""IDEMPOTENCY_CONFLICT"",""message"":""Duplicate idempotency key \'u1719030535888-091c5a5ef4484c90\' used with conflicting reservation parameters.""}')",1
pessimistic_lock_mixed_c5_rep2,pessimistic_lock,mixed,5,/items/:id/reserve [POST],"CatchResponseError('Conflict error: {""error_code"":""IDEMPOTENCY_CONFLICT"",""message"":""Duplicate idempotency key \'u1719030871184-d5ec3ec6feb9490b\' used with conflicting reservation parameters.""}')",1
pessimistic_lock_mixed_c5_rep2,pessimistic_lock,mixed,5,/items/:id/reserve [POST],"CatchResponseError('Conflict error: {""error_code"":""IDEMPOTENCY_CONFLICT"",""message"":""Duplicate idempotency key \'u1719030483664-d056108f32594813\' used with conflicting reservation parameters.""}')",1
pessimistic_lock_mixed_c5_rep2,pessimistic_lock,mixed,5,/items/:id/reserve [POST],"CatchResponseError('Conflict error: {""error_code"":""IDEMPOTENCY_CONFLICT"",""message"":""Duplicate idempotency key \'u1719030535888-7c95c342a1944165\' used with conflicting reservation parameters.""}')",1
pessimistic_lock_mixed_c5_rep2,pessimistic_lock,mixed,5,/items/:id/reserve [POST],"CatchResponseError('Conflict error: {""error_code"":""IDEMPOTENCY_CONFLICT"",""message"":""Duplicate idempotency key \'u1719030536848-239ec534d02e45e0\' used with conflicting reservation parameters.""}')",1
pessimistic_lock_mixed_c5_rep2,pessimistic_lock,mixed,5,/items/:id/reserve [POST],"CatchResponseError('Conflict error: {""error_code"":""IDEMPOTENCY_CONFLICT"",""message"":""Duplicate idempotency key \'u1719030873312-666945c668684199\' used with conflicting reservation parameters.""}')",1
pessimistic_lock_mixed_c5_rep2,pessimistic_lock,mixed,5,/items/:id/reserve [POST],"CatchResponseError('Conflict error: {""error_code"":""IDEMPOTENCY_CONFLICT"",""message"":""Duplicate idempotency key \'u1719030871184-6e7bf2808de94d19\' used with conflicting reservation parameters.""}')",1
pessimistic_lock_read_heavy_c100_rep1,pessimistic_lock,read_heavy,100,/items/:id/reserve [POST],"CatchResponseError('Conflict error: {""error_code"":""IDEMPOTENCY_CONFLICT"",""message"":""Duplicate idempotency key \'u1794586642960-849c2c8b299a4110\' used with conflicting reservation parameters.""}')",1
pessimistic_lock_read_heavy_c100_rep1,pessimistic_lock,read_heavy,100,/items/:id/reserve [POST],"CatchResponseError('Conflict error: {""error_code"":""IDEMPOTENCY_CONFLICT"",""message"":""Duplicate idempotency key \'u1794585226480-a5ed183d0cd649fb\' used with conflicting reservation parameters.""}')",1
pessimistic_lock_read_heavy_c100_rep1,pessimistic_lock,read_heavy,100,/items/:id/reserve [POST],"CatchResponseError('Conflict error: {""error_code"":""IDEMPOTENCY_CONFLICT"",""message"":""Duplicate idempotency key \'u1794586642576-0914ac9ba1574a7a\' used with conflicting reservation parameters.""}')",1
pessimistic_lock_read_heavy_c100_rep1,pessimistic_lock,read_heavy,100,/items/:id/reserve [POST],"CatchResponseError('Conflict error: {""error_code"":""IDEMPOTENCY_CONFLICT"",""message"":""Duplicate idempotency key \'u1794586080400-d6ca2010e99049df\' used with conflicting reservation parameters.""}')",1
pessimistic_lock_read_heavy_c100_rep1,pessimistic_lock,read_heavy,100,/items/:id/reserve [POST],"CatchResponseError('Conflict error: {""error_code"":""IDEMPOTENCY_CONFLICT"",""message"":""Duplicate idempotency key \'u1794585808960-150633d5eb6142b7\' used with conflicting reservation parameters.""}')",1
pessimistic_lock_read_heavy_c100_rep1,pessimistic_lock,read_heavy,100,/items/:id/reserve [POST],"CatchResponseError('Conflict error: {""error_code"":""IDEMPOTENCY_CONFLICT"",""message"":""Duplicate idempotency key \'u1794592193808-d092af74f0d14397\' used with conflicting reservation parameters.""}')",1
pessimistic_lock_read_heavy_c100_rep1,pessimistic_lock,read_heavy,100,/items/:id/reserve [POST],"CatchResponseError('Conflict error: {""error_code"":""IDEMPOTENCY_CONFLICT"",""message"":""Duplicate idempotency key \'u1794586062544-1522ad2473b7419d\' used with conflicting reservation parameters.""}')",1
pessimistic_lock_read_heavy_c100_rep1,pessimistic_lock,read_heavy,100,/items/:id/reserve [POST],"CatchResponseError('Conflict error: {""error_code"":""IDEMPOTENCY_CONFLICT"",""message"":""Duplicate idempotency key \'u1794587343376-8ec439fc2f56415a\' used with conflicting reservation parameters.""}')",1
pessimistic_lock_read_heavy_c100_rep1,pessimistic_lock,read_heavy,100,/items/:id/reserve [POST],"CatchResponseError('Conflict error: {""error_code"":""IDEMPOTENCY_CONFLICT"",""message"":""Duplicate idempotency key \'u1794586641424-ef839f6f4d3643c2\' used with conflicting reservation parameters.""}')",1
pessimistic_lock_read_heavy_c100_rep1,pessimistic_lock,read_heavy,100,/items/:id/reserve [POST],"CatchResponseError('Conflict error: {""error_code"":""IDEMPOTENCY_CONFLICT"",""message"":""Duplicate idempotency key \'u1794592186320-5714a9b984db4d8c\' used with conflicting reservation parameters.""}')",1
pessimistic_lock_read_heavy_c100_rep1,pessimistic_lock,read_heavy,100,/items/:id/reserve [POST],"CatchResponseError('Conflict error: {""error_code"":""IDEMPOTENCY_CONFLICT"",""message"":""Duplicate idempotency key \'u1794586055632-bd32199a3c174f95\' used with conflicting reservation parameters.""}')",1
pessimistic_lock_read_heavy_c100_rep1,pessimistic_lock,read_heavy,100,/items/:id/reserve [POST],"CatchResponseError('Conflict error: {""error_code"":""IDEMPOTENCY_CONFLICT"",""message"":""Duplicate idempotency key \'u1794586058128-e304c22e5b4545c5\' used with conflicting reservation parameters.""}')",1
pessimistic_lock_read_heavy_c100_rep1,pessimistic_lock,read_heavy,100,/items/:id/reserve [POST],"CatchResponseError('Conflict error: {""error_code"":""IDEMPOTENCY_CONFLICT"",""message"":""Duplicate idempotency key \'u1794585811136-b16b3161fb5c4dad\' used with conflicting reservation parameters.""}')",2
pessimistic_lock_read_heavy_c100_rep1,pessimistic_lock,read_heavy,100,/items/:id/reserve [POST],"CatchResponseError('Conflict error: {""error_code"":""IDEMPOTENCY_CONFLICT"",""message"":""Duplicate idempotency key \'u1794586642960-735af61bd01e4476\' used with conflicting reservation parameters.""}')",1
pessimistic_lock_read_heavy_c100_rep1,pessimistic_lock,read_heavy,100,/items/:id/reserve [POST],"CatchResponseError('Conflict error: {""error_code"":""IDEMPOTENCY_CONFLICT"",""message"":""Duplicate idempotency key \'u1794592179984-0edaea3353ed4bce\' used with conflicting reservation parameters.""}')",2
pessimistic_lock_read_heavy_c100_rep1,pessimistic_lock,read_heavy,100,/items/:id/reserve [POST],"CatchResponseError('Conflict error: {""error_code"":""IDEMPOTENCY_CONFLICT"",""message"":""Duplicate idempotency key \'u1794586061008-98e0506d2d8c484c\' used with conflicting reservation parameters.""}')",1
pessimistic_lock_read_heavy_c100_rep1,pessimistic_lock,read_heavy,100,/items/:id/reserve [POST],"CatchResponseError('Conflict error: {""error_code"":""IDEMPOTENCY_CONFLICT"",""message"":""Duplicate idempotency key \'u1794586080400-be24bbb776b24a1a\' used with conflicting reservation parameters.""}')",1
pessimistic_lock_read_heavy_c100_rep1,pessimistic_lock,read_heavy,100,/items/:id/reserve [POST],"CatchResponseError('Conflict error: {""error_code"":""IDEMPOTENCY_CONFLICT"",""message"":""Duplicate idempotency key \'u1794591974096-24623264af1f4d69\' used with conflicting reservation parameters.""}')",1
pessimistic_lock_read_heavy_c100_rep1,pessimistic_lock,read_heavy,100,/items/:id/reserve [POST],"CatchResponseError('Conflict error: {""error_code"":""IDEMPOTENCY_CONFLICT"",""message"":""Duplicate idempotency key \'u1794586066384-021551a1397244ba\' used with conflicting reservation parameters.""}')",1
pessimistic_lock_read_heavy_c100_rep1,pessimistic_lock,read_heavy,100,/items/:id/reserve [POST],"CatchResponseError('Conflict error: {""error_code"":""IDEMPOTENCY_CONFLICT"",""message"":""Duplicate idempotency key \'u1794592187280-25b60b5a76754bec\' used with conflicting reservation parameters.""}')",1
pessimistic_lock_read_heavy_c100_rep1,pessimistic_lock,read_heavy,100,/items/:id/reserve [POST],"CatchResponseError('Conflict error: {""error_code"":""IDEMPOTENCY_CONFLICT"",""message"":""Duplicate idempotency key \'u1794586065616-c6116c0693f64fb6\' used with conflicting reservation parameters.""}')",1
pessimistic_lock_read_heavy_c100_rep1,pessimistic_lock,read_heavy,100,/items/:id/reserve [POST],"CatchResponseError('Conflict error: {""error_code"":""IDEMPOTENCY_CONFLICT"",""message"":""Duplicate idempotency key \'u1794586066768-d0cde4f657f647dd\' used with conflicting reservation parameters.""}')",1
pessimistic_lock_read_heavy_c100_rep1,pessimistic_lock,read_heavy,100,/items/:id/reserve [POST],"CatchResponseError('Conflict error: {""error_code"":""IDEMPOTENCY_CONFLICT"",""message"":""Duplicate idempotency key \'u1794592186512-2a9e2a59ae064299\' used with conflicting reservation parameters.""}')",1
pessimistic_lock_read_heavy_c100_rep1,pessimistic_lock,read_heavy,100,/items/:id/reserve [POST],"CatchResponseError('Conflict error: {""error_code"":""IDEMPOTENCY_CONFLICT"",""message"":""Duplicate idempotency key \'u1794586062544-1c8a95f63442480a\' used with conflicting reservation parameters.""}')",1
pessimistic_lock_read_heavy_c100_rep1,pessimistic_lock,read_heavy,100,/items/:id/reserve [POST],"CatchResponseError('Conflict error: {""error_code"":""IDEMPOTENCY_CONFLICT"",""message"":""Duplicate idempotency key \'u1794586060432-3086a1b29bad4b55\' used with conflicting reservation parameters.""}')",1
pessimistic_lock_read_heavy_c100_rep1,pessimistic_lock,read_heavy,100,/items/:id/reserve [POST],"CatchResponseError('Conflict error: {""error_code"":""IDEMPOTENCY_CONFLICT"",""message"":""Duplicate idempotency key \'u1794592184592-c0c0cf905c35405e\' used with conflicting reservation parameters.""}')",1
pessimistic_lock_read_heavy_c100_rep1,pessimistic_lock,read_heavy,100,/items/:id/reserve [POST],"CatchResponseError('Conflict error: {""error_code"":""IDEMPOTENCY_CONFLICT"",""message"":""Duplicate idempotency key \'u1794591977168-b3f34f1a988d44e7\' used with conflicting reservation parameters.""}')",1
pessimistic_lock_read_heavy_c100_rep1,pessimistic_lock,read_heavy,100,/items/:id/reserve [POST],"CatchResponseError('Conflict error: {""error_code"":""IDEMPOTENCY_CONFLICT"",""message"":""Duplicate idempotency key \'u1794592189968-a158fdde57fe4974\' used with conflicting reservation parameters.""}')",1
pessimistic_lock_read_heavy_c100_rep1,pessimistic_lock,read_heavy,100,/items/:id/reserve [POST],"CatchResponseError('Conflict error: {""error_code"":""IDEMPOTENCY_CONFLICT"",""message"":""Duplicate idempotency key \'u1794586082528-b5a8424f84794ff4\' used with conflicting reservation parameters.""}')",1
pessimistic_lock_read_heavy_c100_rep1,pessimistic_lock,read_heavy,100,/items/:id/reserve [POST],"CatchResponseError('Conflict error: {""error_code"":""IDEMPOTENCY_CONFLICT"",""message"":""Duplicate idempotency key \'u1794586641424-cfa0cf91a02f4b30\' used with conflicting reservation parameters.""}')",1
pessimistic_lock_read_heavy_c100_rep1,pessimistic_lock,read_heavy,100,/items/:id/reserve [POST],"CatchResponseError('Conflict error: {""error_code"":""IDEMPOTENCY_CONFLICT"",""message"":""Duplicate idempotency key \'u1794586065232-846f4181736e4deb\' used with conflicting reservation parameters.""}')",1
pessimistic_lock_read_heavy_c100_rep1,pessimistic_lock,read_heavy,100,/items/:id/reserve [POST],"CatchResponseError('Conflict error: {""error_code"":""IDEMPOTENCY_CONFLICT"",""message"":""Duplicate idempotency key \'u1794586059280-6b0667d4900543b4\' used with conflicting reservation parameters.""}')",1
pessimistic_lock_read_heavy_c100_rep2,pessimistic_lock,read_heavy,100,/items/:id/reserve [POST],"CatchResponseError('Conflict error: {""error_code"":""IDEMPOTENCY_CONFLICT"",""message"":""Duplicate idempotency key \'u1725872092368-edad043c302f4cc7\' used with conflicting reservation parameters.""}')",1
pessimistic_lock_read_heavy_c100_rep2,pessimistic_lock,read_heavy,100,/items/:id/reserve [POST],"CatchResponseError('Conflict error: {""error_code"":""IDEMPOTENCY_CONFLICT"",""message"":""Duplicate idempotency key \'u1725877952080-79cc0f0cdb304e5d\' used with conflicting reservation parameters.""}')",1
pessimistic_lock_read_heavy_c100_rep2,pessimistic_lock,read_heavy,100,/items/:id/reserve [POST],"CatchResponseError('Conflict error: {""error_code"":""IDEMPOTENCY_CONFLICT"",""message"":""Duplicate idempotency key \'u1725873376336-a7301f8133f54ff5\' used with conflicting reservation parameters.""}')",1
pessimistic_lock_read_heavy_c100_rep2,pessimistic_lock,read_heavy,100,/items/:id/reserve [POST],"CatchResponseError('Conflict error: {""error_code"":""IDEMPOTENCY_CONFLICT"",""message"":""Duplicate idempotency key \'u1725872088336-80b5a6970809481b\' used with conflicting reservation parameters.""}')",1
pessimistic_lock_read_heavy_c100_rep2,pessimistic_lock,read_heavy,100,/items/:id/reserve [POST],"CatchResponseError('Conflict error: {""error_code"":""IDEMPOTENCY_CONFLICT"",""message"":""Duplicate idempotency key \'u1725877742736-915edf94978d4648\' used with conflicting reservation parameters.""}')",1
pessimistic_lock_read_heavy_c100_rep2,pessimistic_lock,read_heavy,100,/items/:id/reserve [POST],"CatchResponseError('Conflict error: {""error_code"":""IDEMPOTENCY_CONFLICT"",""message"":""Duplicate idempotency key \'u1725873386704-f5f5733bebc74fdb\' used with conflicting reservation parameters.""}')",1
pessimistic_lock_read_heavy_c100_rep2,pessimistic_lock,read_heavy,100,/items/:id/reserve [POST],"CatchResponseError('Conflict error: {""error_code"":""IDEMPOTENCY_CONFLICT"",""message"":""Duplicate idempotency key \'u1725873374224-4e561e143a7c4a25\' used with conflicting reservation parameters.""}')",1
pessimistic_lock_read_heavy_c100_rep2,pessimistic_lock,read_heavy,100,/items/:id/reserve [POST],"CatchResponseError('Conflict error: {""error_code"":""IDEMPOTENCY_CONFLICT"",""message"":""Duplicate idempotency key \'u1725872091216-86900df6e4a4404b\' used with conflicting reservation parameters.""}')",1
pessimistic_lock_read_heavy_c100_rep2,pessimistic_lock,read_heavy,100,/items/:id/reserve [POST],"CatchResponseError('Conflict error: {""error_code"":""IDEMPOTENCY_CONFLICT"",""message"":""Duplicate idempotency key \'u1725873387472-2a23498ed94f4d69\' used with conflicting reservation parameters.""}')",1
pessimistic_lock_read_heavy_c100_rep2,pessimistic_lock,read_heavy,100,/items/:id/reserve [POST],"CatchResponseError('Conflict error: {""error_code"":""IDEMPOTENCY_CONFLICT"",""message"":""Duplicate idempotency key \'u1725872090064-cf7d3016f20546d8\' used with conflicting reservation parameters.""}')",1
pessimistic_lock_read_heavy_c100_rep2,pessimistic_lock,read_heavy,100,/items/:id/reserve [POST],"CatchResponseError('Conflict error: {""error_code"":""IDEMPOTENCY_CONFLICT"",""message"":""Duplicate idempotency key \'u1725873387664-00dc1354714a4ba5\' used with conflicting reservation parameters.""}')",1
pessimistic_lock_read_heavy_c100_rep2,pessimistic_lock,read_heavy,100,/items/:id/reserve [POST],"CatchResponseError('Conflict error: {""error_code"":""IDEMPOTENCY_CONFLICT"",""message"":""Duplicate idempotency key \'u1725872090832-1f4593d78b004d3b\' used with conflicting reservation parameters.""}')",1
pessimistic_lock_read_heavy_c100_rep2,pessimistic_lock,read_heavy,100,/items/:id/reserve [POST],"CatchResponseError('Conflict error: {""error_code"":""IDEMPOTENCY_CONFLICT"",""message"":""Duplicate idempotency key \'u1725873388624-d407302484134ed7\' used with conflicting reservation parameters.""}')",1
pessimistic_lock_read_heavy_c100_rep2,pessimistic_lock,read_heavy,100,/items/:id/reserve [POST],"CatchResponseError('Conflict error: {""error_code"":""IDEMPOTENCY_CONFLICT"",""message"":""Duplicate idempotency key \'u1725871757968-45d454e6a1824876\' used with conflicting reservation parameters.""}')",1
pessimistic_lock_read_heavy_c100_rep2,pessimistic_lock,read_heavy,100,/items/:id/reserve [POST],"CatchResponseError('Conflict error: {""error_code"":""IDEMPOTENCY_CONFLICT"",""message"":""Duplicate idempotency key \'u1725877953616-ef3ce3f93dfb455c\' used with conflicting reservation parameters.""}')",1
pessimistic_lock_read_heavy_c100_rep2,pessimistic_lock,read_heavy,100,/items/:id/reserve [POST],"CatchResponseError('Conflict error: {""error_code"":""IDEMPOTENCY_CONFLICT"",""message"":""Duplicate idempotency key \'u1725872087952-cac221c8dfc74032\' used with conflicting reservation parameters.""}')",1
pessimistic_lock_read_heavy_c100_rep2,pessimistic_lock,read_heavy,100,/items/:id/reserve [POST],"CatchResponseError('Conflict error: {""error_code"":""IDEMPOTENCY_CONFLICT"",""message"":""Duplicate idempotency key \'u1725877946128-eced0c33d3524181\' used with conflicting reservation parameters.""}')",1
pessimistic_lock_read_heavy_c100_rep2,pessimistic_lock,read_heavy,100,/items/:id/reserve [POST],"CatchResponseError('Conflict error: {""error_code"":""IDEMPOTENCY_CONFLICT"",""message"":""Duplicate idempotency key \'u1725872668944-4527d2c71f6c498d\' used with conflicting reservation parameters.""}')",1
pessimistic_lock_read_heavy_c100_rep2,pessimistic_lock,read_heavy,100,/items/:id/reserve [POST],"CatchResponseError('Conflict error: {""error_code"":""IDEMPOTENCY_CONFLICT"",""message"":""Duplicate idempotency key \'u1725871273616-81eca5abf22e4c70\' used with conflicting reservation parameters.""}')",1
pessimistic_lock_read_heavy_c100_rep2,pessimistic_lock,read_heavy,100,/items/:id/reserve [POST],"CatchResponseError('Conflict error: {""error_code"":""IDEMPOTENCY_CONFLICT"",""message"":""Duplicate idempotency key \'u1725877953808-f18406f743af4329\' used with conflicting reservation parameters.""}')",1
pessimistic_lock_read_heavy_c100_rep2,pessimistic_lock,read_heavy,100,/items/:id/reserve [POST],"CatchResponseError('Conflict error: {""error_code"":""IDEMPOTENCY_CONFLICT"",""message"":""Duplicate idempotency key \'u1725871271152-d4ffecacf7584d24\' used with conflicting reservation parameters.""}')",1
pessimistic_lock_read_heavy_c100_rep2,pessimistic_lock,read_heavy,100,/items/:id/reserve [POST],"CatchResponseError('Conflict error: {""error_code"":""IDEMPOTENCY_CONFLICT"",""message"":""Duplicate idempotency key \'u1725872087952-3e967e7db6ea4b87\' used with conflicting reservation parameters.""}')",1
pessimistic_lock_read_heavy_c100_rep2,pessimistic_lock,read_heavy,100,/items/:id/reserve [POST],"CatchResponseError('Conflict error: {""error_code"":""IDEMPOTENCY_CONFLICT"",""message"":""Duplicate idempotency key \'u1725877742736-5280868ae5734b54\' used with conflicting reservation parameters.""}')",1
pessimistic_lock_read_heavy_c100_rep2,pessimistic_lock,read_heavy,100,/items/:id/reserve [POST],"CatchResponseError('Conflict error: {""error_code"":""IDEMPOTENCY_CONFLICT"",""message"":""Duplicate idempotency key \'u1725873384592-ead060b012a14005\' used with conflicting reservation parameters.""}')",1
pessimistic_lock_read_heavy_c100_rep2,pessimistic_lock,read_heavy,100,/items/:id/reserve [POST],"CatchResponseError('Conflict error: {""error_code"":""IDEMPOTENCY_CONFLICT"",""message"":""Duplicate idempotency key \'u1725872094672-726d962415664b9d\' used with conflicting reservation parameters.""}')",1
pessimistic_lock_read_heavy_c100_rep2,pessimistic_lock,read_heavy,100,/items/:id/reserve [POST],"CatchResponseError('Conflict error: {""error_code"":""IDEMPOTENCY_CONFLICT"",""message"":""Duplicate idempotency key \'u1725877960336-cb2182ca99564ad8\' used with conflicting reservation parameters.""}')",1
pessimistic_lock_read_heavy_c100_rep2,pessimistic_lock,read_heavy,100,/items/:id/reserve [POST],"CatchResponseError('Conflict error: {""error_code"":""IDEMPOTENCY_CONFLICT"",""message"":""Duplicate idempotency key \'u1725872671248-e41915cb3a444dd6\' used with conflicting reservation parameters.""}')",1
pessimistic_lock_read_heavy_c100_rep2,pessimistic_lock,read_heavy,100,/items/:id/reserve [POST],"CatchResponseError('Conflict error: {""error_code"":""IDEMPOTENCY_CONFLICT"",""message"":""Duplicate idempotency key \'u1725871271152-3f457c8f706a4b10\' used with conflicting reservation parameters.""}')",1
pessimistic_lock_read_heavy_c20_rep1,pessimistic_lock,read_heavy,20,/items/:id/reserve [POST],"CatchResponseError('Conflict error: {""error_code"":""IDEMPOTENCY_CONFLICT"",""message"":""Duplicate idempotency key \'u1906787701904-6529c5232af74fdf\' used with conflicting reservation parameters.""}')",1
pessimistic_lock_read_heavy_c20_rep1,pessimistic_lock,read_heavy,20,/items/:id/reserve [POST],"CatchResponseError('Conflict error: {""error_code"":""IDEMPOTENCY_CONFLICT"",""message"":""Duplicate idempotency key \'u1906787702288-60b5e81580a04eac\' used with conflicting reservation parameters.""}')",1
pessimistic_lock_read_heavy_c20_rep1,pessimistic_lock,read_heavy,20,/items/:id/reserve [POST],"CatchResponseError('Conflict error: {""error_code"":""IDEMPOTENCY_CONFLICT"",""message"":""Duplicate idempotency key \'u1906786426928-005af9ee64d34983\' used with conflicting reservation parameters.""}')",1
pessimistic_lock_read_heavy_c20_rep1,pessimistic_lock,read_heavy,20,/items/:id/reserve [POST],"CatchResponseError('Conflict error: {""error_code"":""IDEMPOTENCY_CONFLICT"",""message"":""Duplicate idempotency key \'u1906786595984-4c7311608afb4680\' used with conflicting reservation parameters.""}')",1
pessimistic_lock_read_heavy_c20_rep1,pessimistic_lock,read_heavy,20,/items/:id/reserve [POST],"CatchResponseError('Conflict error: {""error_code"":""IDEMPOTENCY_CONFLICT"",""message"":""Duplicate idempotency key \'u1906785943856-2b11303974244ef8\' used with conflicting reservation parameters.""}')",1
pessimistic_lock_read_heavy_c20_rep1,pessimistic_lock,read_heavy,20,/items/:id/reserve [POST],"CatchResponseError('Conflict error: {""error_code"":""IDEMPOTENCY_CONFLICT"",""message"":""Duplicate idempotency key \'u1906786245264-f94570c7868c46a0\' used with conflicting reservation parameters.""}')",1
pessimistic_lock_read_heavy_c20_rep1,pessimistic_lock,read_heavy,20,/items/:id/reserve [POST],"CatchResponseError('Conflict error: {""error_code"":""IDEMPOTENCY_CONFLICT"",""message"":""Duplicate idempotency key \'u1906785716944-cba58a2a4c0b4f4b\' used with conflicting reservation parameters.""}')",1
pessimistic_lock_read_heavy_c20_rep1,pessimistic_lock,read_heavy,20,/items/:id/reserve [POST],"CatchResponseError('Conflict error: {""error_code"":""IDEMPOTENCY_CONFLICT"",""message"":""Duplicate idempotency key \'u1906786595984-23cbb9a75018433f\' used with conflicting reservation parameters.""}')",1
pessimistic_lock_read_heavy_c20_rep1,pessimistic_lock,read_heavy,20,/items/:id/reserve [POST],"CatchResponseError('Conflict error: {""error_code"":""IDEMPOTENCY_CONFLICT"",""message"":""Duplicate idempotency key \'u1906786245264-a3d1e13bd3a14113\' used with conflicting reservation parameters.""}')",1
pessimistic_lock_read_heavy_c20_rep1,pessimistic_lock,read_heavy,20,/items/:id/reserve [POST],"CatchResponseError('Conflict error: {""error_code"":""IDEMPOTENCY_CONFLICT"",""message"":""Duplicate idempotency key \'u1906786598112-29ad4f25f3b54cfd\' used with conflicting reservation parameters.""}')",2
pessimistic_lock_read_heavy_c20_rep1,pessimistic_lock,read_heavy,20,/items/:id/reserve [POST],"CatchResponseError('Conflict error: {""error_code"":""IDEMPOTENCY_CONFLICT"",""message"":""Duplicate idempotency key \'u1906786260112-3a9c09e3fb4248a5\' used with conflicting reservation parameters.""}')",1
pessimistic_lock_read_heavy_c20_rep1,pessimistic_lock,read_heavy,20,/items/:id/reserve [POST],"CatchResponseError('Conflict error: {""error_code"":""IDEMPOTENCY_CONFLICT"",""message"":""Duplicate idempotency key \'u1906786009168-912419c1b98e455f\' used with conflicting reservation parameters.""}')",1
pessimistic_lock_read_heavy_c20_rep1,pessimistic_lock,read_heavy,20,/items/:id/reserve [POST],"CatchResponseError('Conflict error: {""error_code"":""IDEMPOTENCY_CONFLICT"",""message"":""Duplicate idempotency key \'u1906786308160-1f2469d844fc4c6f\' used with conflicting reservation parameters.""}')",1
pessimistic_lock_read_heavy_c20_rep1,pessimistic_lock,read_heavy,20,/items/:id/reserve [POST],"CatchResponseError('Conflict error: {""error_code"":""IDEMPOTENCY_CONFLICT"",""message"":""Duplicate idempotency key \'u1906786426928-1bc9ee3ec8d74e42\' used with conflicting reservation parameters.""}')",1
pessimistic_lock_read_heavy_c20_rep1,pessimistic_lock,read_heavy,20,/items/:id/reserve [POST],"CatchResponseError('Conflict error: {""error_code"":""IDEMPOTENCY_CONFLICT"",""message"":""Duplicate idempotency key \'u1906787703824-750b414db8dc4007\' used with conflicting reservation parameters.""}')",1
pessimistic_lock_read_heavy_c20_rep1,pessimistic_lock,read_heavy,20,/items/:id/reserve [POST],"CatchResponseError('Conflict error: {""error_code"":""IDEMPOTENCY_CONFLICT"",""message"":""Duplicate idempotency key \'u1906786260112-a525b0a19fc34975\' used with conflicting reservation parameters.""}')",1
pessimistic_lock_read_heavy_c20_rep1,pessimistic_lock,read_heavy,20,/items/:id/reserve [POST],"CatchResponseError('Conflict error: {""error_code"":""IDEMPOTENCY_CONFLICT"",""message"":""Duplicate idempotency key \'u1906786244304-2ad2e0aa2cba4ac4\' used with conflicting reservation parameters.""}')",1
pessimistic_lock_read_heavy_c20_rep1,pessimistic_lock,read_heavy,20,/items/:id/reserve [POST],"CatchResponseError('Conflict error: {""error_code"":""IDEMPOTENCY_CONFLICT"",""message"":""Duplicate idempotency key \'u1906786308160-a62d53b8aee34ce1\' used with conflicting reservation parameters.""}')",1
pessimistic_lock_read_heavy_c20_rep1,pessimistic_lock,read_heavy,20,/items/:id/reserve [POST],"CatchResponseError('Conflict error: {""error_code"":""IDEMPOTENCY_CONFLICT"",""message"":""Duplicate idempotency key \'u1906785956400-789e80358f4b48f2\' used with conflicting reservation parameters.""}')",1
pessimistic_lock_read_heavy_c20_rep1,pessimistic_lock,read_heavy,20,/items/:id/reserve [POST],"CatchResponseError('Conflict error: {""error_code"":""IDEMPOTENCY_CONFLICT"",""message"":""Duplicate idempotency key \'u1906786310336-834ad8ec14644a11\' used with conflicting reservation parameters.""}')",1
pessimistic_lock_read_heavy_c20_rep1,pessimistic_lock,read_heavy,20,/items/:id/reserve [POST],"CatchResponseError('Conflict error: {""error_code"":""IDEMPOTENCY_CONFLICT"",""message"":""Duplicate idempotency key \'u1906786310336-c78240cb0bf7495d\' used with conflicting reservation parameters.""}')",1
pessimistic_lock_read_heavy_c20_rep1,pessimistic_lock,read_heavy,20,/items/:id/reserve [POST],"CatchResponseError('Conflict error: {""error_code"":""IDEMPOTENCY_CONFLICT"",""message"":""Duplicate idempotency key \'u1906786310336-aed4e84a8cdf48e6\' used with conflicting reservation parameters.""}')",1
pessimistic_lock_read_heavy_c20_rep1,pessimistic_lock,read_heavy,20,/items/:id/reserve [POST],"CatchResponseError('Conflict error: {""error_code"":""IDEMPOTENCY_CONFLICT"",""message"":""Duplicate idempotency key \'u1906786310336-5050610338044cda\' used with conflicting reservation parameters.""}')",1
pessimistic_lock_read_heavy_c20_rep1,pessimistic_lock,read_heavy,20,/items/:id/reserve [POST],"CatchResponseError('Conflict error: {""error_code"":""IDEMPOTENCY_CONFLICT"",""message"":""Duplicate idempotency key \'u1906786237008-665a5db36dd44cd1\' used with conflicting reservation parameters.""}')",1
pessimistic_lock_read_heavy_c20_rep1,pessimistic_lock,read_heavy,20,/items/:id/reserve [POST],"CatchResponseError('Conflict error: {""error_code"":""IDEMPOTENCY_CONFLICT"",""message"":""Duplicate idempotency key \'u1906786595984-13b553dd24a64f7d\' used with conflicting reservation parameters.""}')",1
pessimistic_lock_read_heavy_c20_rep1,pessimistic_lock,read_heavy,20,/items/:id/reserve [POST],"CatchResponseError('Conflict error: {""error_code"":""IDEMPOTENCY_CONFLICT"",""message"":""Duplicate idempotency key \'u1906787703440-dc7dbfca34314fcf\' used with conflicting reservation parameters.""}')",1
pessimistic_lock_read_heavy_c20_rep1,pessimistic_lock,read_heavy,20,/items/:id/reserve [POST],"CatchResponseError('Conflict error: {""error_code"":""IDEMPOTENCY_CONFLICT"",""message"":""Duplicate idempotency key \'u1906786245264-179af1701e944bd1\' used with conflicting reservation parameters.""}')",1
pessimistic_lock_read_heavy_c20_rep1,pessimistic_lock,read_heavy,20,/items/:id/reserve [POST],"CatchResponseError('Conflict error: {""error_code"":""IDEMPOTENCY_CONFLICT"",""message"":""Duplicate idempotency key \'u1906785716944-49c31e54772a4ad8\' used with conflicting reservation parameters.""}')",1
pessimistic_lock_read_heavy_c20_rep1,pessimistic_lock,read_heavy,20,/items/:id/reserve [POST],"CatchResponseError('Conflict error: {""error_code"":""IDEMPOTENCY_CONFLICT"",""message"":""Duplicate idempotency key \'u1906787702288-790743f103834bdd\' used with conflicting reservation parameters.""}')",1
pessimistic_lock_read_heavy_c20_rep1,pessimistic_lock,read_heavy,20,/items/:id/reserve [POST],"CatchResponseError('Conflict error: {""error_code"":""IDEMPOTENCY_CONFLICT"",""message"":""Duplicate idempotency key \'u1906786009168-68b2658e979c4d54\' used with conflicting reservation parameters.""}')",1
pessimistic_lock_read_heavy_c20_rep1,pessimistic_lock,read_heavy,20,/items/:id/reserve [POST],"CatchResponseError('Conflict error: {""error_code"":""IDEMPOTENCY_CONFLICT"",""message"":""Duplicate idempotency key \'u1906786598112-c0b299f2789e4038\' used with conflicting reservation parameters.""}')",1
pessimistic_lock_read_heavy_c20_rep1,pessimistic_lock,read_heavy,20,/items/:id/reserve [POST],"CatchResponseError('Conflict error: {""error_code"":""IDEMPOTENCY_CONFLICT"",""message"":""Duplicate idempotency key \'u1906786260112-e4029823510441c1\' used with conflicting reservation parameters.""}')",1
pessimistic_lock_read_heavy_c20_rep1,pessimistic_lock,read_heavy,20,/items/:id/reserve [POST],"CatchResponseError('Conflict error: {""error_code"":""IDEMPOTENCY_CONFLICT"",""message"":""Duplicate idempotency key \'u1906785956400-5d29eff3cbef4afe\' used with conflicting reservation parameters.""}')",1
pessimistic_lock_read_heavy_c20_rep1,pessimistic_lock,read_heavy,20,/items/:id/reserve [POST],"CatchResponseError('Conflict error: {""error_code"":""IDEMPOTENCY_CONFLICT"",""message"":""Duplicate idempotency key \'u1906786310336-6bfe7cae9f364fd6\' used with conflicting reservation parameters.""}')",1
pessimistic_lock_read_heavy_c20_rep1,pessimistic_lock,read_heavy,20,/items/:id/reserve [POST],"CatchResponseError('Conflict error: {""error_code"":""IDEMPOTENCY_CONFLICT"",""message"":""Duplicate idempotency key \'u1906787701904-b1df40df1a7641ab\' used with conflicting reservation parameters.""}')",1
pessimistic_lock_read_heavy_c20_rep1,pessimistic_lock,read_heavy,20,/items/:id/reserve [POST],"CatchResponseError('Conflict error: {""error_code"":""IDEMPOTENCY_CONFLICT"",""message"":""Duplicate idempotency key \'u1906787703824-907999be64ea48ee\' used with conflicting reservation parameters.""}')",1
pessimistic_lock_read_heavy_c20_rep1,pessimistic_lock,read_heavy,20,/items/:id/reserve [POST],"CatchResponseError('Conflict error: {""error_code"":""IDEMPOTENCY_CONFLICT"",""message"":""Duplicate idempotency key \'u1906786237008-80d2748140dc41f7\' used with conflicting reservation parameters.""}')",1
pessimistic_lock_read_heavy_c20_rep1,pessimistic_lock,read_heavy,20,/items/:id/reserve [POST],"CatchResponseError('Conflict error: {""error_code"":""IDEMPOTENCY_CONFLICT"",""message"":""Duplicate idempotency key \'u1906786595984-b043ac571486471e\' used with conflicting reservation parameters.""}')",1
pessimistic_lock_read_heavy_c20_rep1,pessimistic_lock,read_heavy,20,/items/:id/reserve [POST],"CatchResponseError('Conflict error: {""error_code"":""IDEMPOTENCY_CONFLICT"",""message"":""Duplicate idempotency key \'u1906786244304-f4a7c1f764574247\' used with conflicting reservation parameters.""}')",1
pessimistic_lock_read_heavy_c20_rep2,pessimistic_lock,read_heavy,20,/items/:id/reserve [POST],"CatchResponseError('Conflict error: {""error_code"":""IDEMPOTENCY_CONFLICT"",""message"":""Duplicate idempotency key \'u2041325427344-04053c0ab0984e3f\' used with conflicting reservation parameters.""}')",1
pessimistic_lock_read_heavy_c20_rep2,pessimistic_lock,read_heavy,20,/items/:id/reserve [POST],"CatchResponseError('Conflict error: {""error_code"":""IDEMPOTENCY_CONFLICT"",""message"":""Duplicate idempotency key \'u2041325778064-515a88c289504240\' used with conflicting reservation parameters.""}')",1
pessimistic_lock_read_heavy_c20_rep2,pessimistic_lock,read_heavy,20,/items/:id/reserve [POST],"CatchResponseError('Conflict error: {""error_code"":""IDEMPOTENCY_CONFLICT"",""message"":""Duplicate idempotency key \'u2041325137360-fdc00a4b2b80440e\' used with conflicting reservation parameters.""}')",1
pessimistic_lock_read_heavy_c20_rep2,pessimistic_lock,read_heavy,20,/items/:id/reserve [POST],"CatchResponseError('Conflict error: {""error_code"":""IDEMPOTENCY_CONFLICT"",""message"":""Duplicate idempotency key \'u2041326777792-b4038d88404148a7\' used with conflicting reservation parameters.""}')",1
pessimistic_lock_read_heavy_c20_rep2,pessimistic_lock,read_heavy,20,/items/:id/reserve [POST],"CatchResponseError('Conflict error: {""error_code"":""IDEMPOTENCY_CONFLICT"",""message"":""Duplicate idempotency key \'u2041326978640-a504955aaa9f4954\' used with conflicting reservation parameters.""}')",1
pessimistic_lock_read_heavy_c20_rep2,pessimistic_lock,read_heavy,20,/items/:id/reserve [POST],"CatchResponseError('Conflict error: {""error_code"":""IDEMPOTENCY_CONFLICT"",""message"":""Duplicate idempotency key \'u2041325492416-726f3c66a62b4a20\' used with conflicting reservation parameters.""}')",1
pessimistic_lock_read_heavy_c20_rep2,pessimistic_lock,read_heavy,20,/items/:id/reserve [POST],"CatchResponseError('Conflict error: {""error_code"":""IDEMPOTENCY_CONFLICT"",""message"":""Duplicate idempotency key \'u2041325419088-03dc4736a2c4401f\' used with conflicting reservation parameters.""}')",1
pessimistic_lock_read_heavy_c20_rep2,pessimistic_lock,read_heavy,20,/items/:id/reserve [POST],"CatchResponseError('Conflict error: {""error_code"":""IDEMPOTENCY_CONFLICT"",""message"":""Duplicate idempotency key \'u2041325427344-c2433eb54d3c4b01\' used with conflicting reservation parameters.""}')",1
pessimistic_lock_read_heavy_c20_rep2,pessimistic_lock,read_heavy,20,/items/:id/reserve [POST],"CatchResponseError('Conflict error: {""error_code"":""IDEMPOTENCY_CONFLICT"",""message"":""Duplicate idempotency key \'u2041325427344-795ae43edc4046f2\' used with conflicting reservation parameters.""}')",1
pessimistic_lock_read_heavy_c20_rep2,pessimistic_lock,read_heavy,20,/items/:id/reserve [POST],"CatchResponseError('Conflict error: {""error_code"":""IDEMPOTENCY_CONFLICT"",""message"":""Duplicate idempotency key \'u2041326978640-553e3df65fe54675\' used with conflicting reservation parameters.""}')",1
pessimistic_lock_read_heavy_c20_rep2,pessimistic_lock,read_heavy,20,/items/:id/reserve [POST],"CatchResponseError('Conflict error: {""error_code"":""IDEMPOTENCY_CONFLICT"",""message"":""Duplicate idempotency key \'u2041326778992-60d324d5b6b44cc3\' used with conflicting reservation parameters.""}')",1
pessimistic_lock_read_heavy_c20_rep2,pessimistic_lock,read_heavy,20,/items/:id/reserve [POST],"CatchResponseError('Conflict error: {""error_code"":""IDEMPOTENCY_CONFLICT"",""message"":""Duplicate idempotency key \'u2041325490240-65039bc669524641\' used with conflicting reservation parameters.""}')",1
pessimistic_lock_read_heavy_c20_rep2,pessimistic_lock,read_heavy,20,/items/:id/reserve [POST],"CatchResponseError('Conflict error: {""error_code"":""IDEMPOTENCY_CONFLICT"",""message"":""Duplicate idempotency key \'u2041326979024-c91bdea6c1cb46fc\' used with conflicting reservation parameters.""}')",1
pessimistic_lock_read_heavy_c20_rep2,pessimistic_lock,read_heavy,20,/items/:id/reserve [POST],"CatchResponseError('Conflict error: {""error_code"":""IDEMPOTENCY_CONFLICT"",""message"":""Duplicate idempotency key \'u2041326979024-9aa98df3d8d143d7\' used with conflicting reservation parameters.""}')",1
pessimistic_lock_read_heavy_c20_rep2,pessimistic_lock,read_heavy,20,/items/:id/reserve [POST],"CatchResponseError('Conflict error: {""error_code"":""IDEMPOTENCY_CONFLICT"",""message"":""Duplicate idempotency key \'u2041325778064-982f91061a7248ca\' used with conflicting reservation parameters.""}')",1
pessimistic_lock_read_heavy_c20_rep2,pessimistic_lock,read_heavy,20,/items/:id/reserve [POST],"CatchResponseError('Conflict error: {""error_code"":""IDEMPOTENCY_CONFLICT"",""message"":""Duplicate idempotency key \'u2041325137360-3cc2a022641e40af\' used with conflicting reservation parameters.""}')",1
pessimistic_lock_read_heavy_c20_rep2,pessimistic_lock,read_heavy,20,/items/:id/reserve [POST],"CatchResponseError('Conflict error: {""error_code"":""IDEMPOTENCY_CONFLICT"",""message"":""Duplicate idempotency key \'u2041325492416-5cc78e031c2b488a\' used with conflicting reservation parameters.""}')",1
pessimistic_lock_read_heavy_c20_rep2,pessimistic_lock,read_heavy,20,/items/:id/reserve [POST],"CatchResponseError('Conflict error: {""error_code"":""IDEMPOTENCY_CONFLICT"",""message"":""Duplicate idempotency key \'u2041325191248-676e8cd0202040b6\' used with conflicting reservation parameters.""}')",1
pessimistic_lock_read_heavy_c20_rep2,pessimistic_lock,read_heavy,20,/items/:id/reserve [POST],"CatchResponseError('Conflict error: {""error_code"":""IDEMPOTENCY_CONFLICT"",""message"":""Duplicate idempotency key \'u2041325760400-ffac4078057b4ee9\' used with conflicting reservation parameters.""}')",1
pessimistic_lock_read_heavy_c20_rep2,pessimistic_lock,read_heavy,20,/items/:id/reserve [POST],"CatchResponseError('Conflict error: {""error_code"":""IDEMPOTENCY_CONFLICT"",""message"":""Duplicate idempotency key \'u2041326778992-3f4e9390efd24720\' used with conflicting reservation parameters.""}')",1
pessimistic_lock_read_heavy_c20_rep2,pessimistic_lock,read_heavy,20,/items/:id/reserve [POST],"CatchResponseError('Conflict error: {""error_code"":""IDEMPOTENCY_CONFLICT"",""message"":""Duplicate idempotency key \'u2041325762320-1eb94fb2546f4006\' used with conflicting reservation parameters.""}')",1
pessimistic_lock_read_heavy_c20_rep2,pessimistic_lock,read_heavy,20,/items/:id/reserve [POST],"CatchResponseError('Conflict error: {""error_code"":""IDEMPOTENCY_CONFLICT"",""message"":""Duplicate idempotency key \'u2041325490240-bb9e089b008b4764\' used with conflicting reservation parameters.""}')",1
pessimistic_lock_read_heavy_c20_rep2,pessimistic_lock,read_heavy,20,/items/:id/reserve [POST],"CatchResponseError('Conflict error: {""error_code"":""IDEMPOTENCY_CONFLICT"",""message"":""Duplicate idempotency key \'u2041324899024-b0afaad4a7ac4e16\' used with conflicting reservation parameters.""}')",1
pessimistic_lock_read_heavy_c20_rep2,pessimistic_lock,read_heavy,20,/items/:id/reserve [POST],"CatchResponseError('Conflict error: {""error_code"":""IDEMPOTENCY_CONFLICT"",""message"":""Duplicate idempotency key \'u2041325419088-51f9a08d1fd94be8\' used with conflicting reservation parameters.""}')",1
pessimistic_lock_read_heavy_c20_rep2,pessimistic_lock,read_heavy,20,/items/:id/reserve [POST],"CatchResponseError('Conflict error: {""error_code"":""IDEMPOTENCY_CONFLICT"",""message"":""Duplicate idempotency key \'u2041325426384-a8e9bebdbf724709\' used with conflicting reservation parameters.""}')",1
pessimistic_lock_read_heavy_c20_rep2,pessimistic_lock,read_heavy,20,/items/:id/reserve [POST],"CatchResponseError('Conflict error: {""error_code"":""IDEMPOTENCY_CONFLICT"",""message"":""Duplicate idempotency key \'u2041325780192-52592348a6fe45d9\' used with conflicting reservation parameters.""}')",1
pessimistic_lock_read_heavy_c20_rep2,pessimistic_lock,read_heavy,20,/items/:id/reserve [POST],"CatchResponseError('Conflict error: {""error_code"":""IDEMPOTENCY_CONFLICT"",""message"":""Duplicate idempotency key \'u2041325137360-948818c8c6a64ee7\' used with conflicting reservation parameters.""}')",1
pessimistic_lock_read_heavy_c20_rep2,pessimistic_lock,read_heavy,20,/items/:id/reserve [POST],"CatchResponseError('Conflict error: {""error_code"":""IDEMPOTENCY_CONFLICT"",""message"":""Duplicate idempotency key \'u2041326778992-91a7a988df9f402d\' used with conflicting reservation parameters.""}')",1
pessimistic_lock_read_heavy_c20_rep2,pessimistic_lock,read_heavy,20,/items/:id/reserve [POST],"CatchResponseError('Conflict error: {""error_code"":""IDEMPOTENCY_CONFLICT"",""message"":""Duplicate idempotency key \'u2041325763472-273f652871584e43\' used with conflicting reservation parameters.""}')",1
pessimistic_lock_read_heavy_c20_rep2,pessimistic_lock,read_heavy,20,/items/:id/reserve [POST],"CatchResponseError('Conflict error: {""error_code"":""IDEMPOTENCY_CONFLICT"",""message"":""Duplicate idempotency key \'u2041325760400-31f5d1effc824015\' used with conflicting reservation parameters.""}')",1
pessimistic_lock_read_heavy_c20_rep2,pessimistic_lock,read_heavy,20,/items/:id/reserve [POST],"CatchResponseError('Conflict error: {""error_code"":""IDEMPOTENCY_CONFLICT"",""message"":""Duplicate idempotency key \'u2041325191248-df756bc3276b4480\' used with conflicting reservation parameters.""}')",1
pessimistic_lock_read_heavy_c20_rep2,pessimistic_lock,read_heavy,20,/items/:id/reserve [POST],"CatchResponseError('Conflict error: {""error_code"":""IDEMPOTENCY_CONFLICT"",""message"":""Duplicate idempotency key \'u2041326745696-f5b68d94da3f4086\' used with conflicting reservation parameters.""}')",1
pessimistic_lock_read_heavy_c20_rep2,pessimistic_lock,read_heavy,20,/items/:id/reserve [POST],"CatchResponseError('Conflict error: {""error_code"":""IDEMPOTENCY_CONFLICT"",""message"":""Duplicate idempotency key \'u2041325780192-44ca7f22cb4b4372\' used with conflicting reservation parameters.""}')",1
pessimistic_lock_read_heavy_c20_rep2,pessimistic_lock,read_heavy,20,/items/:id/reserve [POST],"CatchResponseError('Conflict error: {""error_code"":""IDEMPOTENCY_CONFLICT"",""message"":""Duplicate idempotency key \'u2041325490240-8e5a5f4aaf3b49b1\' used with conflicting reservation parameters.""}')",1
pessimistic_lock_read_heavy_c20_rep2,pessimistic_lock,read_heavy,20,/items/:id/reserve [POST],"CatchResponseError('Conflict error: {""error_code"":""IDEMPOTENCY_CONFLICT"",""message"":""Duplicate idempotency key \'u2041325763472-48d2cd33c5994ae7\' used with conflicting reservation parameters.""}')",1
pessimistic_lock_read_heavy_c20_rep2,pessimistic_lock,read_heavy,20,/items/:id/reserve [POST],"CatchResponseError('Conflict error: {""error_code"":""IDEMPOTENCY_CONFLICT"",""message"":""Duplicate idempotency key \'u2041325419088-811ed23e41d84111\' used with conflicting reservation parameters.""}')",1
pessimistic_lock_read_heavy_c20_rep2,pessimistic_lock,read_heavy,20,/items/:id/reserve [POST],"CatchResponseError('Conflict error: {""error_code"":""IDEMPOTENCY_CONFLICT"",""message"":""Duplicate idempotency key \'u2041325419088-b695a00b1ffe4910\' used with conflicting reservation parameters.""}')",1
pessimistic_lock_read_heavy_c20_rep2,pessimistic_lock,read_heavy,20,/items/:id/reserve [POST],"CatchResponseError('Conflict error: {""error_code"":""IDEMPOTENCY_CONFLICT"",""message"":""Duplicate idempotency key \'u2041326979024-a07a389e1cd9495d\' used with conflicting reservation parameters.""}')",1
pessimistic_lock_read_heavy_c20_rep2,pessimistic_lock,read_heavy,20,/items/:id/reserve [POST],"CatchResponseError('Conflict error: {""error_code"":""IDEMPOTENCY_CONFLICT"",""message"":""Duplicate idempotency key \'u2041325780192-df9266ffacaa436a\' used with conflicting reservation parameters.""}')",1
pessimistic_lock_read_heavy_c50_rep1,pessimistic_lock,read_heavy,50,/items/:id/reserve [POST],"CatchResponseError('Conflict error: {""error_code"":""IDEMPOTENCY_CONFLICT"",""message"":""Duplicate idempotency key \'u2123306961616-14d51fa8c908465f\' used with conflicting reservation parameters.""}')",1
pessimistic_lock_read_heavy_c50_rep1,pessimistic_lock,read_heavy,50,/items/:id/reserve [POST],"CatchResponseError('Conflict error: {""error_code"":""IDEMPOTENCY_CONFLICT"",""message"":""Duplicate idempotency key \'u2123307489936-47e4e5c2722444de\' used with conflicting reservation parameters.""}')",1
pessimistic_lock_read_heavy_c50_rep1,pessimistic_lock,read_heavy,50,/items/:id/reserve [POST],"CatchResponseError('Conflict error: {""error_code"":""IDEMPOTENCY_CONFLICT"",""message"":""Duplicate idempotency key \'u2123308722192-6ad70e451c1e4945\' used with conflicting reservation parameters.""}')",1
pessimistic_lock_read_heavy_c50_rep1,pessimistic_lock,read_heavy,50,/items/:id/reserve [POST],"CatchResponseError('Conflict error: {""error_code"":""IDEMPOTENCY_CONFLICT"",""message"":""Duplicate idempotency key \'u2123308724688-ea818a54d52f40b3\' used with conflicting reservation parameters.""}')",1
pessimistic_lock_read_heavy_c50_rep1,pessimistic_lock,read_heavy,50,/items/:id/reserve [POST],"CatchResponseError('Conflict error: {""error_code"":""IDEMPOTENCY_CONFLICT"",""message"":""Duplicate idempotency key \'u2123307481936-ac728734081c46ef\' used with conflicting reservation parameters.""}')",1
pessimistic_lock_read_heavy_c50_rep1,pessimistic_lock,read_heavy,50,/items/:id/reserve [POST],"CatchResponseError('Conflict error: {""error_code"":""IDEMPOTENCY_CONFLICT"",""message"":""Duplicate idempotency key \'u2123307552832-b95188ee0047472f\' used with conflicting reservation parameters.""}')",1
pessimistic_lock_read_heavy_c50_rep1,pessimistic_lock,read_heavy,50,/items/:id/reserve [POST],"CatchResponseError('Conflict error: {""error_code"":""IDEMPOTENCY_CONFLICT"",""message"":""Duplicate idempotency key \'u2123307488976-3ba63bd7cda94e59\' used with conflicting reservation parameters.""}')",1
pessimistic_lock_read_heavy_c50_rep1,pessimistic_lock,read_heavy,50,/items/:id/reserve [POST],"CatchResponseError('Conflict error: {""error_code"":""IDEMPOTENCY_CONFLICT"",""message"":""Duplicate idempotency key \'u2123308721232-989eae780a8544f9\' used with conflicting reservation parameters.""}')",1
pessimistic_lock_read_heavy_c50_rep1,pessimistic_lock,read_heavy,50,/items/:id/reserve [POST],"CatchResponseError('Conflict error: {""error_code"":""IDEMPOTENCY_CONFLICT"",""message"":""Duplicate idempotency key \'u2123308724304-e1b4801e37ba438b\' used with conflicting reservation parameters.""}')",1
pessimistic_lock_read_heavy_c50_rep1,pessimistic_lock,read_heavy,50,/items/:id/reserve [POST],"CatchResponseError('Conflict error: {""error_code"":""IDEMPOTENCY_CONFLICT"",""message"":""Duplicate idempotency key \'u2123307819152-760942571ff143f4\' used with conflicting reservation parameters.""}')",1
pessimistic_lock_read_heavy_c50_rep1,pessimistic_lock,read_heavy,50,/items/:id/reserve [POST],"CatchResponseError('Conflict error: {""error_code"":""IDEMPOTENCY_CONFLICT"",""message"":""Duplicate idempotency key \'u2123307819152-72fb5fa097d2430c\' used with conflicting reservation parameters.""}')",1
pessimistic_lock_read_heavy_c50_rep1,pessimistic_lock,read_heavy,50,/items/:id/reserve [POST],"CatchResponseError('Conflict error: {""error_code"":""IDEMPOTENCY_CONFLICT"",""message"":""Duplicate idempotency key \'u2123308723344-6716c040a4bb46cb\' used with conflicting reservation parameters.""}')",1
pessimistic_lock_read_heavy_c50_rep1,pessimistic_lock,read_heavy,50,/items/:id/reserve [POST],"CatchResponseError('Conflict error: {""error_code"":""IDEMPOTENCY_CONFLICT"",""message"":""Duplicate idempotency key \'u2123307555008-6428af203ba14098\' used with conflicting reservation parameters.""}')",1
pessimistic_lock_read_heavy_c50_rep1,pessimistic_lock,read_heavy,50,/items/:id/reserve [POST],"CatchResponseError('Conflict error: {""error_code"":""IDEMPOTENCY_CONFLICT"",""message"":""Duplicate idempotency key \'u2123308717584-7015ff55cb9d4be8\' used with conflicting reservation parameters.""}')",1
pessimistic_lock_read_heavy_c50_rep1,pessimistic_lock,read_heavy,50,/items/:id/reserve [POST],"CatchResponseError('Conflict error: {""error_code"":""IDEMPOTENCY_CONFLICT"",""message"":""Duplicate idempotency key \'u2123308714320-41531f01f03747f1\' used with conflicting reservation parameters.""}')",1
pessimistic_lock_read_heavy_c50_rep1,pessimistic_lock,read_heavy,50,/items/:id/reserve [POST],"CatchResponseError('Conflict error: {""error_code"":""IDEMPOTENCY_CONFLICT"",""message"":""Duplicate idempotency key \'u2123307818384-b1cda5db474f46b3\' used with conflicting reservation parameters.""}')",1
pessimistic_lock_read_heavy_c50_rep1,pessimistic_lock,read_heavy,50,/items/:id/reserve [POST],"CatchResponseError('Conflict error: {""error_code"":""IDEMPOTENCY_CONFLICT"",""message"":""Duplicate idempotency key \'u2123307504784-80d3042457df470e\' used with conflicting reservation parameters.""}')",1
pessimistic_lock_read_heavy_c50_rep1,pessimistic_lock,read_heavy,50,/items/:id/reserve [POST],"CatchResponseError('Conflict error: {""error_code"":""IDEMPOTENCY_CONFLICT"",""message"":""Duplicate idempotency key \'u2123308712208-1c9bd94d3af3475e\' used with conflicting reservation parameters.""}')",1
pessimistic_lock_read_heavy_c50_rep1,pessimistic_lock,read_heavy,50,/items/:id/reserve [POST],"CatchResponseError('Conflict error: {""error_code"":""IDEMPOTENCY_CONFLICT"",""message"":""Duplicate idempotency key \'u2123307817040-05492cb3654c47ac\' used with conflicting reservation parameters.""}')",1
pessimistic_lock_read_heavy_c50_rep1,pessimistic_lock,read_heavy,50,/items/:id/reserve [POST],"CatchResponseError('Conflict error: {""error_code"":""IDEMPOTENCY_CONFLICT"",""message"":""Duplicate idempotency key \'u2123307488976-8a5b482d4e1e4905\' used with conflicting reservation parameters.""}')",1
pessimistic_lock_read_heavy_c50_rep1,pessimistic_lock,read_heavy,50,/items/:id/reserve [POST],"CatchResponseError('Conflict error: {""error_code"":""IDEMPOTENCY_CONFLICT"",""message"":""Duplicate idempotency key \'u2123307819536-6d7621769b174874\' used with conflicting reservation parameters.""}')",1
pessimistic_lock_read_heavy_c50_rep1,pessimistic_lock,read_heavy,50,/items/:id/reserve [POST],"CatchResponseError('Conflict error: {""error_code"":""IDEMPOTENCY_CONFLICT"",""message"":""Duplicate idempotency key \'u2123308722192-a181ba3be26e4bcb\' used with conflicting reservation parameters.""}')",1
pessimistic_lock_read_heavy_c50_rep1,pessimistic_lock,read_heavy,50,/items/:id/reserve [POST],"CatchResponseError('Conflict error: {""error_code"":""IDEMPOTENCY_CONFLICT"",""message"":""Duplicate idempotency key \'u2123307820304-8c588b14841b4c04\' used with conflicting reservation parameters.""}')",1
pessimistic_lock_read_heavy_c50_rep1,pessimistic_lock,read_heavy,50,/items/:id/reserve [POST],"CatchResponseError('Conflict error: {""error_code"":""IDEMPOTENCY_CONFLICT"",""message"":""Duplicate idempotency key \'u2123307481936-dad7e84e83c6432b\' used with conflicting reservation parameters.""}')",1
pessimistic_lock_read_heavy_c50_rep1,pessimistic_lock,read_heavy,50,/items/:id/reserve [POST],"CatchResponseError('Conflict error: {""error_code"":""IDEMPOTENCY_CONFLICT"",""message"":""Duplicate idempotency key \'u2123308721424-7ae78bcf57ec4a74\' used with conflicting reservation parameters.""}')",1
pessimistic_lock_read_heavy_c50_rep1,pessimistic_lock,read_heavy,50,/items/:id/reserve [POST],"CatchResponseError('Conflict error: {""error_code"":""IDEMPOTENCY_CONFLICT"",""message"":""Duplicate idempotency key \'u2123308725456-0ee3a48535574b05\' used with conflicting reservation parameters.""}')",1
pessimistic_lock_read_heavy_c50_rep1,pessimistic_lock,read_heavy,50,/items/:id/reserve [POST],"CatchResponseError('Conflict error: {""error_code"":""IDEMPOTENCY_CONFLICT"",""message"":""Duplicate idempotency key \'u2123308723536-e16feeeb13994dbf\' used with conflicting reservation parameters.""}')",1
pessimistic_lock_read_heavy_c50_rep1,pessimistic_lock,read_heavy,50,/items/:id/reserve [POST],"CatchResponseError('Conflict error: {""error_code"":""IDEMPOTENCY_CONFLICT"",""message"":""Duplicate idempotency key \'u2123308720272-f634eaa72c654c6a\' used with conflicting reservation parameters.""}')",1
pessimistic_lock_read_heavy_c50_rep1,pessimistic_lock,read_heavy,50,/items/:id/reserve [POST],"CatchResponseError('Conflict error: {""error_code"":""IDEMPOTENCY_CONFLICT"",""message"":""Duplicate idempotency key \'u2123308722768-e2c24b555e544ea5\' used with conflicting reservation parameters.""}')",1
pessimistic_lock_read_heavy_c50_rep1,pessimistic_lock,read_heavy,50,/items/:id/reserve [POST],"CatchResponseError('Conflict error: {""error_code"":""IDEMPOTENCY_CONFLICT"",""message"":""Duplicate idempotency key \'u2123308714896-8eafe89b04974d5f\' used with conflicting reservation parameters.""}')",1
pessimistic_lock_read_heavy_c50_rep1,pessimistic_lock,read_heavy,50,/items/:id/reserve [POST],"CatchResponseError('Conflict error: {""error_code"":""IDEMPOTENCY_CONFLICT"",""message"":""Duplicate idempotency key \'u2123307818768-6b31a7b60d2347c2\' used with conflicting reservation parameters.""}')",1
pessimistic_lock_read_heavy_c50_rep1,pessimistic_lock,read_heavy,50,/items/:id/reserve [POST],"CatchResponseError('Conflict error: {""error_code"":""IDEMPOTENCY_CONFLICT"",""message"":""Duplicate idempotency key \'u2123307818384-65adef76efeb4351\' used with conflicting reservation parameters.""}')",1
pessimistic_lock_read_heavy_c50_rep1,pessimistic_lock,read_heavy,50,/items/:id/reserve [POST],"CatchResponseError('Conflict error: {""error_code"":""IDEMPOTENCY_CONFLICT"",""message"":""Duplicate idempotency key \'u2123307818384-b7eb3951cf5843ad\' used with conflicting reservation parameters.""}')",1
pessimistic_lock_read_heavy_c50_rep1,pessimistic_lock,read_heavy,50,/items/:id/reserve [POST],"CatchResponseError('Conflict error: {""error_code"":""IDEMPOTENCY_CONFLICT"",""message"":""Duplicate idempotency key \'u2123308714896-190eaa67b44b4cd2\' used with conflicting reservation parameters.""}')",1
pessimistic_lock_read_heavy_c50_rep1,pessimistic_lock,read_heavy,50,/items/:id/reserve [POST],"CatchResponseError('Conflict error: {""error_code"":""IDEMPOTENCY_CONFLICT"",""message"":""Duplicate idempotency key \'u2123307818000-4b0d3cd5bc744ba5\' used with conflicting reservation parameters.""}')",1
pessimistic_lock_read_heavy_c50_rep1,pessimistic_lock,read_heavy,50,/items/:id/reserve [POST],"CatchResponseError('Conflict error: {""error_code"":""IDEMPOTENCY_CONFLICT"",""message"":""Duplicate idempotency key \'u2123307671600-142f3cc286f345b4\' used with conflicting reservation parameters.""}')",1
pessimistic_lock_read_heavy_c50_rep1,pessimistic_lock,read_heavy,50,/items/:id/reserve [POST],"CatchResponseError('Conflict error: {""error_code"":""IDEMPOTENCY_CONFLICT"",""message"":""Duplicate idempotency key \'u2123307003120-bccc28bb62fb4a97\' used with conflicting reservation parameters.""}')",1
pessimistic_lock_read_heavy_c50_rep1,pessimistic_lock,read_heavy,50,/items/:id/reserve [POST],"CatchResponseError('Conflict error: {""error_code"":""IDEMPOTENCY_CONFLICT"",""message"":""Duplicate idempotency key \'u2123308720656-46b4f6ca730a47a8\' used with conflicting reservation parameters.""}')",1
pessimistic_lock_read_heavy_c50_rep1,pessimistic_lock,read_heavy,50,/items/:id/reserve [POST],"CatchResponseError('Conflict error: {""error_code"":""IDEMPOTENCY_CONFLICT"",""message"":""Duplicate idempotency key \'u2123307005584-1153cb7b49f74d56\' used with conflicting reservation parameters.""}')",1
pessimistic_lock_read_heavy_c50_rep1,pessimistic_lock,read_heavy,50,/items/:id/reserve [POST],"CatchResponseError('Conflict error: {""error_code"":""IDEMPOTENCY_CONFLICT"",""message"":""Duplicate idempotency key \'u2123308723152-8e979a2441ec4226\' used with conflicting reservation parameters.""}')",1
pessimistic_lock_read_heavy_c50_rep1,pessimistic_lock,read_heavy,50,/items/:id/reserve [POST],"CatchResponseError('Conflict error: {""error_code"":""IDEMPOTENCY_CONFLICT"",""message"":""Duplicate idempotency key \'u2123307819920-70786abcac904500\' used with conflicting reservation parameters.""}')",1
pessimistic_lock_read_heavy_c50_rep1,pessimistic_lock,read_heavy,50,/items/:id/reserve [POST],"CatchResponseError('Conflict error: {""error_code"":""IDEMPOTENCY_CONFLICT"",""message"":""Duplicate idempotency key \'u2123307555008-2dd1b389da2144cb\' used with conflicting reservation parameters.""}')",1
pessimistic_lock_read_heavy_c50_rep1,pessimistic_lock,read_heavy,50,/items/:id/reserve [POST],"CatchResponseError('Conflict error: {""error_code"":""IDEMPOTENCY_CONFLICT"",""message"":""Duplicate idempotency key \'u2123308721040-bd12436f3d7347d4\' used with conflicting reservation parameters.""}')",1
pessimistic_lock_read_heavy_c50_rep1,pessimistic_lock,read_heavy,50,/items/:id/reserve [POST],"CatchResponseError('Conflict error: {""error_code"":""IDEMPOTENCY_CONFLICT"",""message"":""Duplicate idempotency key \'u2123307481936-b9a0abf627fa4abc\' used with conflicting reservation parameters.""}')",1
pessimistic_lock_read_heavy_c50_rep1,pessimistic_lock,read_heavy,50,/items/:id/reserve [POST],"CatchResponseError('Conflict error: {""error_code"":""IDEMPOTENCY_CONFLICT"",""message"":""Duplicate idempotency key \'u2123308714320-15c9502034cf40b6\' used with conflicting reservation parameters.""}')",1
pessimistic_lock_read_heavy_c50_rep1,pessimistic_lock,read_heavy,50,/items/:id/reserve [POST],"CatchResponseError('Conflict error: {""error_code"":""IDEMPOTENCY_CONFLICT"",""message"":""Duplicate idempotency key \'u2123306961616-3bf612bf2eeb4985\' used with conflicting reservation parameters.""}')",1
pessimistic_lock_read_heavy_c50_rep1,pessimistic_lock,read_heavy,50,/items/:id/reserve [POST],"CatchResponseError('Conflict error: {""error_code"":""IDEMPOTENCY_CONFLICT"",""message"":""Duplicate idempotency key \'u2123307552832-94e1286a67f14567\' used with conflicting reservation parameters.""}')",1
pessimistic_lock_read_heavy_c50_rep1,pessimistic_lock,read_heavy,50,/items/:id/reserve [POST],"CatchResponseError('Conflict error: {""error_code"":""IDEMPOTENCY_CONFLICT"",""message"":""Duplicate idempotency key \'u2123308722768-ddb5e1d35e004ca0\' used with conflicting reservation parameters.""}')",1
pessimistic_lock_read_heavy_c50_rep2,pessimistic_lock,read_heavy,50,/items/:id/reserve [POST],"CatchResponseError('Conflict error: {""error_code"":""IDEMPOTENCY_CONFLICT"",""message"":""Duplicate idempotency key \'u2680669018304-113e534967574b01\' used with conflicting reservation parameters.""}')",2
pessimistic_lock_read_heavy_c50_rep2,pessimistic_lock,read_heavy,50,/items/:id/reserve [POST],"CatchResponseError('Conflict error: {""error_code"":""IDEMPOTENCY_CONFLICT"",""message"":""Duplicate idempotency key \'u2680669282064-84c6881b427a47b9\' used with conflicting reservation parameters.""}')",1
pessimistic_lock_read_heavy_c50_rep2,pessimistic_lock,read_heavy,50,/items/:id/reserve [POST],"CatchResponseError('Conflict error: {""error_code"":""IDEMPOTENCY_CONFLICT"",""message"":""Duplicate idempotency key \'u2680670187216-591a9c1f44c042af\' used with conflicting reservation parameters.""}')",1
pessimistic_lock_read_heavy_c50_rep2,pessimistic_lock,read_heavy,50,/items/:id/reserve [POST],"CatchResponseError('Conflict error: {""error_code"":""IDEMPOTENCY_CONFLICT"",""message"":""Duplicate idempotency key \'u2680670511824-c5f369ed5a254d48\' used with conflicting reservation parameters.""}')",1
pessimistic_lock_read_heavy_c50_rep2,pessimistic_lock,read_heavy,50,/items/:id/reserve [POST],"CatchResponseError('Conflict error: {""error_code"":""IDEMPOTENCY_CONFLICT"",""message"":""Duplicate idempotency key \'u2680670511824-1eec7392f933488b\' used with conflicting reservation parameters.""}')",1
pessimistic_lock_read_heavy_c50_rep2,pessimistic_lock,read_heavy,50,/items/:id/reserve [POST],"CatchResponseError('Conflict error: {""error_code"":""IDEMPOTENCY_CONFLICT"",""message"":""Duplicate idempotency key \'u2680670176464-a7a0974cbee14f5a\' used with conflicting reservation parameters.""}')",1
pessimistic_lock_read_heavy_c50_rep2,pessimistic_lock,read_heavy,50,/items/:id/reserve [POST],"CatchResponseError('Conflict error: {""error_code"":""IDEMPOTENCY_CONFLICT"",""message"":""Duplicate idempotency key \'u2680668733776-a9f11182e7d74608\' used with conflicting reservation parameters.""}')",1
pessimistic_lock_read_heavy_c50_rep2,pessimistic_lock,read_heavy,50,/items/:id/reserve [POST],"CatchResponseError('Conflict error: {""error_code"":""IDEMPOTENCY_CONFLICT"",""message"":""Duplicate idempotency key \'u2680668968080-8b88678ec97c4e39\' used with conflicting reservation parameters.""}')",1
pessimistic_lock_read_heavy_c50_rep2,pessimistic_lock,read_heavy,50,/items/:id/reserve [POST],"CatchResponseError('Conflict error: {""error_code"":""IDEMPOTENCY_CONFLICT"",""message"":""Duplicate idempotency key \'u2680669282832-c4be480a6d6141d4\' used with conflicting reservation parameters.""}')",1
pessimistic_lock_read_heavy_c50_rep2,pessimistic_lock,read_heavy,50,/items/:id/reserve [POST],"CatchResponseError('Conflict error: {""error_code"":""IDEMPOTENCY_CONFLICT"",""message"":""Duplicate idempotency key \'u2680669282448-1928825adfc04a81\' used with conflicting reservation parameters.""}')",1
pessimistic_lock_read_heavy_c50_rep2,pessimistic_lock,read_heavy,50,/items/:id/reserve [POST],"CatchResponseError('Conflict error: {""error_code"":""IDEMPOTENCY_CONFLICT"",""message"":""Duplicate idempotency key \'u2680668468880-e7902831f43b4d16\' used with conflicting reservation parameters.""}')",1
pessimistic_lock_read_heavy_c50_rep2,pessimistic_lock,read_heavy,50,/items/:id/reserve [POST],"CatchResponseError('Conflict error: {""error_code"":""IDEMPOTENCY_CONFLICT"",""message"":""Duplicate idempotency key \'u2680670505104-0ee5253610284243\' used with conflicting reservation parameters.""}')",1
pessimistic_lock_read_heavy_c50_rep2,pessimistic_lock,read_heavy,50,/items/:id/reserve [POST],"CatchResponseError('Conflict error: {""error_code"":""IDEMPOTENCY_CONFLICT"",""message"":""Duplicate idempotency key \'u2680668952272-43b0ff25d924412d\' used with conflicting reservation parameters.""}')",1
pessimistic_lock_read_heavy_c50_rep2,pessimistic_lock,read_heavy,50,/items/:id/reserve [POST],"CatchResponseError('Conflict error: {""error_code"":""IDEMPOTENCY_CONFLICT"",""message"":""Duplicate idempotency key \'u2680670175504-509ac251f17f45cb\' used with conflicting reservation parameters.""}')",1
pessimistic_lock_read_heavy_c50_rep2,pessimistic_lock,read_heavy,50,/items/:id/reserve [POST],"CatchResponseError('Conflict error: {""error_code"":""IDEMPOTENCY_CONFLICT"",""message"":""Duplicate idempotency key \'u2680669283984-62b80fefa5f04ef5\' used with conflicting reservation parameters.""}')",1
pessimistic_lock_read_heavy_c50_rep2,pessimistic_lock,read_heavy,50,/items/:id/reserve [POST],"CatchResponseError('Conflict error: {""error_code"":""IDEMPOTENCY_CONFLICT"",""message"":""Duplicate idempotency key \'u2680669279184-df9cad7fe6ef4bd6\' used with conflicting reservation parameters.""}')",1
pessimistic_lock_read_heavy_c50_rep2,pessimistic_lock,read_heavy,50,/items/:id/reserve [POST],"CatchResponseError('Conflict error: {""error_code"":""IDEMPOTENCY_CONFLICT"",""message"":""Duplicate idempotency key \'u2680670175504-2ef0d5973b8f4203\' used with conflicting reservation parameters.""}')",1
pessimistic_lock_read_heavy_c50_rep2,pessimistic_lock,read_heavy,50,/items/:id/reserve [POST],"CatchResponseError('Conflict error: {""error_code"":""IDEMPOTENCY_CONFLICT"",""message"":""Duplicate idempotency key \'u2680670505680-7568ebd5d8ba4c66\' used with conflicting reservation parameters.""}')",1
pessimistic_lock_read_heavy_c50_rep2,pessimistic_lock,read_heavy,50,/items/:id/reserve [POST],"CatchResponseError('Conflict error: {""error_code"":""IDEMPOTENCY_CONFLICT"",""message"":""Duplicate idempotency key \'u2680670187216-5fdbd3e3adb84e2c\' used with conflicting reservation parameters.""}')",1
pessimistic_lock_read_heavy_c50_rep2,pessimistic_lock,read_heavy,50,/items/:id/reserve [POST],"CatchResponseError('Conflict error: {""error_code"":""IDEMPOTENCY_CONFLICT"",""message"":""Duplicate idempotency key \'u2680669280336-275e44978312435a\' used with conflicting reservation parameters.""}')",1
pessimistic_lock_read_heavy_c50_rep2,pessimistic_lock,read_heavy,50,/items/:id/reserve [POST],"CatchResponseError('Conflict error: {""error_code"":""IDEMPOTENCY_CONFLICT"",""message"":""Duplicate idempotency key \'u2680668424912-e36cd2ff3c514d02\' used with conflicting reservation parameters.""}')",1
pessimistic_lock_read_heavy_c50_rep2,pessimistic_lock,read_heavy,50,/items/:id/reserve [POST],"CatchResponseError('Conflict error: {""error_code"":""IDEMPOTENCY_CONFLICT"",""message"":""Duplicate idempotency key \'u2680669303952-c7a79a86b94345e8\' used with conflicting reservation parameters.""}')",1
pessimistic_lock_read_heavy_c50_rep2,pessimistic_lock,read_heavy,50,/items/:id/reserve [POST],"CatchResponseError('Conflict error: {""error_code"":""IDEMPOTENCY_CONFLICT"",""message"":""Duplicate idempotency key \'u2680670175504-4bea0a1184cf4aa3\' used with conflicting reservation parameters.""}')",1
pessimistic_lock_read_heavy_c50_rep2,pessimistic_lock,read_heavy,50,/items/:id/reserve [POST],"CatchResponseError('Conflict error: {""error_code"":""IDEMPOTENCY_CONFLICT"",""message"":""Duplicate idempotency key \'u2680670185104-4194636620b34bdd\' used with conflicting reservation parameters.""}')",1
pessimistic_lock_read_heavy_c50_rep2,pessimistic_lock,read_heavy,50,/items/:id/reserve [POST],"CatchResponseError('Conflict error: {""error_code"":""IDEMPOTENCY_CONFLICT"",""message"":""Duplicate idempotency key \'u2680670185680-623de6e808c942e3\' used with conflicting reservation parameters.""}')",1
pessimistic_lock_read_heavy_c50_rep2,pessimistic_lock,read_heavy,50,/items/:id/reserve [POST],"CatchResponseError('Conflict error: {""error_code"":""IDEMPOTENCY_CONFLICT"",""message"":""Duplicate idempotency key \'u2680669016128-ea7dd98e84664d90\' used with conflicting reservation parameters.""}')",1
pessimistic_lock_read_heavy_c50_rep2,pessimistic_lock,read_heavy,50,/items/:id/reserve [POST],"CatchResponseError('Conflict error: {""error_code"":""IDEMPOTENCY_CONFLICT"",""message"":""Duplicate idempotency key \'u2680668952272-9b875b46e8be486a\' used with conflicting reservation parameters.""}')",1
pessimistic_lock_read_heavy_c50_rep2,pessimistic_lock,read_heavy,50,/items/:id/reserve [POST],"CatchResponseError('Conflict error: {""error_code"":""IDEMPOTENCY_CONFLICT"",""message"":""Duplicate idempotency key \'u2680669136816-78eff5e2c66f44c1\' used with conflicting reservation parameters.""}')",1
pessimistic_lock_read_heavy_c50_rep2,pessimistic_lock,read_heavy,50,/items/:id/reserve [POST],"CatchResponseError('Conflict error: {""error_code"":""IDEMPOTENCY_CONFLICT"",""message"":""Duplicate idempotency key \'u2680668952272-0ebf4728a2e74b7e\' used with conflicting reservation parameters.""}')",1
pessimistic_lock_read_heavy_c50_rep2,pessimistic_lock,read_heavy,50,/items/:id/reserve [POST],"CatchResponseError('Conflict error: {""error_code"":""IDEMPOTENCY_CONFLICT"",""message"":""Duplicate idempotency key \'u2680670511056-a520e041d18d4495\' used with conflicting reservation parameters.""}')",1
pessimistic_lock_read_heavy_c50_rep2,pessimistic_lock,read_heavy,50,/items/:id/reserve [POST],"CatchResponseError('Conflict error: {""error_code"":""IDEMPOTENCY_CONFLICT"",""message"":""Duplicate idempotency key \'u2680669282832-f23244865c3745d0\' used with conflicting reservation parameters.""}')",1
pessimistic_lock_read_heavy_c50_rep2,pessimistic_lock,read_heavy,50,/items/:id/reserve [POST],"CatchResponseError('Conflict error: {""error_code"":""IDEMPOTENCY_CONFLICT"",""message"":""Duplicate idempotency key \'u2680668945232-128dbd749f484b96\' used with conflicting reservation parameters.""}')",1
pessimistic_lock_read_heavy_c50_rep2,pessimistic_lock,read_heavy,50,/items/:id/reserve [POST],"CatchResponseError('Conflict error: {""error_code"":""IDEMPOTENCY_CONFLICT"",""message"":""Duplicate idempotency key \'u2680668733776-a4afa0fe4ced428a\' used with conflicting reservation parameters.""}')",1
pessimistic_lock_read_heavy_c50_rep2,pessimistic_lock,read_heavy,50,/items/:id/reserve [POST],"CatchResponseError('Conflict error: {""error_code"":""IDEMPOTENCY_CONFLICT"",""message"":""Duplicate idempotency key \'u2680668733776-c6f66d6c080547b4\' used with conflicting reservation parameters.""}')",1
pessimistic_lock_read_heavy_c5_rep1,pessimistic_lock,read_heavy,5,/items/:id/reserve [POST],"CatchResponseError('Conflict error: {""error_code"":""IDEMPOTENCY_CONFLICT"",""message"":""Duplicate idempotency key \'u1640886131344-301d1737a1d04b77\' used with conflicting reservation parameters.""}')",1
pessimistic_lock_read_heavy_c5_rep1,pessimistic_lock,read_heavy,5,/items/:id/reserve [POST],"CatchResponseError('Conflict error: {""error_code"":""IDEMPOTENCY_CONFLICT"",""message"":""Duplicate idempotency key \'u1640886078160-1a3f648e1ca84a65\' used with conflicting reservation parameters.""}')",1
pessimistic_lock_read_heavy_c5_rep1,pessimistic_lock,read_heavy,5,/items/:id/reserve [POST],"CatchResponseError('Conflict error: {""error_code"":""IDEMPOTENCY_CONFLICT"",""message"":""Duplicate idempotency key \'u1640886465680-f3613264b43c414a\' used with conflicting reservation parameters.""}')",1
pessimistic_lock_read_heavy_c5_rep1,pessimistic_lock,read_heavy,5,/items/:id/reserve [POST],"CatchResponseError('Conflict error: {""error_code"":""IDEMPOTENCY_CONFLICT"",""message"":""Duplicate idempotency key \'u1640886467808-c8b5ee625ff041d2\' used with conflicting reservation parameters.""}')",1
pessimistic_lock_read_heavy_c5_rep1,pessimistic_lock,read_heavy,5,/items/:id/reserve [POST],"CatchResponseError('Conflict error: {""error_code"":""IDEMPOTENCY_CONFLICT"",""message"":""Duplicate idempotency key \'u1640886131344-b5335819823a4e8d\' used with conflicting reservation parameters.""}')",1
pessimistic_lock_read_heavy_c5_rep1,pessimistic_lock,read_heavy,5,/items/:id/reserve [POST],"CatchResponseError('Conflict error: {""error_code"":""IDEMPOTENCY_CONFLICT"",""message"":""Duplicate idempotency key \'u1640886465680-8294b0b3ce934a20\' used with conflicting reservation parameters.""}')",1
pessimistic_lock_read_heavy_c5_rep1,pessimistic_lock,read_heavy,5,/items/:id/reserve [POST],"CatchResponseError('Conflict error: {""error_code"":""IDEMPOTENCY_CONFLICT"",""message"":""Duplicate idempotency key \'u1640886465680-47cc9a5dd0114d2b\' used with conflicting reservation parameters.""}')",1
pessimistic_lock_read_heavy_c5_rep1,pessimistic_lock,read_heavy,5,/items/:id/reserve [POST],"CatchResponseError('Conflict error: {""error_code"":""IDEMPOTENCY_CONFLICT"",""message"":""Duplicate idempotency key \'u1640886130384-fb5dbf8b6e7f4c28\' used with conflicting reservation parameters.""}')",1
pessimistic_lock_read_heavy_c5_rep1,pessimistic_lock,read_heavy,5,/items/:id/reserve [POST],"CatchResponseError('Conflict error: {""error_code"":""IDEMPOTENCY_CONFLICT"",""message"":""Duplicate idempotency key \'u1640886078160-a0e7f6908ae74a31\' used with conflicting reservation parameters.""}')",1
pessimistic_lock_read_heavy_c5_rep1,pessimistic_lock,read_heavy,5,/items/:id/reserve [POST],"CatchResponseError('Conflict error: {""error_code"":""IDEMPOTENCY_CONFLICT"",""message"":""Duplicate idempotency key \'u1640886130384-57ed4dffbfd943e1\' used with conflicting reservation parameters.""}')",1
pessimistic_lock_read_heavy_c5_rep1,pessimistic_lock,read_heavy,5,/items/:id/reserve [POST],"CatchResponseError('Conflict error: {""error_code"":""IDEMPOTENCY_CONFLICT"",""message"":""Duplicate idempotency key \'u1640886130384-21da6df2dc544115\' used with conflicting reservation parameters.""}')",1
pessimistic_lock_read_heavy_c5_rep1,pessimistic_lock,read_heavy,5,/items/:id/reserve [POST],"CatchResponseError('Conflict error: {""error_code"":""IDEMPOTENCY_CONFLICT"",""message"":""Duplicate idempotency key \'u1640886130384-bab7ba9e71844937\' used with conflicting reservation parameters.""}')",1
pessimistic_lock_read_heavy_c5_rep1,pessimistic_lock,read_heavy,5,/items/:id/reserve [POST],"CatchResponseError('Conflict error: {""error_code"":""IDEMPOTENCY_CONFLICT"",""message"":""Duplicate idempotency key \'u1640886465680-49975bd2db1f4d3c\' used with conflicting reservation parameters.""}')",1
pessimistic_lock_read_heavy_c5_rep1,pessimistic_lock,read_heavy,5,/items/:id/reserve [POST],"CatchResponseError('Conflict error: {""error_code"":""IDEMPOTENCY_CONFLICT"",""message"":""Duplicate idempotency key \'u1640886130384-9aa695976f5f4584\' used with conflicting reservation parameters.""}')",1
pessimistic_lock_read_heavy_c5_rep1,pessimistic_lock,read_heavy,5,/items/:id/reserve [POST],"CatchResponseError('Conflict error: {""error_code"":""IDEMPOTENCY_CONFLICT"",""message"":""Duplicate idempotency key \'u1640886467808-f2a4aff5c6dd4d8d\' used with conflicting reservation parameters.""}')",1
pessimistic_lock_read_heavy_c5_rep1,pessimistic_lock,read_heavy,5,/items/:id/reserve [POST],"CatchResponseError('Conflict error: {""error_code"":""IDEMPOTENCY_CONFLICT"",""message"":""Duplicate idempotency key \'u1640886078160-248459b3179e4dbc\' used with conflicting reservation parameters.""}')",1
pessimistic_lock_read_heavy_c5_rep1,pessimistic_lock,read_heavy,5,/items/:id/reserve [POST],"CatchResponseError('Conflict error: {""error_code"":""IDEMPOTENCY_CONFLICT"",""message"":""Duplicate idempotency key \'u1640886130384-d2bf27dbc7ec404e\' used with conflicting reservation parameters.""}')",1
pessimistic_lock_read_heavy_c5_rep1,pessimistic_lock,read_heavy,5,/items/:id/reserve [POST],"CatchResponseError('Conflict error: {""error_code"":""IDEMPOTENCY_CONFLICT"",""message"":""Duplicate idempotency key \'u1640886465680-690c033a58594261\' used with conflicting reservation parameters.""}')",2
pessimistic_lock_read_heavy_c5_rep2,pessimistic_lock,read_heavy,5,/items/:id/reserve [POST],"CatchResponseError('Conflict error: {""error_code"":""IDEMPOTENCY_CONFLICT"",""message"":""Duplicate idempotency key \'u3026418866832-5eb0e5b1beac47f5\' used with conflicting reservation parameters.""}')",1
pessimistic_lock_read_heavy_c5_rep2,pessimistic_lock,read_heavy,5,/items/:id/reserve [POST],"CatchResponseError('Conflict error: {""error_code"":""IDEMPOTENCY_CONFLICT"",""message"":""Duplicate idempotency key \'u3026418866832-586ffe7d1cbd4e64\' used with conflicting reservation parameters.""}')",1
pessimistic_lock_read_heavy_c5_rep2,pessimistic_lock,read_heavy,5,/items/:id/reserve [POST],"CatchResponseError('Conflict error: {""error_code"":""IDEMPOTENCY_CONFLICT"",""message"":""Duplicate idempotency key \'u3026419219680-c1b854f782694938\' used with conflicting reservation parameters.""}')",1
pessimistic_lock_read_heavy_c5_rep2,pessimistic_lock,read_heavy,5,/items/:id/reserve [POST],"CatchResponseError('Conflict error: {""error_code"":""IDEMPOTENCY_CONFLICT"",""message"":""Duplicate idempotency key \'u3026418865872-9f7235a90ef340a5\' used with conflicting reservation parameters.""}')",1
pessimistic_lock_read_heavy_c5_rep2,pessimistic_lock,read_heavy,5,/items/:id/reserve [POST],"CatchResponseError('Conflict error: {""error_code"":""IDEMPOTENCY_CONFLICT"",""message"":""Duplicate idempotency key \'u3026418866832-60e67c9e4aa14385\' used with conflicting reservation parameters.""}')",1
pessimistic_lock_read_heavy_c5_rep2,pessimistic_lock,read_heavy,5,/items/:id/reserve [POST],"CatchResponseError('Conflict error: {""error_code"":""IDEMPOTENCY_CONFLICT"",""message"":""Duplicate idempotency key \'u3026418866832-1f9c8b0d8d934b75\' used with conflicting reservation parameters.""}')",1
pessimistic_lock_read_heavy_c5_rep2,pessimistic_lock,read_heavy,5,/items/:id/reserve [POST],"CatchResponseError('Conflict error: {""error_code"":""IDEMPOTENCY_CONFLICT"",""message"":""Duplicate idempotency key \'u3026419217552-12907109db7a4482\' used with conflicting reservation parameters.""}')",1
pessimistic_lock_read_heavy_c5_rep2,pessimistic_lock,read_heavy,5,/items/:id/reserve [POST],"CatchResponseError('Conflict error: {""error_code"":""IDEMPOTENCY_CONFLICT"",""message"":""Duplicate idempotency key \'u3026418866832-8c51d57f9c93438d\' used with conflicting reservation parameters.""}')",1
pessimistic_lock_read_heavy_c5_rep2,pessimistic_lock,read_heavy,5,/items/:id/reserve [POST],"CatchResponseError('Conflict error: {""error_code"":""IDEMPOTENCY_CONFLICT"",""message"":""Duplicate idempotency key \'u3026418866832-0cb1897db4c64c64\' used with conflicting reservation parameters.""}')",1
pessimistic_lock_read_heavy_c5_rep2,pessimistic_lock,read_heavy,5,/items/:id/reserve [POST],"CatchResponseError('Conflict error: {""error_code"":""IDEMPOTENCY_CONFLICT"",""message"":""Duplicate idempotency key \'u3026419217552-474bc71925e44004\' used with conflicting reservation parameters.""}')",1
pessimistic_lock_read_heavy_c5_rep2,pessimistic_lock,read_heavy,5,/items/:id/reserve [POST],"CatchResponseError('Conflict error: {""error_code"":""IDEMPOTENCY_CONFLICT"",""message"":""Duplicate idempotency key \'u3026419217552-0d9a67a650144a75\' used with conflicting reservation parameters.""}')",1
pessimistic_lock_read_heavy_c5_rep2,pessimistic_lock,read_heavy,5,/items/:id/reserve [POST],"CatchResponseError('Conflict error: {""error_code"":""IDEMPOTENCY_CONFLICT"",""message"":""Duplicate idempotency key \'u3026418865872-b6fd1ebb14264e98\' used with conflicting reservation parameters.""}')",1
pessimistic_lock_read_heavy_c5_rep2,pessimistic_lock,read_heavy,5,/items/:id/reserve [POST],"CatchResponseError('Conflict error: {""error_code"":""IDEMPOTENCY_CONFLICT"",""message"":""Duplicate idempotency key \'u3026419217552-0264ffd4637e493c\' used with conflicting reservation parameters.""}')",1
pessimistic_lock_read_heavy_c5_rep2,pessimistic_lock,read_heavy,5,/items/:id/reserve [POST],"CatchResponseError('Conflict error: {""error_code"":""IDEMPOTENCY_CONFLICT"",""message"":""Duplicate idempotency key \'u3026418338512-b1deed1babcd4c31\' used with conflicting reservation parameters.""}')",1
pessimistic_lock_read_heavy_c5_rep2,pessimistic_lock,read_heavy,5,/items/:id/reserve [POST],"CatchResponseError('Conflict error: {""error_code"":""IDEMPOTENCY_CONFLICT"",""message"":""Duplicate idempotency key \'u3026418866832-7f3c76588b9a4b21\' used with conflicting reservation parameters.""}')",1
pessimistic_lock_read_heavy_c5_rep2,pessimistic_lock,read_heavy,5,/items/:id/reserve [POST],"CatchResponseError('Conflict error: {""error_code"":""IDEMPOTENCY_CONFLICT"",""message"":""Duplicate idempotency key \'u3026418866832-1ed35b0d58514af5\' used with conflicting reservation parameters.""}')",1
pessimistic_lock_read_heavy_c5_rep2,pessimistic_lock,read_heavy,5,/items/:id/reserve [POST],"CatchResponseError('Conflict error: {""error_code"":""IDEMPOTENCY_CONFLICT"",""message"":""Duplicate idempotency key \'u3026419217552-b8d9243d8cd34389\' used with conflicting reservation parameters.""}')",1
pessimistic_lock_read_heavy_c5_rep2,pessimistic_lock,read_heavy,5,/items/:id/reserve [POST],"CatchResponseError('Conflict error: {""error_code"":""IDEMPOTENCY_CONFLICT"",""message"":""Duplicate idempotency key \'u3026419219680-d1fcbd767e4643f2\' used with conflicting reservation parameters.""}')",1
pessimistic_lock_read_heavy_c5_rep2,pessimistic_lock,read_heavy,5,/items/:id/reserve [POST],"CatchResponseError('Conflict error: {""error_code"":""IDEMPOTENCY_CONFLICT"",""message"":""Duplicate idempotency key \'u3026418338512-59e63b6fce4849be\' used with conflicting reservation parameters.""}')",1
pessimistic_lock_read_heavy_c5_rep2,pessimistic_lock,read_heavy,5,/items/:id/reserve [POST],"CatchResponseError('Conflict error: {""error_code"":""IDEMPOTENCY_CONFLICT"",""message"":""Duplicate idempotency key \'u3026418865872-613c4578470a4340\' used with conflicting reservation parameters.""}')",1
pessimistic_lock_read_heavy_c5_rep2,pessimistic_lock,read_heavy,5,/items/:id/reserve [POST],"CatchResponseError('Conflict error: {""error_code"":""IDEMPOTENCY_CONFLICT"",""message"":""Duplicate idempotency key \'u3026419219680-70abe84a374d4cf9\' used with conflicting reservation parameters.""}')",1
pessimistic_lock_read_heavy_c5_rep2,pessimistic_lock,read_heavy,5,/items/:id/reserve [POST],"CatchResponseError('Conflict error: {""error_code"":""IDEMPOTENCY_CONFLICT"",""message"":""Duplicate idempotency key \'u3026418338512-57b14e3f478e4ee5\' used with conflicting reservation parameters.""}')",1
pessimistic_lock_read_heavy_c5_rep2,pessimistic_lock,read_heavy,5,/items/:id/reserve [POST],"CatchResponseError('Conflict error: {""error_code"":""IDEMPOTENCY_CONFLICT"",""message"":""Duplicate idempotency key \'u3026419217552-3408192bda024032\' used with conflicting reservation parameters.""}')",1
pessimistic_lock_read_heavy_c5_rep2,pessimistic_lock,read_heavy,5,/items/:id/reserve [POST],"CatchResponseError('Conflict error: {""error_code"":""IDEMPOTENCY_CONFLICT"",""message"":""Duplicate idempotency key \'u3026418865872-025fc540ba2c459a\' used with conflicting reservation parameters.""}')",1
pessimistic_lock_read_heavy_c5_rep2,pessimistic_lock,read_heavy,5,/items/:id/reserve [POST],"CatchResponseError('Conflict error: {""error_code"":""IDEMPOTENCY_CONFLICT"",""message"":""Duplicate idempotency key \'u3026419217552-cc04588177c0475e\' used with conflicting reservation parameters.""}')",1
pessimistic_lock_read_heavy_c5_rep2,pessimistic_lock,read_heavy,5,/items/:id/reserve [POST],"CatchResponseError('Conflict error: {""error_code"":""IDEMPOTENCY_CONFLICT"",""message"":""Duplicate idempotency key \'u3026418866832-a958236656a9458d\' used with conflicting reservation parameters.""}')",1
pessimistic_lock_spike_c100_rep1,pessimistic_lock,spike,100,/items/:id/reserve [POST],"CatchResponseError('Conflict error: {""error_code"":""IDEMPOTENCY_CONFLICT"",""message"":""Duplicate idempotency key \'u2779580806160-3ac6a48da577497e\' used with conflicting reservation parameters.""}')",1
pessimistic_lock_spike_c100_rep1,pessimistic_lock,spike,100,/items/:id/reserve [POST],"CatchResponseError('Conflict error: {""error_code"":""IDEMPOTENCY_CONFLICT"",""message"":""Duplicate idempotency key \'u2779580218832-6e95f819f9b94c97\' used with conflicting reservation parameters.""}')",1
pessimistic_lock_spike_c100_rep1,pessimistic_lock,spike,100,/items/:id/reserve [POST],"CatchResponseError('Conflict error: {""error_code"":""INSUFFICIENT_INVENTORY"",""message"":""Insufficient inventory for item 2: requested 3, available 0."",""item_id"":2,""requested"":3,""available"":0}')",18
pessimistic_lock_spike_c100_rep1,pessimistic_lock,spike,100,/items/:id/reserve [POST],"CatchResponseError('Conflict error: {""error_code"":""IDEMPOTENCY_CONFLICT"",""message"":""Duplicate idempotency key \'u2779581510864-3dcbf3a6be4549db\' used with conflicting reservation parameters.""}')",1
pessimistic_lock_spike_c100_rep1,pessimistic_lock,spike,100,/items/:id/reserve [POST],"CatchResponseError('Conflict error: {""error_code"":""IDEMPOTENCY_CONFLICT"",""message"":""Duplicate idempotency key \'u2779579353808-50ebd4c080cb4417\' used with conflicting reservation parameters.""}')",2
pessimistic_lock_spike_c100_rep1,pessimistic_lock,spike,100,/items/:id/reserve [POST],"CatchResponseError('Conflict error: {""error_code"":""INSUFFICIENT_INVENTORY"",""message"":""Insufficient inventory for item 2: requested 3, available 2."",""item_id"":2,""requested"":3,""available"":2}')",2
pessimistic_lock_spike_c100_rep1,pessimistic_lock,spike,100,/items/:id/reserve [POST],"CatchResponseError('Server error HTTP 404: {""error_code"":""ITEM_NOT_FOUND"",""message"":""Item with ID 8 not found.""}')",72
pessimistic_lock_spike_c100_rep1,pessimistic_lock,spike,100,/items/:id/reserve [POST],"CatchResponseError('Conflict error: {""error_code"":""INSUFFICIENT_INVENTORY"",""message"":""Insufficient inventory for item 2: requested 2, available 1."",""item_id"":2,""requested"":2,""available"":1}')",4
pessimistic_lock_spike_c100_rep1,pessimistic_lock,spike,100,/items/:id/reserve [POST],"CatchResponseError('Conflict error: {""error_code"":""IDEMPOTENCY_CONFLICT"",""message"":""Duplicate idempotency key \'u2779585848784-ff657565509f4602\' used with conflicting reservation parameters.""}')",1
pessimistic_lock_spike_c100_rep1,pessimistic_lock,spike,100,/items/:id/reserve [POST],"CatchResponseError('Conflict error: {""error_code"":""IDEMPOTENCY_CONFLICT"",""message"":""Duplicate idempotency key \'u2779580119760-c6081d40b36b4ddf\' used with conflicting reservation parameters.""}')",1
pessimistic_lock_spike_c100_rep1,pessimistic_lock,spike,100,/items/:id/reserve [POST],"CatchResponseError('Server error HTTP 404: {""error_code"":""ITEM_NOT_FOUND"",""message"":""Item with ID 6 not found.""}')",95
pessimistic_lock_spike_c100_rep1,pessimistic_lock,spike,100,/items/:id/reserve [POST],"CatchResponseError('Conflict error: {""error_code"":""IDEMPOTENCY_CONFLICT"",""message"":""Duplicate idempotency key \'u2779580216912-db15b59712da4f9e\' used with conflicting reservation parameters.""}')",1
pessimistic_lock_spike_c100_rep1,pessimistic_lock,spike,100,/items/:id/reserve [POST],"CatchResponseError('Server error HTTP 404: {""error_code"":""ITEM_NOT_FOUND"",""message"":""Item with ID 11 not found.""}')",99
pessimistic_lock_spike_c100_rep1,pessimistic_lock,spike,100,/items/:id/reserve [POST],"CatchResponseError('Conflict error: {""error_code"":""IDEMPOTENCY_CONFLICT"",""message"":""Duplicate idempotency key \'u2779585853392-93c02d8c43104c8b\' used with conflicting reservation parameters.""}')",2
pessimistic_lock_spike_c100_rep1,pessimistic_lock,spike,100,/items/:id/reserve [POST],"CatchResponseError('Conflict error: {""error_code"":""IDEMPOTENCY_CONFLICT"",""message"":""Duplicate idempotency key \'u2779580794640-31cb4839c4084faf\' used with conflicting reservation parameters.""}')",1
pessimistic_lock_spike_c100_rep1,pessimistic_lock,spike,100,/items/:id/reserve [POST],"CatchResponseError('Server error HTTP 404: {""error_code"":""ITEM_NOT_FOUND"",""message"":""Item with ID 16 not found.""}')",93
pessimistic_lock_spike_c100_rep1,pessimistic_lock,spike,100,/items/:id/reserve [POST],"CatchResponseError('Conflict error: {""error_code"":""IDEMPOTENCY_CONFLICT"",""message"":""Duplicate idempotency key \'u2779580210576-56208f04e3b64fc1\' used with conflicting reservation parameters.""}')",1
pessimistic_lock_spike_c100_rep1,pessimistic_lock,spike,100,/items/:id [GET],HTTPError('404 Client Error: Not Found for url: /items/:id [GET]'),1348
pessimistic_lock_spike_c100_rep1,pessimistic_lock,spike,100,/items/:id/reserve [POST],"CatchResponseError('Conflict error: {""error_code"":""IDEMPOTENCY_CONFLICT"",""message"":""Duplicate idempotency key \'u2779580218064-4f9efa6a077c4798\' used with conflicting reservation parameters.""}')",1
pessimistic_lock_spike_c100_rep1,pessimistic_lock,spike,100,/items/:id/reserve [POST],"CatchResponseError('Server error HTTP 404: {""error_code"":""ITEM_NOT_FOUND"",""message"":""Item with ID 12 not found.""}')",96
pessimistic_lock_spike_c100_rep1,pessimistic_lock,spike,100,/items/:id/reserve [POST],"CatchResponseError('Server error HTTP 404: {""error_code"":""ITEM_NOT_FOUND"",""message"":""Item with ID 3 not found.""}')",100
pessimistic_lock_spike_c100_rep1,pessimistic_lock,spike,100,/items/:id/reserve [POST],"CatchResponseError('Server error HTTP 404: {""error_code"":""ITEM_NOT_FOUND"",""message"":""Item with ID 20 not found.""}')",86
pessimistic_lock_spike_c100_rep1,pessimistic_lock,spike,100,/items/:id/reserve [POST],"CatchResponseError('Conflict error: {""error_code"":""IDEMPOTENCY_CONFLICT"",""message"":""Duplicate idempotency key \'u2779585612880-a3b4170c1063452d\' used with conflicting reservation parameters.""}')",1
pessimistic_lock_spike_c100_rep1,pessimistic_lock,spike,100,/items/:id/reserve [POST],"CatchResponseError('Server error HTTP 404: {""error_code"":""ITEM_NOT_FOUND"",""message"":""Item with ID 18 not found.""}')",99
pessimistic_lock_spike_c100_rep1,pessimistic_lock,spike,100,/items/:id/reserve [POST],"CatchResponseError('Server error HTTP 404: {""error_code"":""ITEM_NOT_FOUND"",""message"":""Item with ID 13 not found.""}')",68
pessimistic_lock_spike_c100_rep1,pessimistic_lock,spike,100,/items/:id/reserve [POST],"CatchResponseError('Conflict error: {""error_code"":""IDEMPOTENCY_CONFLICT"",""message"":""Duplicate idempotency key \'u2779585843024-c5c2c64fce654ccb\' used with conflicting reservation parameters.""}')",1
pessimistic_lock_spike_c100_rep1,pessimistic_lock,spike,100,/items/:id/reserve [POST],"CatchResponseError('Conflict error: {""error_code"":""IDEMPOTENCY_CONFLICT"",""message"":""Duplicate idempotency key \'u2779580213840-90ac4f821858402c\' used with conflicting reservation parameters.""}')",1
pessimistic_lock_spike_c100_rep1,pessimistic_lock,spike,100,/items/:id/reserve [POST],"CatchResponseError('Conflict error: {""error_code"":""IDEMPOTENCY_CONFLICT"",""message"":""Duplicate idempotency key \'u2779579873872-c36a2a1302bb48d0\' used with conflicting reservation parameters.""}')",1
pessimistic_lock_spike_c100_rep1,pessimistic_lock,spike,100,/items/:id/reserve [POST],"CatchResponseError('Server error HTTP 404: {""error_code"":""ITEM_NOT_FOUND"",""message"":""Item with ID 14 not found.""}')",74
pessimistic_lock_spike_c100_rep1,pessimistic_lock,spike,100,/items/:id/reserve [POST],"CatchResponseError('Server error HTTP 404: {""error_code"":""ITEM_NOT_FOUND"",""message"":""Item with ID 17 not found.""}')",89
pessimistic_lock_spike_c100_rep1,pessimistic_lock,spike,100,/items/:id/reserve [POST],"CatchResponseError('Conflict error: {""error_code"":""IDEMPOTENCY_CONFLICT"",""message"":""Duplicate idempotency key \'u2779580798864-0615d683f5414c88\' used with conflicting reservation parameters.""}')",1
pessimistic_lock_spike_c100_rep1,pessimistic_lock,spike,100,/items/:id/reserve [POST],"CatchResponseError('Conflict error: {""error_code"":""INSUFFICIENT_INVENTORY"",""message"":""Insufficient inventory for item 2: requested 3, available 1."",""item_id"":2,""requested"":3,""available"":1}')",3
pessimistic_lock_spike_c100_rep1,pessimistic_lock,spike,100,/items/:id/reserve [POST],"CatchResponseError('Conflict error: {""error_code"":""IDEMPOTENCY_CONFLICT"",""message"":""Duplicate idempotency key \'u2779580793104-be3e93130edf48f7\' used with conflicting reservation parameters.""}')",1
pessimistic_lock_spike_c100_rep1,pessimistic_lock,spike,100,/items/:id/reserve [POST],"CatchResponseError('Conflict error: {""error_code"":""INSUFFICIENT_INVENTORY"",""message"":""Insufficient inventory for item 2: requested 2, available 0."",""item_id"":2,""requested"":2,""available"":0}')",18
pessimistic_lock_spike_c100_rep1,pessimistic_lock,spike,100,/items/:id/reserve [POST],"CatchResponseError('Server error HTTP 404: {""error_code"":""ITEM_NOT_FOUND"",""message"":""Item with ID 9 not found.""}')",105
pessimistic_lock_spike_c100_rep1,pessimistic_lock,spike,100,/items/:id/reserve [POST],"CatchResponseError('Conflict error: {""error_code"":""INSUFFICIENT_INVENTORY"",""message"":""Insufficient inventory for item 2: requested 1, available 0."",""item_id"":2,""requested"":1,""available"":0}')",9
pessimistic_lock_spike_c100_rep1,pessimistic_lock,spike,100,/items/:id/reserve [POST],"CatchResponseError('Server error HTTP 404: {""error_code"":""ITEM_NOT_FOUND"",""message"":""Item with ID 4 not found.""}')",78
pessimistic_lock_spike_c100_rep1,pessimistic_lock,spike,100,/items/:id/reserve [POST],"CatchResponseError('Conflict error: {""error_code"":""IDEMPOTENCY_CONFLICT"",""message"":""Duplicate idempotency key \'u2779585619408-d13c5542f3234c5c\' used with conflicting reservation parameters.""}')",1
pessimistic_lock_spike_c100_rep1,pessimistic_lock,spike,100,/items/:id/reserve [POST],"CatchResponseError('Server error HTTP 404: {""error_code"":""ITEM_NOT_FOUND"",""message"":""Item with ID 5 not found.""}')",72
pessimistic_lock_spike_c100_rep1,pessimistic_lock,spike,100,/items/:id/reserve [POST],"CatchResponseError('Conflict error: {""error_code"":""IDEMPOTENCY_CONFLICT"",""message"":""Duplicate idempotency key \'u2779581505296-7024bed8320c4746\' used with conflicting reservation parameters.""}')",2
pessimistic_lock_spike_c100_rep1,pessimistic_lock,spike,100,/items/:id/reserve [POST],"CatchResponseError('Conflict error: {""error_code"":""IDEMPOTENCY_CONFLICT"",""message"":""Duplicate idempotency key \'u2779580793104-ef1572081c91409b\' used with conflicting reservation parameters.""}')",1
pessimistic_lock_spike_c100_rep1,pessimistic_lock,spike,100,/items/:id/reserve [POST],"CatchResponseError('Server error HTTP 404: {""error_code"":""ITEM_NOT_FOUND"",""message"":""Item with ID 19 not found.""}')",83
pessimistic_lock_spike_c100_rep1,pessimistic_lock,spike,100,/items/:id/reserve [POST],"CatchResponseError('Server error HTTP 404: {""error_code"":""ITEM_NOT_FOUND"",""message"":""Item with ID 15 not found.""}')",87
pessimistic_lock_spike_c100_rep1,pessimistic_lock,spike,100,/items/:id/reserve [POST],"CatchResponseError('Server error HTTP 404: {""error_code"":""ITEM_NOT_FOUND"",""message"":""Item with ID 7 not found.""}')",96
pessimistic_lock_spike_c100_rep1,pessimistic_lock,spike,100,/items/:id/reserve [POST],"CatchResponseError('Server error HTTP 404: {""error_code"":""ITEM_NOT_FOUND"",""message"":""Item with ID 10 not found.""}')",76
pessimistic_lock_spike_c100_rep1,pessimistic_lock,spike,100,/items/:id/reserve [POST],"CatchResponseError('Conflict error: {""error_code"":""IDEMPOTENCY_CONFLICT"",""message"":""Duplicate idempotency key \'u2779580232848-f663752cb63147b3\' used with conflicting reservation parameters.""}')",2
pessimistic_lock_spike_c100_rep2,pessimistic_lock,spike,100,/items/:id/reserve [POST],"CatchResponseError('Conflict error: {""error_code"":""IDEMPOTENCY_CONFLICT"",""message"":""Duplicate idempotency key \'u2304321514448-b6b58c4331d04fce\' used with conflicting reservation parameters.""}')",1
pessimistic_lock_spike_c100_rep2,pessimistic_lock,spike,100,/items/:id/reserve [POST],"CatchResponseError('Conflict error: {""error_code"":""IDEMPOTENCY_CONFLICT"",""message"":""Duplicate idempotency key \'u2304321518480-b26e38df750e44f5\' used with conflicting reservation parameters.""}')",1
pessimistic_lock_spike_c100_rep2,pessimistic_lock,spike,100,/items/:id/reserve [POST],"CatchResponseError('Conflict error: {""error_code"":""IDEMPOTENCY_CONFLICT"",""message"":""Duplicate idempotency key \'u2304316211472-0c86792078154f42\' used with conflicting reservation parameters.""}')",1
pessimistic_lock_spike_c100_rep2,pessimistic_lock,spike,100,/items/:id/reserve [POST],"CatchResponseError('Conflict error: {""error_code"":""IDEMPOTENCY_CONFLICT"",""message"":""Duplicate idempotency key \'u2304315538128-fb191f01884d4d62\' used with conflicting reservation parameters.""}')",1
pessimistic_lock_spike_c100_rep2,pessimistic_lock,spike,100,/items/:id/reserve [POST],"CatchResponseError('Conflict error: {""error_code"":""IDEMPOTENCY_CONFLICT"",""message"":""Duplicate idempotency key \'u2304321517520-63eb4173dafa4554\' used with conflicting reservation parameters.""}')",1
pessimistic_lock_spike_c100_rep2,pessimistic_lock,spike,100,/items/:id/reserve [POST],"CatchResponseError('Conflict error: {""error_code"":""IDEMPOTENCY_CONFLICT"",""message"":""Duplicate idempotency key \'u2304321510416-f918840bc6c54c00\' used with conflicting reservation parameters.""}')",1
pessimistic_lock_spike_c100_rep2,pessimistic_lock,spike,100,/items/:id/reserve [POST],"CatchResponseError('Conflict error: {""error_code"":""IDEMPOTENCY_CONFLICT"",""message"":""Duplicate idempotency key \'u2304321508880-d6ed34282c944b4c\' used with conflicting reservation parameters.""}')",1
pessimistic_lock_spike_c100_rep2,pessimistic_lock,spike,100,/items/:id/reserve [POST],"CatchResponseError('Conflict error: {""error_code"":""IDEMPOTENCY_CONFLICT"",""message"":""Duplicate idempotency key \'u2304316213008-e7ba68576bef490c\' used with conflicting reservation parameters.""}')",1
pessimistic_lock_spike_c100_rep2,pessimistic_lock,spike,100,/items/:id/reserve [POST],"CatchResponseError('Conflict error: {""error_code"":""IDEMPOTENCY_CONFLICT"",""message"":""Duplicate idempotency key \'u2304321319376-b74fc3886c504e27\' used with conflicting reservation parameters.""}')",1
pessimistic_lock_spike_c100_rep2,pessimistic_lock,spike,100,/items/:id/reserve [POST],"CatchResponseError('Conflict error: {""error_code"":""IDEMPOTENCY_CONFLICT"",""message"":""Duplicate idempotency key \'u2304321517712-9e93ab4117954473\' used with conflicting reservation parameters.""}')",1
pessimistic_lock_spike_c100_rep2,pessimistic_lock,spike,100,/items/:id/reserve [POST],"CatchResponseError('Conflict error: {""error_code"":""IDEMPOTENCY_CONFLICT"",""message"":""Duplicate idempotency key \'u2304321322832-d6d43dd20f6f4f64\' used with conflicting reservation parameters.""}')",1
pessimistic_lock_spike_c100_rep2,pessimistic_lock,spike,100,/items/:id/reserve [POST],"CatchResponseError('Conflict error: {""error_code"":""IDEMPOTENCY_CONFLICT"",""message"":""Duplicate idempotency key \'u2304321319760-f4e97fc7b728443c\' used with conflicting reservation parameters.""}')",1
pessimistic_lock_spike_c100_rep2,pessimistic_lock,spike,100,/items/:id/reserve [POST],"CatchResponseError('Conflict error: {""error_code"":""IDEMPOTENCY_CONFLICT"",""message"":""Duplicate idempotency key \'u2304321322832-0661b360a0494171\' used with conflicting reservation parameters.""}')",1
pessimistic_lock_spike_c100_rep2,pessimistic_lock,spike,100,/items/:id/reserve [POST],"CatchResponseError('Conflict error: {""error_code"":""IDEMPOTENCY_CONFLICT"",""message"":""Duplicate idempotency key \'u2304315634896-c54c50fbb0c4426a\' used with conflicting reservation parameters.""}')",1
pessimistic_lock_spike_c100_rep2,pessimistic_lock,spike,100,/items/:id/reserve [POST],"CatchResponseError('Conflict error: {""error_code"":""IDEMPOTENCY_CONFLICT"",""message"":""Duplicate idempotency key \'u2304321310736-3fc2ca467709498b\' used with conflicting reservation parameters.""}')",1
pessimistic_lock_spike_c100_rep2,pessimistic_lock,spike,100,/items/:id/reserve [POST],"CatchResponseError('Conflict error: {""error_code"":""IDEMPOTENCY_CONFLICT"",""message"":""Duplicate idempotency key \'u2304321514640-5457413229f94c07\' used with conflicting reservation parameters.""}')",1
pessimistic_lock_spike_c100_rep2,pessimistic_lock,spike,100,/items/:id/reserve [POST],"CatchResponseError('Conflict error: {""error_code"":""IDEMPOTENCY_CONFLICT"",""message"":""Duplicate idempotency key \'u2304315635664-4d1a5434772b4c88\' used with conflicting reservation parameters.""}')",1
pessimistic_lock_spike_c100_rep2,pessimistic_lock,spike,100,/items/:id/reserve [POST],"CatchResponseError('Conflict error: {""error_code"":""IDEMPOTENCY_CONFLICT"",""message"":""Duplicate idempotency key \'u2304321517520-fd33706525634184\' used with conflicting reservation parameters.""}')",1
pessimistic_lock_spike_c100_rep2,pessimistic_lock,spike,100,/items/:id/reserve [POST],"CatchResponseError('Conflict error: {""error_code"":""IDEMPOTENCY_CONFLICT"",""message"":""Duplicate idempotency key \'u2304321317072-e3560918f38d4cd0\' used with conflicting reservation parameters.""}')",1
pessimistic_lock_spike_c100_rep2,pessimistic_lock,spike,100,/items/:id/reserve [POST],"CatchResponseError('Conflict error: {""error_code"":""IDEMPOTENCY_CONFLICT"",""message"":""Duplicate idempotency key \'u2304315080784-55a8e48ef6864468\' used with conflicting reservation parameters.""}')",1
pessimistic_lock_spike_c100_rep2,pessimistic_lock,spike,100,/items/:id/reserve [POST],"CatchResponseError('Conflict error: {""error_code"":""IDEMPOTENCY_CONFLICT"",""message"":""Duplicate idempotency key \'u2304321307280-855a58404290474d\' used with conflicting reservation parameters.""}')",1
pessimistic_lock_spike_c100_rep2,pessimistic_lock,spike,100,/items/:id/reserve [POST],"CatchResponseError('Conflict error: {""error_code"":""IDEMPOTENCY_CONFLICT"",""message"":""Duplicate idempotency key \'u2304315651216-bf54c2270f264b21\' used with conflicting reservation parameters.""}')",1
pessimistic_lock_spike_c100_rep2,pessimistic_lock,spike,100,/items/:id/reserve [POST],"CatchResponseError('Conflict error: {""error_code"":""IDEMPOTENCY_CONFLICT"",""message"":""Duplicate idempotency key \'u2304316211856-c7f6ea79957a4f64\' used with conflicting reservation parameters.""}')",1
pessimistic_lock_spike_c100_rep2,pessimistic_lock,spike,100,/items/:id/reserve [POST],"CatchResponseError('Conflict error: {""error_code"":""IDEMPOTENCY_CONFLICT"",""message"":""Duplicate idempotency key \'u2304315632208-ef7bd53a9f2a46e0\' used with conflicting reservation parameters.""}')",1
pessimistic_lock_spike_c100_rep2,pessimistic_lock,spike,100,/items/:id/reserve [POST],"CatchResponseError('Conflict error: {""error_code"":""IDEMPOTENCY_CONFLICT"",""message"":""Duplicate idempotency key \'u2304321504272-0fcb3cd4d0864810\' used with conflicting reservation parameters.""}')",1
pessimistic_lock_spike_c100_rep2,pessimistic_lock,spike,100,/items/:id/reserve [POST],"CatchResponseError('Conflict error: {""error_code"":""IDEMPOTENCY_CONFLICT"",""message"":""Duplicate idempotency key \'u2304321519248-06d7ec458a454db9\' used with conflicting reservation parameters.""}')",1
pessimistic_lock_spike_c100_rep2,pessimistic_lock,spike,100,/items/:id/reserve [POST],"CatchResponseError('Conflict error: {""error_code"":""IDEMPOTENCY_CONFLICT"",""message"":""Duplicate idempotency key \'u2304315363392-89f91594cd36446a\' used with conflicting reservation parameters.""}')",1
pessimistic_lock_spike_c100_rep2,pessimistic_lock,spike,100,/items/:id/reserve [POST],"CatchResponseError('Conflict error: {""error_code"":""IDEMPOTENCY_CONFLICT"",""message"":""Duplicate idempotency key \'u2304315363392-5565798d038842cd\' used with conflicting reservation parameters.""}')",1
pessimistic_lock_spike_c100_rep2,pessimistic_lock,spike,100,/items/:id/reserve [POST],"CatchResponseError('Conflict error: {""error_code"":""IDEMPOTENCY_CONFLICT"",""message"":""Duplicate idempotency key \'u2304315632976-00e81cf2cd6948af\' used with conflicting reservation parameters.""}')",1
pessimistic_lock_spike_c100_rep2,pessimistic_lock,spike,100,/items/:id/reserve [POST],"CatchResponseError('Conflict error: {""error_code"":""IDEMPOTENCY_CONFLICT"",""message"":""Duplicate idempotency key \'u2304321506000-611a478caebe442e\' used with conflicting reservation parameters.""}')",1
pessimistic_lock_spike_c20_rep1,pessimistic_lock,spike,20,/items/:id/reserve [POST],"CatchResponseError('Conflict error: {""error_code"":""IDEMPOTENCY_CONFLICT"",""message"":""Duplicate idempotency key \'u1881616570064-d95a1980227246c8\' used with conflicting reservation parameters.""}')",1
pessimistic_lock_spike_c20_rep1,pessimistic_lock,spike,20,/items/:id/reserve [POST],"CatchResponseError('Conflict error: {""error_code"":""IDEMPOTENCY_CONFLICT"",""message"":""Duplicate idempotency key \'u1881616318544-8e111c2ae9bb4754\' used with conflicting reservation parameters.""}')",1
pessimistic_lock_spike_c20_rep1,pessimistic_lock,spike,20,/items/:id/reserve [POST],"CatchResponseError('Conflict error: {""error_code"":""IDEMPOTENCY_CONFLICT"",""message"":""Duplicate idempotency key \'u1881616905360-fa6bcf85d14a4745\' used with conflicting reservation parameters.""}')",1
pessimistic_lock_spike_c20_rep1,pessimistic_lock,spike,20,/items/:id/reserve [POST],"CatchResponseError('Conflict error: {""error_code"":""IDEMPOTENCY_CONFLICT"",""message"":""Duplicate idempotency key \'u1881617891984-32511817a2324144\' used with conflicting reservation parameters.""}')",1
pessimistic_lock_spike_c20_rep1,pessimistic_lock,spike,20,/items/:id/reserve [POST],"CatchResponseError('Conflict error: {""error_code"":""IDEMPOTENCY_CONFLICT"",""message"":""Duplicate idempotency key \'u1881616273424-8e9e7cc1e40140f5\' used with conflicting reservation parameters.""}')",1
pessimistic_lock_spike_c20_rep1,pessimistic_lock,spike,20,/items/:id/reserve [POST],"CatchResponseError('Conflict error: {""error_code"":""IDEMPOTENCY_CONFLICT"",""message"":""Duplicate idempotency key \'u1881617894864-b4ae0fdd0e614dbe\' used with conflicting reservation parameters.""}')",1
pessimistic_lock_spike_c20_rep1,pessimistic_lock,spike,20,/items/:id/reserve [POST],"CatchResponseError('Conflict error: {""error_code"":""IDEMPOTENCY_CONFLICT"",""message"":""Duplicate idempotency key \'u1881616271408-a789cd003856488d\' used with conflicting reservation parameters.""}')",1
pessimistic_lock_spike_c20_rep1,pessimistic_lock,spike,20,/items/:id/reserve [POST],"CatchResponseError('Conflict error: {""error_code"":""IDEMPOTENCY_CONFLICT"",""message"":""Duplicate idempotency key \'u1881616517840-9aca681018bd425c\' used with conflicting reservation parameters.""}')",1
pessimistic_lock_spike_c20_rep1,pessimistic_lock,spike,20,/items/:id/reserve [POST],"CatchResponseError('Conflict error: {""error_code"":""IDEMPOTENCY_CONFLICT"",""message"":""Duplicate idempotency key \'u1881616907488-8de0da793b8d43b3\' used with conflicting reservation parameters.""}')",1
pessimistic_lock_spike_c20_rep1,pessimistic_lock,spike,20,/items/:id/reserve [POST],"CatchResponseError('Conflict error: {""error_code"":""IDEMPOTENCY_CONFLICT"",""message"":""Duplicate idempotency key \'u1881616905360-baa3f7aaef754483\' used with conflicting reservation parameters.""}')",1
pessimistic_lock_spike_c20_rep1,pessimistic_lock,spike,20,/items/:id/reserve [POST],"CatchResponseError('Conflict error: {""error_code"":""IDEMPOTENCY_CONFLICT"",""message"":""Duplicate idempotency key \'u1881617828784-27c12b5025bb440c\' used with conflicting reservation parameters.""}')",1
pessimistic_lock_spike_c20_rep1,pessimistic_lock,spike,20,/items/:id/reserve [POST],"CatchResponseError('Conflict error: {""error_code"":""IDEMPOTENCY_CONFLICT"",""message"":""Duplicate idempotency key \'u1881617891984-99790a5caa5146bf\' used with conflicting reservation parameters.""}')",1
pessimistic_lock_spike_c20_rep1,pessimistic_lock,spike,20,/items/:id/reserve [POST],"CatchResponseError('Conflict error: {""error_code"":""IDEMPOTENCY_CONFLICT"",""message"":""Duplicate idempotency key \'u1881616905360-817e99222f5a4999\' used with conflicting reservation parameters.""}')",1
pessimistic_lock_spike_c20_rep1,pessimistic_lock,spike,20,/items/:id/reserve [POST],"CatchResponseError('Conflict error: {""error_code"":""IDEMPOTENCY_CONFLICT"",""message"":""Duplicate idempotency key \'u1881616571024-c855782c2bf14a70\' used with conflicting reservation parameters.""}')",1
pessimistic_lock_spike_c20_rep1,pessimistic_lock,spike,20,/items/:id/reserve [POST],"CatchResponseError('Conflict error: {""error_code"":""IDEMPOTENCY_CONFLICT"",""message"":""Duplicate idempotency key \'u1881616273424-131cac51a6784394\' used with conflicting reservation parameters.""}')",1
pessimistic_lock_spike_c20_rep1,pessimistic_lock,spike,20,/items/:id/reserve [POST],"CatchResponseError('Conflict error: {""error_code"":""IDEMPOTENCY_CONFLICT"",""message"":""Duplicate idempotency key \'u1881617894864-7742f5ab7c324e1d\' used with conflicting reservation parameters.""}')",1
pessimistic_lock_spike_c20_rep1,pessimistic_lock,spike,20,/items/:id/reserve [POST],"CatchResponseError('Conflict error: {""error_code"":""IDEMPOTENCY_CONFLICT"",""message"":""Duplicate idempotency key \'u1881616905360-3b7d9db08da14266\' used with conflicting reservation parameters.""}')",1
pessimistic_lock_spike_c20_rep1,pessimistic_lock,spike,20,/items/:id/reserve [POST],"CatchResponseError('Conflict error: {""error_code"":""IDEMPOTENCY_CONFLICT"",""message"":""Duplicate idempotency key \'u1881616907488-198c9d064bc74ace\' used with conflicting reservation parameters.""}')",1
pessimistic_lock_spike_c20_rep1,pessimistic_lock,spike,20,/items/:id/reserve [POST],"CatchResponseError('Conflict error: {""error_code"":""IDEMPOTENCY_CONFLICT"",""message"":""Duplicate idempotency key \'u1881616633920-9c329d0ac0c24f6b\' used with conflicting reservation parameters.""}')",1
pessimistic_lock_spike_c20_rep1,pessimistic_lock,spike,20,/items/:id/reserve [POST],"CatchResponseError('Conflict error: {""error_code"":""IDEMPOTENCY_CONFLICT"",""message"":""Duplicate idempotency key \'u1881616271408-8cfd80330b574147\' used with conflicting reservation parameters.""}')",1
pessimistic_lock_spike_c20_rep1,pessimistic_lock,spike,20,/items/:id/reserve [POST],"CatchResponseError('Conflict error: {""error_code"":""IDEMPOTENCY_CONFLICT"",""message"":""Duplicate idempotency key \'u1881616318544-1957971c33ed4006\' used with conflicting reservation parameters.""}')",1
pessimistic_lock_spike_c20_rep1,pessimistic_lock,spike,20,/items/:id/reserve [POST],"CatchResponseError('Conflict error: {""error_code"":""IDEMPOTENCY_CONFLICT"",""message"":""Duplicate idempotency key \'u1881617893328-e2142e0c5dde440d\' used with conflicting reservation parameters.""}')",1
pessimistic_lock_spike_c20_rep1,pessimistic_lock,spike,20,/items/:id/reserve [POST],"CatchResponseError('Conflict error: {""error_code"":""IDEMPOTENCY_CONFLICT"",""message"":""Duplicate idempotency key \'u1881616905360-79f0e967c9d64f1c\' used with conflicting reservation parameters.""}')",1
pessimistic_lock_spike_c20_rep1,pessimistic_lock,spike,20,/items/:id/reserve [POST],"CatchResponseError('Conflict error: {""error_code"":""IDEMPOTENCY_CONFLICT"",""message"":""Duplicate idempotency key \'u1881617898704-bf09bb3e1b43434f\' used with conflicting reservation parameters.""}')",1
pessimistic_lock_spike_c20_rep1,pessimistic_lock,spike,20,/items/:id/reserve [POST],"CatchResponseError('Conflict error: {""error_code"":""IDEMPOTENCY_CONFLICT"",""message"":""Duplicate idempotency key \'u1881616318544-c3564175b02e484c\' used with conflicting reservation parameters.""}')",1
pessimistic_lock_spike_c20_rep1,pessimistic_lock,spike,20,/items/:id/reserve [POST],"CatchResponseError('Conflict error: {""error_code"":""IDEMPOTENCY_CONFLICT"",""message"":""Duplicate idempotency key \'u1881617828784-386daf392ec943e3\' used with conflicting reservation parameters.""}')",1
pessimistic_lock_spike_c20_rep1,pessimistic_lock,spike,20,/items/:id/reserve [POST],"CatchResponseError('Conflict error: {""error_code"":""IDEMPOTENCY_CONFLICT"",""message"":""Duplicate idempotency key \'u1881616517840-0044874e00fc4b38\' used with conflicting reservation parameters.""}')",1
pessimistic_lock_spike_c20_rep1,pessimistic_lock,spike,20,/items/:id/reserve [POST],"CatchResponseError('Conflict error: {""error_code"":""IDEMPOTENCY_CONFLICT"",""message"":""Duplicate idempotency key \'u1881617828784-5e593151ea1d4694\' used with conflicting reservation parameters.""}')",1
pessimistic_lock_spike_c20_rep1,pessimistic_lock,spike,20,/items/:id/reserve [POST],"CatchResponseError('Conflict error: {""error_code"":""IDEMPOTENCY_CONFLICT"",""message"":""Duplicate idempotency key \'u1881616636096-ec21d50862434219\' used with conflicting reservation parameters.""}')",1
pessimistic_lock_spike_c20_rep1,pessimistic_lock,spike,20,/items/:id/reserve [POST],"CatchResponseError('Conflict error: {""error_code"":""IDEMPOTENCY_CONFLICT"",""message"":""Duplicate idempotency key \'u1881617898704-d678060b63f64a41\' used with conflicting reservation parameters.""}')",1
pessimistic_lock_spike_c20_rep1,pessimistic_lock,spike,20,/items/:id/reserve [POST],"CatchResponseError('Conflict error: {""error_code"":""IDEMPOTENCY_CONFLICT"",""message"":""Duplicate idempotency key \'u1881616562768-6b9d0f07bff4406e\' used with conflicting reservation parameters.""}')",1
pessimistic_lock_spike_c20_rep1,pessimistic_lock,spike,20,/items/:id/reserve [POST],"CatchResponseError('Conflict error: {""error_code"":""IDEMPOTENCY_CONFLICT"",""message"":""Duplicate idempotency key \'u1881616636096-34b140e7e96a4868\' used with conflicting reservation parameters.""}')",1
pessimistic_lock_spike_c20_rep1,pessimistic_lock,spike,20,/items/:id/reserve [POST],"CatchResponseError('Conflict error: {""error_code"":""IDEMPOTENCY_CONFLICT"",""message"":""Duplicate idempotency key \'u1881617828784-b2ab7de978e84880\' used with conflicting reservation parameters.""}')",1
pessimistic_lock_spike_c20_rep1,pessimistic_lock,spike,20,/items/:id/reserve [POST],"CatchResponseError('Conflict error: {""error_code"":""IDEMPOTENCY_CONFLICT"",""message"":""Duplicate idempotency key \'u1881616570064-e602e50c5e214e5a\' used with conflicting reservation parameters.""}')",2
pessimistic_lock_spike_c20_rep1,pessimistic_lock,spike,20,/items/:id/reserve [POST],"CatchResponseError('Conflict error: {""error_code"":""IDEMPOTENCY_CONFLICT"",""message"":""Duplicate idempotency key \'u1881617898704-47cab57f69a44646\' used with conflicting reservation parameters.""}')",1
pessimistic_lock_spike_c20_rep1,pessimistic_lock,spike,20,/items/:id/reserve [POST],"CatchResponseError('Conflict error: {""error_code"":""IDEMPOTENCY_CONFLICT"",""message"":""Duplicate idempotency key \'u1881616562768-c392105ccc594eb3\' used with conflicting reservation parameters.""}')",1
pessimistic_lock_spike_c20_rep1,pessimistic_lock,spike,20,/items/:id/reserve [POST],"CatchResponseError('Conflict error: {""error_code"":""IDEMPOTENCY_CONFLICT"",""message"":""Duplicate idempotency key \'u1881617891792-262d394609c94620\' used with conflicting reservation parameters.""}')",1
pessimistic_lock_spike_c20_rep1,pessimistic_lock,spike,20,/items/:id/reserve [POST],"CatchResponseError('Conflict error: {""error_code"":""IDEMPOTENCY_CONFLICT"",""message"":""Duplicate idempotency key \'u1881616633920-f1d2be8b7867494c\' used with conflicting reservation parameters.""}')",1
pessimistic_lock_spike_c20_rep1,pessimistic_lock,spike,20,/items/:id/reserve [POST],"CatchResponseError('Conflict error: {""error_code"":""IDEMPOTENCY_CONFLICT"",""message"":""Duplicate idempotency key \'u1881617891984-d1ce0f25cf0e4062\' used with conflicting reservation parameters.""}')",1
pessimistic_lock_spike_c20_rep1,pessimistic_lock,spike,20,/items/:id/reserve [POST],"CatchResponseError('Conflict error: {""error_code"":""IDEMPOTENCY_CONFLICT"",""message"":""Duplicate idempotency key \'u1881616633920-8ef340f84b3f4803\' used with conflicting reservation parameters.""}')",1
pessimistic_lock_spike_c20_rep1,pessimistic_lock,spike,20,/items/:id/reserve [POST],"CatchResponseError('Conflict error: {""error_code"":""IDEMPOTENCY_CONFLICT"",""message"":""Duplicate idempotency key \'u1881616585872-8eb9d6e8c0a441c1\' used with conflicting reservation parameters.""}')",1
pessimistic_lock_spike_c20_rep1,pessimistic_lock,spike,20,/items/:id/reserve [POST],"CatchResponseError('Conflict error: {""error_code"":""IDEMPOTENCY_CONFLICT"",""message"":""Duplicate idempotency key \'u1881617894864-25c011871229475a\' used with conflicting reservation parameters.""}')",1
pessimistic_lock_spike_c20_rep1,pessimistic_lock,spike,20,/items/:id/reserve [POST],"CatchResponseError('Conflict error: {""error_code"":""IDEMPOTENCY_CONFLICT"",""message"":""Duplicate idempotency key \'u1881616633920-8f878f6ee2d14914\' used with conflicting reservation parameters.""}')",1
pessimistic_lock_spike_c20_rep1,pessimistic_lock,spike,20,/items/:id/reserve [POST],"CatchResponseError('Conflict error: {""error_code"":""IDEMPOTENCY_CONFLICT"",""message"":""Duplicate idempotency key \'u1881616905360-4c1334fb60f04259\' used with conflicting reservation parameters.""}')",1
pessimistic_lock_spike_c20_rep1,pessimistic_lock,spike,20,/items/:id/reserve [POST],"CatchResponseError('Conflict error: {""error_code"":""IDEMPOTENCY_CONFLICT"",""message"":""Duplicate idempotency key \'u1881616570064-06f6618e1301455f\' used with conflicting reservation parameters.""}')",1
pessimistic_lock_spike_c20_rep1,pessimistic_lock,spike,20,/items/:id/reserve [POST],"CatchResponseError('Conflict error: {""error_code"":""IDEMPOTENCY_CONFLICT"",""message"":""Duplicate idempotency key \'u1881616736304-8beddc8bfb62463f\' used with conflicting reservation parameters.""}')",1
pessimistic_lock_spike_c20_rep1,pessimistic_lock,spike,20,/items/:id/reserve [POST],"CatchResponseError('Conflict error: {""error_code"":""IDEMPOTENCY_CONFLICT"",""message"":""Duplicate idempotency key \'u1881616562768-c84eb460f52045d5\' used with conflicting reservation parameters.""}')",1
pessimistic_lock_spike_c20_rep2,pessimistic_lock,spike,20,/items/:id/reserve [POST],"CatchResponseError('Conflict error: {""error_code"":""IDEMPOTENCY_CONFLICT"",""message"":""Duplicate idempotency key \'u2068611159952-0137e073d6644659\' used with conflicting reservation parameters.""}')",1
pessimistic_lock_spike_c20_rep2,pessimistic_lock,spike,20,/items/:id/reserve [POST],"CatchResponseError('Conflict error: {""error_code"":""IDEMPOTENCY_CONFLICT"",""message"":""Duplicate idempotency key \'u2068609830976-7e6ae4d26c634335\' used with conflicting reservation parameters.""}')",1
pessimistic_lock_spike_c20_rep2,pessimistic_lock,spike,20,/items/:id/reserve [POST],"CatchResponseError('Conflict error: {""error_code"":""IDEMPOTENCY_CONFLICT"",""message"":""Duplicate idempotency key \'u2068611161488-0daef2b76a2a425a\' used with conflicting reservation parameters.""}')",1
pessimistic_lock_spike_c20_rep2,pessimistic_lock,spike,20,/items/:id/reserve [POST],"CatchResponseError('Conflict error: {""error_code"":""IDEMPOTENCY_CONFLICT"",""message"":""Duplicate idempotency key \'u2068609782928-b01aa41a6ce84b42\' used with conflicting reservation parameters.""}')",1
pessimistic_lock_spike_c20_rep2,pessimistic_lock,spike,20,/items/:id/reserve [POST],"CatchResponseError('Conflict error: {""error_code"":""IDEMPOTENCY_CONFLICT"",""message"":""Duplicate idempotency key \'u2068609548368-47db3fa8375449ef\' used with conflicting reservation parameters.""}')",1
pessimistic_lock_spike_c20_rep2,pessimistic_lock,spike,20,/items/:id/reserve [POST],"CatchResponseError('Conflict error: {""error_code"":""IDEMPOTENCY_CONFLICT"",""message"":""Duplicate idempotency key \'u2068611157456-846cde17cb154f79\' used with conflicting reservation parameters.""}')",1
pessimistic_lock_spike_c20_rep2,pessimistic_lock,spike,20,/items/:id/reserve [POST],"CatchResponseError('Conflict error: {""error_code"":""IDEMPOTENCY_CONFLICT"",""message"":""Duplicate idempotency key \'u2068610120928-f60eab8d06464b7b\' used with conflicting reservation parameters.""}')",1
pessimistic_lock_spike_c20_rep2,pessimistic_lock,spike,20,/items/:id/reserve [POST],"CatchResponseError('Conflict error: {""error_code"":""IDEMPOTENCY_CONFLICT"",""message"":""Duplicate idempotency key \'u2068610118800-b2a5c6996b504e28\' used with conflicting reservation parameters.""}')",1
pessimistic_lock_spike_c20_rep2,pessimistic_lock,spike,20,/items/:id/reserve [POST],"CatchResponseError('Conflict error: {""error_code"":""IDEMPOTENCY_CONFLICT"",""message"":""Duplicate idempotency key \'u2068610987712-1a7138f581c14294\' used with conflicting reservation parameters.""}')",1
pessimistic_lock_spike_c20_rep2,pessimistic_lock,spike,20,/items/:id/reserve [POST],"CatchResponseError('Conflict error: {""error_code"":""IDEMPOTENCY_CONFLICT"",""message"":""Duplicate idempotency key \'u2068609548368-97b054fd21a744fd\' used with conflicting reservation parameters.""}')",1
pessimistic_lock_spike_c20_rep2,pessimistic_lock,spike,20,/items/:id/reserve [POST],"CatchResponseError('Conflict error: {""error_code"":""IDEMPOTENCY_CONFLICT"",""message"":""Duplicate idempotency key \'u2068609759824-4a02bccc59a34f4d\' used with conflicting reservation parameters.""}')",1
pessimistic_lock_spike_c20_rep2,pessimistic_lock,spike,20,/items/:id/reserve [POST],"CatchResponseError('Conflict error: {""error_code"":""IDEMPOTENCY_CONFLICT"",""message"":""Duplicate idempotency key \'u2068609782928-c9ea5c0971704dd5\' used with conflicting reservation parameters.""}')",1
pessimistic_lock_spike_c20_rep2,pessimistic_lock,spike,20,/items/:id/reserve [POST],"CatchResponseError('Conflict error: {""error_code"":""IDEMPOTENCY_CONFLICT"",""message"":""Duplicate idempotency key \'u2068611164176-fb3173f2de794a49\' used with conflicting reservation parameters.""}')",1
pessimistic_lock_spike_c20_rep2,pessimistic_lock,spike,20,/items/:id/reserve [POST],"CatchResponseError('Conflict error: {""error_code"":""IDEMPOTENCY_CONFLICT"",""message"":""Duplicate idempotency key \'u2068610120928-2697b2b1dd1a48e2\' used with conflicting reservation parameters.""}')",1
pessimistic_lock_spike_c20_rep2,pessimistic_lock,spike,20,/items/:id/reserve [POST],"CatchResponseError('Conflict error: {""error_code"":""IDEMPOTENCY_CONFLICT"",""message"":""Duplicate idempotency key \'u2068610120928-996a36d21e2844b9\' used with conflicting reservation parameters.""}')",1
pessimistic_lock_spike_c20_rep2,pessimistic_lock,spike,20,/items/:id/reserve [POST],"CatchResponseError('Conflict error: {""error_code"":""IDEMPOTENCY_CONFLICT"",""message"":""Duplicate idempotency key \'u2068611000960-8a8c6a37dae84904\' used with conflicting reservation parameters.""}')",1
pessimistic_lock_spike_c20_rep2,pessimistic_lock,spike,20,/items/:id/reserve [POST],"CatchResponseError('Conflict error: {""error_code"":""IDEMPOTENCY_CONFLICT"",""message"":""Duplicate idempotency key \'u2068609949744-8539422233e14d31\' used with conflicting reservation parameters.""}')",1
pessimistic_lock_spike_c20_rep2,pessimistic_lock,spike,20,/items/:id/reserve [POST],"CatchResponseError('Conflict error: {""error_code"":""IDEMPOTENCY_CONFLICT"",""message"":""Duplicate idempotency key \'u2068611164176-8ba298f63e66412a\' used with conflicting reservation parameters.""}')",1
pessimistic_lock_spike_c20_rep2,pessimistic_lock,spike,20,/items/:id/reserve [POST],"CatchResponseError('Conflict error: {""error_code"":""IDEMPOTENCY_CONFLICT"",""message"":""Duplicate idempotency key \'u2068609833152-a5e68c683fd4489e\' used with conflicting reservation parameters.""}')",1
pessimistic_lock_spike_c20_rep2,pessimistic_lock,spike,20,/items/:id/reserve [POST],"CatchResponseError('Conflict error: {""error_code"":""IDEMPOTENCY_CONFLICT"",""message"":""Duplicate idempotency key \'u2068611164176-ac743cff17ea4fe1\' used with conflicting reservation parameters.""}')",1
pessimistic_lock_spike_c20_rep2,pessimistic_lock,spike,20,/items/:id/reserve [POST],"CatchResponseError('Conflict error: {""error_code"":""IDEMPOTENCY_CONFLICT"",""message"":""Duplicate idempotency key \'u2068609467792-58f438d3221c494d\' used with conflicting reservation parameters.""}')",1
pessimistic_lock_spike_c20_rep2,pessimistic_lock,spike,20,/items/:id/reserve [POST],"CatchResponseError('Conflict error: {""error_code"":""IDEMPOTENCY_CONFLICT"",""message"":""Duplicate idempotency key \'u2068609767120-941d33de55ba425c\' used with conflicting reservation parameters.""}')",1
pessimistic_lock_spike_c20_rep2,pessimistic_lock,spike,20,/items/:id/reserve [POST],"CatchResponseError('Conflict error: {""error_code"":""IDEMPOTENCY_CONFLICT"",""message"":""Duplicate idempotency key \'u2068610120928-6d970e6c1b2746b8\' used with conflicting reservation parameters.""}')",1
pessimistic_lock_spike_c20_rep2,pessimistic_lock,spike,20,/items/:id/reserve [POST],"CatchResponseError('Conflict error: {""error_code"":""IDEMPOTENCY_CONFLICT"",""message"":""Duplicate idempotency key \'u2068611163600-748aa7b6ec6c483b\' used with conflicting reservation parameters.""}')",1
pessimistic_lock_spike_c20_rep2,pessimistic_lock,spike,20,/items/:id/reserve [POST],"CatchResponseError('Conflict error: {""error_code"":""IDEMPOTENCY_CONFLICT"",""message"":""Duplicate idempotency key \'u2068610120928-f85ea03feccd44f8\' used with conflicting reservation parameters.""}')",1
pessimistic_lock_spike_c20_rep2,pessimistic_lock,spike,20,/items/:id/reserve [POST],"CatchResponseError('Conflict error: {""error_code"":""IDEMPOTENCY_CONFLICT"",""message"":""Duplicate idempotency key \'u2068609833152-9d7f7001822a4585\' used with conflicting reservation parameters.""}')",1
pessimistic_lock_spike_c20_rep2,pessimistic_lock,spike,20,/items/:id/reserve [POST],"CatchResponseError('Conflict error: {""error_code"":""IDEMPOTENCY_CONFLICT"",""message"":""Duplicate idempotency key \'u2068610118800-8e8fc5b2173544d7\' used with conflicting reservation parameters.""}')",1
pessimistic_lock_spike_c20_rep2,pessimistic_lock,spike,20,/items/:id/reserve [POST],"CatchResponseError('Conflict error: {""error_code"":""IDEMPOTENCY_CONFLICT"",""message"":""Duplicate idempotency key \'u2068609548368-f1e27ec0a77a4771\' used with conflicting reservation parameters.""}')",1
pessimistic_lock_spike_c20_rep2,pessimistic_lock,spike,20,/items/:id/reserve [POST],"CatchResponseError('Conflict error: {""error_code"":""IDEMPOTENCY_CONFLICT"",""message"":""Duplicate idempotency key \'u2068609949744-127976fadccb4a2e\' used with conflicting reservation parameters.""}')",1
pessimistic_lock_spike_c20_rep2,pessimistic_lock,spike,20,/items/:id/reserve [POST],"CatchResponseError('Conflict error: {""error_code"":""IDEMPOTENCY_CONFLICT"",""message"":""Duplicate idempotency key \'u2068609830976-3733e955b7874959\' used with conflicting reservation parameters.""}')",1
pessimistic_lock_spike_c20_rep2,pessimistic_lock,spike,20,/items/:id/reserve [POST],"CatchResponseError('Conflict error: {""error_code"":""IDEMPOTENCY_CONFLICT"",""message"":""Duplicate idempotency key \'u2068609830976-0adf3a63386645d9\' used with conflicting reservation parameters.""}')",1
pessimistic_lock_spike_c20_rep2,pessimistic_lock,spike,20,/items/:id/reserve [POST],"CatchResponseError('Conflict error: {""error_code"":""IDEMPOTENCY_CONFLICT"",""message"":""Duplicate idempotency key \'u2068611161488-e5a98b7556f54f0a\' used with conflicting reservation parameters.""}')",1
pessimistic_lock_spike_c20_rep2,pessimistic_lock,spike,20,/items/:id/reserve [POST],"CatchResponseError('Conflict error: {""error_code"":""IDEMPOTENCY_CONFLICT"",""message"":""Duplicate idempotency key \'u2068610120928-6ba9d6c1396446c5\' used with conflicting reservation parameters.""}')",1
pessimistic_lock_spike_c20_rep2,pessimistic_lock,spike,20,/items/:id/reserve [POST],"CatchResponseError('Conflict error: {""error_code"":""IDEMPOTENCY_CONFLICT"",""message"":""Duplicate idempotency key \'u2068609239760-fc99d2c423504667\' used with conflicting reservation parameters.""}')",1
pessimistic_lock_spike_c20_rep2,pessimistic_lock,spike,20,/items/:id/reserve [POST],"CatchResponseError('Conflict error: {""error_code"":""IDEMPOTENCY_CONFLICT"",""message"":""Duplicate idempotency key \'u2068611159952-6788ccd5359541e2\' used with conflicting reservation parameters.""}')",1
pessimistic_lock_spike_c20_rep2,pessimistic_lock,spike,20,/items/:id/reserve [POST],"CatchResponseError('Conflict error: {""error_code"":""IDEMPOTENCY_CONFLICT"",""message"":""Duplicate idempotency key \'u2068611161488-fe8034a3bdc84da1\' used with conflicting reservation parameters.""}')",1
pessimistic_lock_spike_c20_rep2,pessimistic_lock,spike,20,/items/:id/reserve [POST],"CatchResponseError('Conflict error: {""error_code"":""IDEMPOTENCY_CONFLICT"",""message"":""Duplicate idempotency key \'u2068611157456-3e5641574353425d\' used with conflicting reservation parameters.""}')",1
pessimistic_lock_spike_c20_rep2,pessimistic_lock,spike,20,/items/:id/reserve [POST],"CatchResponseError('Conflict error: {""error_code"":""IDEMPOTENCY_CONFLICT"",""message"":""Duplicate idempotency key \'u2068610120928-e435b021c2234d71\' used with conflicting reservation parameters.""}')",1
pessimistic_lock_spike_c20_rep2,pessimistic_lock,spike,20,/items/:id/reserve [POST],"CatchResponseError('Conflict error: {""error_code"":""IDEMPOTENCY_CONFLICT"",""message"":""Duplicate idempotency key \'u2068609767120-68d6b82b742549a5\' used with conflicting reservation parameters.""}')",1
pessimistic_lock_spike_c20_rep2,pessimistic_lock,spike,20,/items/:id/reserve [POST],"CatchResponseError('Conflict error: {""error_code"":""IDEMPOTENCY_CONFLICT"",""message"":""Duplicate idempotency key \'u2068610987712-cd953a1824234e6e\' used with conflicting reservation parameters.""}')",1
pessimistic_lock_spike_c20_rep2,pessimistic_lock,spike,20,/items/:id/reserve [POST],"CatchResponseError('Conflict error: {""error_code"":""IDEMPOTENCY_CONFLICT"",""message"":""Duplicate idempotency key \'u2068609239760-2f7a7c376e5d48e5\' used with conflicting reservation parameters.""}')",1
pessimistic_lock_spike_c20_rep2,pessimistic_lock,spike,20,/items/:id/reserve [POST],"CatchResponseError('Conflict error: {""error_code"":""IDEMPOTENCY_CONFLICT"",""message"":""Duplicate idempotency key \'u2068611000960-dd61a06d67a640a8\' used with conflicting reservation parameters.""}')",1
pessimistic_lock_spike_c20_rep2,pessimistic_lock,spike,20,/items/:id/reserve [POST],"CatchResponseError('Conflict error: {""error_code"":""IDEMPOTENCY_CONFLICT"",""message"":""Duplicate idempotency key \'u2068609239760-7918c18ec7ce4bb7\' used with conflicting reservation parameters.""}')",1
pessimistic_lock_spike_c50_rep1,pessimistic_lock,spike,50,/items/:id/reserve [POST],"CatchResponseError('Conflict error: {""error_code"":""IDEMPOTENCY_CONFLICT"",""message"":""Duplicate idempotency key \'u2855013535808-04f0199c3ebf43b5\' used with conflicting reservation parameters.""}')",2
pessimistic_lock_spike_c50_rep1,pessimistic_lock,spike,50,/items/:id/reserve [POST],"CatchResponseError('Conflict error: {""error_code"":""IDEMPOTENCY_CONFLICT"",""message"":""Duplicate idempotency key \'u2855014728528-182cce2d85924ca5\' used with conflicting reservation parameters.""}')",1
pessimistic_lock_spike_c50_rep1,pessimistic_lock,spike,50,/items/:id/reserve [POST],"CatchResponseError('Conflict error: {""error_code"":""IDEMPOTENCY_CONFLICT"",""message"":""Duplicate idempotency key \'u2855014736208-acbee87d37fb45d1\' used with conflicting reservation parameters.""}')",1
pessimistic_lock_spike_c50_rep1,pessimistic_lock,spike,50,/items/:id/reserve [POST],"CatchResponseError('Conflict error: {""error_code"":""IDEMPOTENCY_CONFLICT"",""message"":""Duplicate idempotency key \'u2855014729296-06399c4e563440cc\' used with conflicting reservation parameters.""}')",1
pessimistic_lock_spike_c50_rep1,pessimistic_lock,spike,50,/items/:id/reserve [POST],"CatchResponseError('Conflict error: {""error_code"":""IDEMPOTENCY_CONFLICT"",""message"":""Duplicate idempotency key \'u2855014727952-e21e64326e4148f0\' used with conflicting reservation parameters.""}')",1
pessimistic_lock_spike_c50_rep1,pessimistic_lock,spike,50,/items/:id/reserve [POST],"CatchResponseError('Conflict error: {""error_code"":""IDEMPOTENCY_CONFLICT"",""message"":""Duplicate idempotency key \'u2855014731600-a76a8061e1344f22\' used with conflicting reservation parameters.""}')",1
pessimistic_lock_spike_c50_rep1,pessimistic_lock,spike,50,/items/:id/reserve [POST],"CatchResponseError('Conflict error: {""error_code"":""IDEMPOTENCY_CONFLICT"",""message"":""Duplicate idempotency key \'u2855012955792-04c120bd2dfa4767\' used with conflicting reservation parameters.""}')",1
pessimistic_lock_spike_c50_rep1,pessimistic_lock,spike,50,/items/:id/reserve [POST],"CatchResponseError('Conflict error: {""error_code"":""IDEMPOTENCY_CONFLICT"",""message"":""Duplicate idempotency key \'u2855013784976-70824a900c224234\' used with conflicting reservation parameters.""}')",1
pessimistic_lock_spike_c50_rep1,pessimistic_lock,spike,50,/items/:id/reserve [POST],"CatchResponseError('Conflict error: {""error_code"":""IDEMPOTENCY_CONFLICT"",""message"":""Duplicate idempotency key \'u2855013783632-2c9fb573e4124332\' used with conflicting reservation parameters.""}')",1
pessimistic_lock_spike_c50_rep1,pessimistic_lock,spike,50,/items/:id/reserve [POST],"CatchResponseError('Conflict error: {""error_code"":""IDEMPOTENCY_CONFLICT"",""message"":""Duplicate idempotency key \'u2855013537984-9b3ab3538df24c71\' used with conflicting reservation parameters.""}')",1
pessimistic_lock_spike_c50_rep1,pessimistic_lock,spike,50,/items/:id/reserve [POST],"CatchResponseError('Conflict error: {""error_code"":""IDEMPOTENCY_CONFLICT"",""message"":""Duplicate idempotency key \'u2855015249872-cb547d3df6b0440c\' used with conflicting reservation parameters.""}')",1
pessimistic_lock_spike_c50_rep1,pessimistic_lock,spike,50,/items/:id/reserve [POST],"CatchResponseError('Conflict error: {""error_code"":""IDEMPOTENCY_CONFLICT"",""message"":""Duplicate idempotency key \'u2855014740240-78023b676530420d\' used with conflicting reservation parameters.""}')",1
pessimistic_lock_spike_c50_rep1,pessimistic_lock,spike,50,/items/:id/reserve [POST],"CatchResponseError('Conflict error: {""error_code"":""IDEMPOTENCY_CONFLICT"",""message"":""Duplicate idempotency key \'u2855013786896-77faf67a9e84486c\' used with conflicting reservation parameters.""}')",1
pessimistic_lock_spike_c50_rep1,pessimistic_lock,spike,50,/items/:id/reserve [POST],"CatchResponseError('Conflict error: {""error_code"":""IDEMPOTENCY_CONFLICT"",""message"":""Duplicate idempotency key \'u2855014737360-7ef43fa9493d4e28\' used with conflicting reservation parameters.""}')",1
pessimistic_lock_spike_c50_rep1,pessimistic_lock,spike,50,/items/:id/reserve [POST],"CatchResponseError('Conflict error: {""error_code"":""IDEMPOTENCY_CONFLICT"",""message"":""Duplicate idempotency key \'u2855015239504-af3c2fcfb16a4f45\' used with conflicting reservation parameters.""}')",1
pessimistic_lock_spike_c50_rep1,pessimistic_lock,spike,50,/items/:id/reserve [POST],"CatchResponseError('Conflict error: {""error_code"":""IDEMPOTENCY_CONFLICT"",""message"":""Duplicate idempotency key \'u2855013471952-e7442a21726b441b\' used with conflicting reservation parameters.""}')",1
pessimistic_lock_spike_c50_rep1,pessimistic_lock,spike,50,/items/:id/reserve [POST],"CatchResponseError('Conflict error: {""error_code"":""IDEMPOTENCY_CONFLICT"",""message"":""Duplicate idempotency key \'u2855014733712-00ff128cc9fb4a41\' used with conflicting reservation parameters.""}')",1
pessimistic_lock_spike_c50_rep1,pessimistic_lock,spike,50,/items/:id/reserve [POST],"CatchResponseError('Conflict error: {""error_code"":""IDEMPOTENCY_CONFLICT"",""message"":""Duplicate idempotency key \'u2855013807248-83f4f4ff489b4444\' used with conflicting reservation parameters.""}')",1
pessimistic_lock_spike_c50_rep1,pessimistic_lock,spike,50,/items/:id/reserve [POST],"CatchResponseError('Conflict error: {""error_code"":""IDEMPOTENCY_CONFLICT"",""message"":""Duplicate idempotency key \'u2855015244688-16fe3e13b9f041aa\' used with conflicting reservation parameters.""}')",1
pessimistic_lock_spike_c50_rep1,pessimistic_lock,spike,50,/items/:id/reserve [POST],"CatchResponseError('Conflict error: {""error_code"":""IDEMPOTENCY_CONFLICT"",""message"":""Duplicate idempotency key \'u2855014730256-5c7b43ef41d8405f\' used with conflicting reservation parameters.""}')",1
pessimistic_lock_spike_c50_rep1,pessimistic_lock,spike,50,/items/:id/reserve [POST],"CatchResponseError('Conflict error: {""error_code"":""IDEMPOTENCY_CONFLICT"",""message"":""Duplicate idempotency key \'u2855012953328-cfa94fa8dac24329\' used with conflicting reservation parameters.""}')",1
pessimistic_lock_spike_c50_rep1,pessimistic_lock,spike,50,/items/:id/reserve [POST],"CatchResponseError('Conflict error: {""error_code"":""IDEMPOTENCY_CONFLICT"",""message"":""Duplicate idempotency key \'u2855015241808-7fb68d25ddf546ae\' used with conflicting reservation parameters.""}')",1
pessimistic_lock_spike_c50_rep1,pessimistic_lock,spike,50,/items/:id/reserve [POST],"CatchResponseError('Conflict error: {""error_code"":""IDEMPOTENCY_CONFLICT"",""message"":""Duplicate idempotency key \'u2855015241232-d38aa56943944b64\' used with conflicting reservation parameters.""}')",1
pessimistic_lock_spike_c50_rep1,pessimistic_lock,spike,50,/items/:id/reserve [POST],"CatchResponseError('Conflict error: {""error_code"":""IDEMPOTENCY_CONFLICT"",""message"":""Duplicate idempotency key \'u2855014737360-800c221a87534f4c\' used with conflicting reservation parameters.""}')",1
pessimistic_lock_spike_c50_rep1,pessimistic_lock,spike,50,/items/:id/reserve [POST],"CatchResponseError('Conflict error: {""error_code"":""IDEMPOTENCY_CONFLICT"",""message"":""Duplicate idempotency key \'u2855013640112-b1c7bd0651434566\' used with conflicting reservation parameters.""}')",1
pessimistic_lock_spike_c50_rep1,pessimistic_lock,spike,50,/items/:id/reserve [POST],"CatchResponseError('Conflict error: {""error_code"":""IDEMPOTENCY_CONFLICT"",""message"":""Duplicate idempotency key \'u2855014728528-9d1724a0480645de\' used with conflicting reservation parameters.""}')",1
pessimistic_lock_spike_c50_rep1,pessimistic_lock,spike,50,/items/:id/reserve [POST],"CatchResponseError('Conflict error: {""error_code"":""IDEMPOTENCY_CONFLICT"",""message"":""Duplicate idempotency key \'u2855014733520-bb63ef1af6124e94\' used with conflicting reservation parameters.""}')",1
pessimistic_lock_spike_c50_rep1,pessimistic_lock,spike,50,/items/:id/reserve [POST],"CatchResponseError('Conflict error: {""error_code"":""IDEMPOTENCY_CONFLICT"",""message"":""Duplicate idempotency key \'u2855012955792-27b95069aaaf4822\' used with conflicting reservation parameters.""}')",1
pessimistic_lock_spike_c50_rep2,pessimistic_lock,spike,50,/reservations/:id/release [POST],CatchResponseError('Release failed: '),1
pessimistic_lock_spike_c50_rep2,pessimistic_lock,spike,50,/metrics/consistency [GET],"CatchResponseError(""Consistency violation detected during run: ['Reconciliation failure for Item 1 (SKU-CORRUPT-1): initial (100) - active_reserved (0) = 100, but available_quantity is 80 (discrepancy: -20).']"")",1
pessimistic_lock_spike_c50_rep2,pessimistic_lock,spike,50,/items/:id/reserve [POST],"CatchResponseError('Server error HTTP 404: {""error_code"":""ITEM_NOT_FOUND"",""message"":""Item with ID 8 not found.""}')",74
pessimistic_lock_spike_c50_rep2,pessimistic_lock,spike,50,/items/:id/reserve [POST],"CatchResponseError('Server error HTTP 404: {""error_code"":""ITEM_NOT_FOUND"",""message"":""Item with ID 6 not found.""}')",60
pessimistic_lock_spike_c50_rep2,pessimistic_lock,spike,50,/items/:id/reserve [POST],"CatchResponseError('Server error HTTP 404: {""error_code"":""ITEM_NOT_FOUND"",""message"":""Item with ID 11 not found.""}')",72
pessimistic_lock_spike_c50_rep2,pessimistic_lock,spike,50,/items/:id/reserve [POST],"CatchResponseError('Server error HTTP 404: {""error_code"":""ITEM_NOT_FOUND"",""message"":""Item with ID 16 not found.""}')",72
pessimistic_lock_spike_c50_rep2,pessimistic_lock,spike,50,/items/:id [GET],HTTPError('404 Client Error: Not Found for url: /items/:id [GET]'),1068
pessimistic_lock_spike_c50_rep2,pessimistic_lock,spike,50,/items/:id/reserve [POST],"CatchResponseError('Conflict error: {""error_code"":""IDEMPOTENCY_CONFLICT"",""message"":""Duplicate idempotency key \'u2658859098640-48e4555663ac407c\' used with conflicting reservation parameters.""}')",1
pessimistic_lock_spike_c50_rep2,pessimistic_lock,spike,50,/items/:id/reserve [POST],"CatchResponseError('Server error HTTP 404: {""error_code"":""ITEM_NOT_FOUND"",""message"":""Item with ID 12 not found.""}')",61
pessimistic_lock_spike_c50_rep2,pessimistic_lock,spike,50,/items/:id/reserve [POST],"CatchResponseError('Server error HTTP 404: {""error_code"":""ITEM_NOT_FOUND"",""message"":""Item with ID 1 not found.""}')",66
pessimistic_lock_spike_c50_rep2,pessimistic_lock,spike,50,/items/:id/reserve [POST],"CatchResponseError('Conflict error: {""error_code"":""IDEMPOTENCY_CONFLICT"",""message"":""Duplicate idempotency key \'u2658860080912-9ce46aa835af4307\' used with conflicting reservation parameters.""}')",1
pessimistic_lock_spike_c50_rep2,pessimistic_lock,spike,50,/items/:id/reserve [POST],"CatchResponseError('Server error HTTP 404: {""error_code"":""ITEM_NOT_FOUND"",""message"":""Item with ID 3 not found.""}')",54
pessimistic_lock_spike_c50_rep2,pessimistic_lock,spike,50,/items/:id/reserve [POST],"CatchResponseError('Server error HTTP 404: {""error_code"":""ITEM_NOT_FOUND"",""message"":""Item with ID 20 not found.""}')",80
pessimistic_lock_spike_c50_rep2,pessimistic_lock,spike,50,/items/:id/reserve [POST],"CatchResponseError('Server error HTTP 404: {""error_code"":""ITEM_NOT_FOUND"",""message"":""Item with ID 18 not found.""}')",86
pessimistic_lock_spike_c50_rep2,pessimistic_lock,spike,50,/items/:id/reserve [POST],"CatchResponseError('Server error HTTP 404: {""error_code"":""ITEM_NOT_FOUND"",""message"":""Item with ID 13 not found.""}')",67
pessimistic_lock_spike_c50_rep2,pessimistic_lock,spike,50,/items/:id/reserve [POST],"CatchResponseError('Server error HTTP 404: {""error_code"":""ITEM_NOT_FOUND"",""message"":""Item with ID 14 not found.""}')",68
pessimistic_lock_spike_c50_rep2,pessimistic_lock,spike,50,/items/:id/reserve [POST],"CatchResponseError('Conflict error: {""error_code"":""IDEMPOTENCY_CONFLICT"",""message"":""Duplicate idempotency key \'u2658859098256-f2ad17598f4f4125\' used with conflicting reservation parameters.""}')",1
pessimistic_lock_spike_c50_rep2,pessimistic_lock,spike,50,/items/:id/reserve [POST],"CatchResponseError('Conflict error: {""error_code"":""INSUFFICIENT_INVENTORY"",""message"":""Insufficient inventory for item 1: requested 3, available 0."",""item_id"":1,""requested"":3,""available"":0}')",1
pessimistic_lock_spike_c50_rep2,pessimistic_lock,spike,50,/items/:id/reserve [POST],"CatchResponseError('Server error HTTP 404: {""error_code"":""ITEM_NOT_FOUND"",""message"":""Item with ID 17 not found.""}')",69
pessimistic_lock_spike_c50_rep2,pessimistic_lock,spike,50,/items/:id/reserve [POST],"CatchResponseError('Conflict error: {""error_code"":""IDEMPOTENCY_CONFLICT"",""message"":""Duplicate idempotency key \'u2658858768080-d99fb77f986d405c\' used with conflicting reservation parameters.""}')",1
pessimistic_lock_spike_c50_rep2,pessimistic_lock,spike,50,/items/:id/reserve [POST],"CatchResponseError('Conflict error: {""error_code"":""INSUFFICIENT_INVENTORY"",""message"":""Insufficient inventory for item 2: requested 2, available 0."",""item_id"":2,""requested"":2,""available"":0}')",1
pessimistic_lock_spike_c50_rep2,pessimistic_lock,spike,50,/items/:id/reserve [POST],"CatchResponseError('Server error HTTP 404: {""error_code"":""ITEM_NOT_FOUND"",""message"":""Item with ID 9 not found.""}')",74
pessimistic_lock_spike_c50_rep2,pessimistic_lock,spike,50,/items/:id/reserve [POST],"CatchResponseError('Server error HTTP 404: {""error_code"":""ITEM_NOT_FOUND"",""message"":""Item with ID 4 not found.""}')",74
pessimistic_lock_spike_c50_rep2,pessimistic_lock,spike,50,/items/:id/reserve [POST],CatchResponseError('Server error HTTP 0: '),1
pessimistic_lock_spike_c50_rep2,pessimistic_lock,spike,50,/items/:id/reserve [POST],"CatchResponseError('Server error HTTP 404: {""error_code"":""ITEM_NOT_FOUND"",""message"":""Item with ID 2 not found.""}')",61
pessimistic_lock_spike_c50_rep2,pessimistic_lock,spike,50,/items/:id/reserve [POST],"CatchResponseError('Server error HTTP 500: {""error_code"":""INTERNAL_SERVER_ERROR"",""message"":""An unexpected error occurred while processing the request.""}')",5
pessimistic_lock_spike_c50_rep2,pessimistic_lock,spike,50,/items/:id/reserve [POST],"CatchResponseError('Server error HTTP 404: {""error_code"":""ITEM_NOT_FOUND"",""message"":""Item with ID 5 not found.""}')",59
pessimistic_lock_spike_c50_rep2,pessimistic_lock,spike,50,/items/:id/reserve [POST],"CatchResponseError('Server error HTTP 404: {""error_code"":""ITEM_NOT_FOUND"",""message"":""Item with ID 19 not found.""}')",66
pessimistic_lock_spike_c50_rep2,pessimistic_lock,spike,50,/items/:id/reserve [POST],"CatchResponseError('Conflict error: {""error_code"":""INSUFFICIENT_INVENTORY"",""message"":""Insufficient inventory for item 1: requested 1, available 0."",""item_id"":1,""requested"":1,""available"":0}')",2
pessimistic_lock_spike_c50_rep2,pessimistic_lock,spike,50,/items/:id/reserve [POST],"CatchResponseError('Server error HTTP 404: {""error_code"":""ITEM_NOT_FOUND"",""message"":""Item with ID 15 not found.""}')",67
pessimistic_lock_spike_c50_rep2,pessimistic_lock,spike,50,/items/:id/reserve [POST],"CatchResponseError('Server error HTTP 404: {""error_code"":""ITEM_NOT_FOUND"",""message"":""Item with ID 7 not found.""}')",81
pessimistic_lock_spike_c50_rep2,pessimistic_lock,spike,50,/metrics/consistency [GET],"CatchResponseError(""Consistency violation detected during run: ['Item 1 (SKU-NEGATIVE-1) has negative available quantity: -5.', 'Reconciliation failure for Item 1 (SKU-NEGATIVE-1): initial (50) - active_reserved (0) = 50, but available_quantity is -5 (discrepancy: -55).']"")",2
pessimistic_lock_spike_c50_rep2,pessimistic_lock,spike,50,/items/:id/reserve [POST],"CatchResponseError('Server error HTTP 404: {""error_code"":""ITEM_NOT_FOUND"",""message"":""Item with ID 10 not found.""}')",69
pessimistic_lock_spike_c5_rep1,pessimistic_lock,spike,5,/items/:id/reserve [POST],"CatchResponseError('Conflict error: {""error_code"":""IDEMPOTENCY_CONFLICT"",""message"":""Duplicate idempotency key \'u2546846927568-7d9103db20c54308\' used with conflicting reservation parameters.""}')",1
pessimistic_lock_spike_c5_rep1,pessimistic_lock,spike,5,/items/:id/reserve [POST],"CatchResponseError('Conflict error: {""error_code"":""IDEMPOTENCY_CONFLICT"",""message"":""Duplicate idempotency key \'u2546846927568-53a653bafd6f4133\' used with conflicting reservation parameters.""}')",1
pessimistic_lock_spike_c5_rep1,pessimistic_lock,spike,5,/items/:id/reserve [POST],"CatchResponseError('Conflict error: {""error_code"":""IDEMPOTENCY_CONFLICT"",""message"":""Duplicate idempotency key \'u2546846927568-fd7a3586eeab4bbd\' used with conflicting reservation parameters.""}')",1
pessimistic_lock_spike_c5_rep1,pessimistic_lock,spike,5,/items/:id/reserve [POST],"CatchResponseError('Conflict error: {""error_code"":""IDEMPOTENCY_CONFLICT"",""message"":""Duplicate idempotency key \'u2546847455888-6465ef2760c84b9f\' used with conflicting reservation parameters.""}')",1
pessimistic_lock_spike_c5_rep1,pessimistic_lock,spike,5,/items/:id/reserve [POST],"CatchResponseError('Conflict error: {""error_code"":""IDEMPOTENCY_CONFLICT"",""message"":""Duplicate idempotency key \'u2546846927568-c1c4188298494758\' used with conflicting reservation parameters.""}')",1
pessimistic_lock_spike_c5_rep1,pessimistic_lock,spike,5,/items/:id/reserve [POST],"CatchResponseError('Conflict error: {""error_code"":""IDEMPOTENCY_CONFLICT"",""message"":""Duplicate idempotency key \'u2546847806608-d1756c43b7dd4b1c\' used with conflicting reservation parameters.""}')",1
pessimistic_lock_spike_c5_rep1,pessimistic_lock,spike,5,/items/:id/reserve [POST],"CatchResponseError('Conflict error: {""error_code"":""IDEMPOTENCY_CONFLICT"",""message"":""Duplicate idempotency key \'u2546847454928-67e4b97fa0794786\' used with conflicting reservation parameters.""}')",1
pessimistic_lock_spike_c5_rep1,pessimistic_lock,spike,5,/items/:id/reserve [POST],"CatchResponseError('Conflict error: {""error_code"":""IDEMPOTENCY_CONFLICT"",""message"":""Duplicate idempotency key \'u2546847808736-36e5528bcd314cd0\' used with conflicting reservation parameters.""}')",1
pessimistic_lock_spike_c5_rep1,pessimistic_lock,spike,5,/items/:id/reserve [POST],"CatchResponseError('Conflict error: {""error_code"":""IDEMPOTENCY_CONFLICT"",""message"":""Duplicate idempotency key \'u2546847454928-7c751794f21048fd\' used with conflicting reservation parameters.""}')",1
pessimistic_lock_spike_c5_rep1,pessimistic_lock,spike,5,/items/:id/reserve [POST],"CatchResponseError('Conflict error: {""error_code"":""IDEMPOTENCY_CONFLICT"",""message"":""Duplicate idempotency key \'u2546847455888-1d2ee75f50ca4032\' used with conflicting reservation parameters.""}')",1
pessimistic_lock_spike_c5_rep1,pessimistic_lock,spike,5,/items/:id/reserve [POST],"CatchResponseError('Conflict error: {""error_code"":""IDEMPOTENCY_CONFLICT"",""message"":""Duplicate idempotency key \'u2546847455888-063a1ef51e434a86\' used with conflicting reservation parameters.""}')",1
pessimistic_lock_spike_c5_rep1,pessimistic_lock,spike,5,/items/:id/reserve [POST],"CatchResponseError('Conflict error: {""error_code"":""IDEMPOTENCY_CONFLICT"",""message"":""Duplicate idempotency key \'u2546847806608-49e80c50a2284345\' used with conflicting reservation parameters.""}')",1
pessimistic_lock_spike_c5_rep1,pessimistic_lock,spike,5,/items/:id/reserve [POST],"CatchResponseError('Conflict error: {""error_code"":""IDEMPOTENCY_CONFLICT"",""message"":""Duplicate idempotency key \'u2546847455888-fd2f9965f3394061\' used with conflicting reservation parameters.""}')",1
pessimistic_lock_spike_c5_rep1,pessimistic_lock,spike,5,/items/:id/reserve [POST],"CatchResponseError('Conflict error: {""error_code"":""IDEMPOTENCY_CONFLICT"",""message"":""Duplicate idempotency key \'u2546847808736-d038880be39948cf\' used with conflicting reservation parameters.""}')",1
pessimistic_lock_spike_c5_rep1,pessimistic_lock,spike,5,/items/:id/reserve [POST],"CatchResponseError('Conflict error: {""error_code"":""IDEMPOTENCY_CONFLICT"",""message"":""Duplicate idempotency key \'u2546846927568-04293e47111c4a11\' used with conflicting reservation parameters.""}')",1
pessimistic_lock_spike_c5_rep1,pessimistic_lock,spike,5,/items/:id/reserve [POST],"CatchResponseError('Conflict error: {""error_code"":""IDEMPOTENCY_CONFLICT"",""message"":""Duplicate idempotency key \'u2546846927568-bf2b18fac32644f2\' used with conflicting reservation parameters.""}')",1
pessimistic_lock_spike_c5_rep1,pessimistic_lock,spike,5,/items/:id/reserve [POST],"CatchResponseError('Conflict error: {""error_code"":""IDEMPOTENCY_CONFLICT"",""message"":""Duplicate idempotency key \'u2546846927568-33224ddda75b4f1b\' used with conflicting reservation parameters.""}')",1
pessimistic_lock_spike_c5_rep1,pessimistic_lock,spike,5,/items/:id/reserve [POST],"CatchResponseError('Conflict error: {""error_code"":""IDEMPOTENCY_CONFLICT"",""message"":""Duplicate idempotency key \'u2546846927568-629db17cb1684c71\' used with conflicting reservation parameters.""}')",1
pessimistic_lock_spike_c5_rep1,pessimistic_lock,spike,5,/items/:id/reserve [POST],"CatchResponseError('Conflict error: {""error_code"":""IDEMPOTENCY_CONFLICT"",""message"":""Duplicate idempotency key \'u2546847454928-cb4ba48302254933\' used with conflicting reservation parameters.""}')",1
pessimistic_lock_spike_c5_rep1,pessimistic_lock,spike,5,/items/:id/reserve [POST],"CatchResponseError('Conflict error: {""error_code"":""IDEMPOTENCY_CONFLICT"",""message"":""Duplicate idempotency key \'u2546847806608-bcbd339080984ab9\' used with conflicting reservation parameters.""}')",1
pessimistic_lock_spike_c5_rep1,pessimistic_lock,spike,5,/items/:id/reserve [POST],"CatchResponseError('Conflict error: {""error_code"":""IDEMPOTENCY_CONFLICT"",""message"":""Duplicate idempotency key \'u2546847806608-426b11f781db47f9\' used with conflicting reservation parameters.""}')",1
pessimistic_lock_spike_c5_rep1,pessimistic_lock,spike,5,/items/:id/reserve [POST],"CatchResponseError('Conflict error: {""error_code"":""IDEMPOTENCY_CONFLICT"",""message"":""Duplicate idempotency key \'u2546847808736-c7316525fd8d4df6\' used with conflicting reservation parameters.""}')",1
pessimistic_lock_spike_c5_rep1,pessimistic_lock,spike,5,/items/:id/reserve [POST],"CatchResponseError('Conflict error: {""error_code"":""IDEMPOTENCY_CONFLICT"",""message"":""Duplicate idempotency key \'u2546847454928-1168bc4c9308481c\' used with conflicting reservation parameters.""}')",1
pessimistic_lock_spike_c5_rep1,pessimistic_lock,spike,5,/items/:id/reserve [POST],"CatchResponseError('Conflict error: {""error_code"":""IDEMPOTENCY_CONFLICT"",""message"":""Duplicate idempotency key \'u2546846927568-0ce7921522ea4c44\' used with conflicting reservation parameters.""}')",1
pessimistic_lock_spike_c5_rep1,pessimistic_lock,spike,5,/items/:id/reserve [POST],"CatchResponseError('Conflict error: {""error_code"":""IDEMPOTENCY_CONFLICT"",""message"":""Duplicate idempotency key \'u2546847808736-d42a8c2668a84d5f\' used with conflicting reservation parameters.""}')",1
pessimistic_lock_spike_c5_rep1,pessimistic_lock,spike,5,/items/:id/reserve [POST],"CatchResponseError('Conflict error: {""error_code"":""IDEMPOTENCY_CONFLICT"",""message"":""Duplicate idempotency key \'u2546847454928-0116fb7f5af6473d\' used with conflicting reservation parameters.""}')",1
pessimistic_lock_spike_c5_rep1,pessimistic_lock,spike,5,/items/:id/reserve [POST],"CatchResponseError('Conflict error: {""error_code"":""IDEMPOTENCY_CONFLICT"",""message"":""Duplicate idempotency key \'u2546847808736-3cca5318cd32473f\' used with conflicting reservation parameters.""}')",1
pessimistic_lock_spike_c5_rep1,pessimistic_lock,spike,5,/items/:id/reserve [POST],"CatchResponseError('Conflict error: {""error_code"":""IDEMPOTENCY_CONFLICT"",""message"":""Duplicate idempotency key \'u2546847454928-49d93408e0fc4345\' used with conflicting reservation parameters.""}')",1
pessimistic_lock_spike_c5_rep2,pessimistic_lock,spike,5,/items/:id/reserve [POST],"CatchResponseError('Conflict error: {""error_code"":""IDEMPOTENCY_CONFLICT"",""message"":""Duplicate idempotency key \'u2312251971280-f7c18142827a41e6\' used with conflicting reservation parameters.""}')",1
pessimistic_lock_spike_c5_rep2,pessimistic_lock,spike,5,/items/:id/reserve [POST],"CatchResponseError('Conflict error: {""error_code"":""IDEMPOTENCY_CONFLICT"",""message"":""Duplicate idempotency key \'u2312251971280-9d4f840020674be3\' used with conflicting reservation parameters.""}')",1
pessimistic_lock_spike_c5_rep2,pessimistic_lock,spike,5,/items/:id/reserve [POST],"CatchResponseError('Conflict error: {""error_code"":""IDEMPOTENCY_CONFLICT"",""message"":""Duplicate idempotency key \'u2312251971280-ee8a4cfa55c349fc\' used with conflicting reservation parameters.""}')",1
pessimistic_lock_spike_c5_rep2,pessimistic_lock,spike,5,/items/:id/reserve [POST],"CatchResponseError('Conflict error: {""error_code"":""IDEMPOTENCY_CONFLICT"",""message"":""Duplicate idempotency key \'u2312251972240-d04b0c8f1e7a46f5\' used with conflicting reservation parameters.""}')",1
pessimistic_lock_spike_c5_rep2,pessimistic_lock,spike,5,/items/:id/reserve [POST],"CatchResponseError('Conflict error: {""error_code"":""IDEMPOTENCY_CONFLICT"",""message"":""Duplicate idempotency key \'u2312252322960-d6d7edd1e3be40a6\' used with conflicting reservation parameters.""}')",1
pessimistic_lock_spike_c5_rep2,pessimistic_lock,spike,5,/items/:id/reserve [POST],"CatchResponseError('Conflict error: {""error_code"":""IDEMPOTENCY_CONFLICT"",""message"":""Duplicate idempotency key \'u2312252325088-44e859aaccd64716\' used with conflicting reservation parameters.""}')",1
pessimistic_lock_spike_c5_rep2,pessimistic_lock,spike,5,/items/:id/reserve [POST],"CatchResponseError('Conflict error: {""error_code"":""IDEMPOTENCY_CONFLICT"",""message"":""Duplicate idempotency key \'u2312252322960-eb8c0c340bd94f5c\' used with conflicting reservation parameters.""}')",1
pessimistic_lock_spike_c5_rep2,pessimistic_lock,spike,5,/items/:id/reserve [POST],"CatchResponseError('Conflict error: {""error_code"":""IDEMPOTENCY_CONFLICT"",""message"":""Duplicate idempotency key \'u2312251443920-9189b42290a74506\' used with conflicting reservation parameters.""}')",1
pessimistic_lock_spike_c5_rep2,pessimistic_lock,spike,5,/items/:id/reserve [POST],"CatchResponseError('Conflict error: {""error_code"":""IDEMPOTENCY_CONFLICT"",""message"":""Duplicate idempotency key \'u2312252322960-ff7c52e77cc145d0\' used with conflicting reservation parameters.""}')",1
pessimistic_lock_spike_c5_rep2,pessimistic_lock,spike,5,/items/:id/reserve [POST],"CatchResponseError('Conflict error: {""error_code"":""IDEMPOTENCY_CONFLICT"",""message"":""Duplicate idempotency key \'u2312252325088-f34ec0c4ba144542\' used with conflicting reservation parameters.""}')",1
pessimistic_lock_spike_c5_rep2,pessimistic_lock,spike,5,/items/:id/reserve [POST],"CatchResponseError('Conflict error: {""error_code"":""IDEMPOTENCY_CONFLICT"",""message"":""Duplicate idempotency key \'u2312251972240-fbc1f1104bce4946\' used with conflicting reservation parameters.""}')",1
pessimistic_lock_spike_c5_rep2,pessimistic_lock,spike,5,/items/:id/reserve [POST],"CatchResponseError('Conflict error: {""error_code"":""IDEMPOTENCY_CONFLICT"",""message"":""Duplicate idempotency key \'u2312252325088-e0d2e59320e14d13\' used with conflicting reservation parameters.""}')",1
pessimistic_lock_spike_c5_rep2,pessimistic_lock,spike,5,/items/:id/reserve [POST],"CatchResponseError('Conflict error: {""error_code"":""IDEMPOTENCY_CONFLICT"",""message"":""Duplicate idempotency key \'u2312251971280-862dfb2916254ef1\' used with conflicting reservation parameters.""}')",1
pessimistic_lock_spike_c5_rep2,pessimistic_lock,spike,5,/items/:id/reserve [POST],"CatchResponseError('Conflict error: {""error_code"":""IDEMPOTENCY_CONFLICT"",""message"":""Duplicate idempotency key \'u2312251443920-cb3ad6a7de9d42b1\' used with conflicting reservation parameters.""}')",2
pessimistic_lock_spike_c5_rep2,pessimistic_lock,spike,5,/items/:id/reserve [POST],"CatchResponseError('Conflict error: {""error_code"":""IDEMPOTENCY_CONFLICT"",""message"":""Duplicate idempotency key \'u2312252325088-6a187248ec694b59\' used with conflicting reservation parameters.""}')",1
pessimistic_lock_spike_c5_rep2,pessimistic_lock,spike,5,/items/:id/reserve [POST],"CatchResponseError('Conflict error: {""error_code"":""IDEMPOTENCY_CONFLICT"",""message"":""Duplicate idempotency key \'u2312251443920-a523c26a12984013\' used with conflicting reservation parameters.""}')",1
pessimistic_lock_spike_c5_rep2,pessimistic_lock,spike,5,/items/:id/reserve [POST],"CatchResponseError('Conflict error: {""error_code"":""IDEMPOTENCY_CONFLICT"",""message"":""Duplicate idempotency key \'u2312251443920-b8847c4eb8614d53\' used with conflicting reservation parameters.""}')",1
pessimistic_lock_spike_c5_rep2,pessimistic_lock,spike,5,/items/:id/reserve [POST],"CatchResponseError('Conflict error: {""error_code"":""IDEMPOTENCY_CONFLICT"",""message"":""Duplicate idempotency key \'u2312252322960-a3ceadfa746843e6\' used with conflicting reservation parameters.""}')",1
pessimistic_lock_spike_c5_rep2,pessimistic_lock,spike,5,/items/:id/reserve [POST],"CatchResponseError('Conflict error: {""error_code"":""IDEMPOTENCY_CONFLICT"",""message"":""Duplicate idempotency key \'u2312252325088-5b04ae1f032445fe\' used with conflicting reservation parameters.""}')",1
pessimistic_lock_spike_c5_rep2,pessimistic_lock,spike,5,/items/:id/reserve [POST],"CatchResponseError('Conflict error: {""error_code"":""IDEMPOTENCY_CONFLICT"",""message"":""Duplicate idempotency key \'u2312251443920-db928fbb1feb4bf3\' used with conflicting reservation parameters.""}')",1
pessimistic_lock_spike_c5_rep2,pessimistic_lock,spike,5,/items/:id/reserve [POST],"CatchResponseError('Conflict error: {""error_code"":""IDEMPOTENCY_CONFLICT"",""message"":""Duplicate idempotency key \'u2312251443920-2e901c4abeda4843\' used with conflicting reservation parameters.""}')",1
pessimistic_lock_spike_c5_rep2,pessimistic_lock,spike,5,/items/:id/reserve [POST],"CatchResponseError('Conflict error: {""error_code"":""IDEMPOTENCY_CONFLICT"",""message"":""Duplicate idempotency key \'u2312251971280-e11907bef4da4f14\' used with conflicting reservation parameters.""}')",1
pessimistic_lock_spike_c5_rep2,pessimistic_lock,spike,5,/items/:id/reserve [POST],"CatchResponseError('Conflict error: {""error_code"":""IDEMPOTENCY_CONFLICT"",""message"":""Duplicate idempotency key \'u2312252325088-cfbd5af41a7e45d9\' used with conflicting reservation parameters.""}')",1
pessimistic_lock_spike_c5_rep2,pessimistic_lock,spike,5,/items/:id/reserve [POST],"CatchResponseError('Conflict error: {""error_code"":""IDEMPOTENCY_CONFLICT"",""message"":""Duplicate idempotency key \'u2312252325088-35b677dd0ced4350\' used with conflicting reservation parameters.""}')",1
pessimistic_lock_spike_c5_rep2,pessimistic_lock,spike,5,/items/:id/reserve [POST],"CatchResponseError('Conflict error: {""error_code"":""IDEMPOTENCY_CONFLICT"",""message"":""Duplicate idempotency key \'u2312252322960-92b4fa80114741f2\' used with conflicting reservation parameters.""}')",1
pessimistic_lock_spike_c5_rep2,pessimistic_lock,spike,5,/items/:id/reserve [POST],"CatchResponseError('Conflict error: {""error_code"":""IDEMPOTENCY_CONFLICT"",""message"":""Duplicate idempotency key \'u2312252322960-e4bfe1121d9443f5\' used with conflicting reservation parameters.""}')",1
pessimistic_lock_spike_c5_rep2,pessimistic_lock,spike,5,/items/:id/reserve [POST],"CatchResponseError('Conflict error: {""error_code"":""IDEMPOTENCY_CONFLICT"",""message"":""Duplicate idempotency key \'u2312251443920-7000aabcb2e84fa3\' used with conflicting reservation parameters.""}')",1
pessimistic_lock_spike_c5_rep2,pessimistic_lock,spike,5,/items/:id/reserve [POST],"CatchResponseError('Conflict error: {""error_code"":""IDEMPOTENCY_CONFLICT"",""message"":""Duplicate idempotency key \'u2312252322960-8a5c6ac7a5e9465c\' used with conflicting reservation parameters.""}')",1
pessimistic_lock_spike_c5_rep2,pessimistic_lock,spike,5,/items/:id/reserve [POST],"CatchResponseError('Conflict error: {""error_code"":""IDEMPOTENCY_CONFLICT"",""message"":""Duplicate idempotency key \'u2312252322960-00773ec7d24d44eb\' used with conflicting reservation parameters.""}')",1
pessimistic_lock_spike_c5_rep2,pessimistic_lock,spike,5,/items/:id/reserve [POST],"CatchResponseError('Conflict error: {""error_code"":""IDEMPOTENCY_CONFLICT"",""message"":""Duplicate idempotency key \'u2312252325088-556b7a875c7f4917\' used with conflicting reservation parameters.""}')",1
pessimistic_lock_spike_c5_rep2,pessimistic_lock,spike,5,/items/:id/reserve [POST],"CatchResponseError('Conflict error: {""error_code"":""IDEMPOTENCY_CONFLICT"",""message"":""Duplicate idempotency key \'u2312251443920-9c92adb6e9704e08\' used with conflicting reservation parameters.""}')",1
pessimistic_lock_spike_c5_rep2,pessimistic_lock,spike,5,/items/:id/reserve [POST],"CatchResponseError('Conflict error: {""error_code"":""IDEMPOTENCY_CONFLICT"",""message"":""Duplicate idempotency key \'u2312251443920-8c0b8d7edd934dfb\' used with conflicting reservation parameters.""}')",1
pessimistic_lock_spike_c5_rep2,pessimistic_lock,spike,5,/items/:id/reserve [POST],"CatchResponseError('Conflict error: {""error_code"":""IDEMPOTENCY_CONFLICT"",""message"":""Duplicate idempotency key \'u2312251972240-593f6ffab021429d\' used with conflicting reservation parameters.""}')",1
pessimistic_lock_write_heavy_c100_rep1,pessimistic_lock,write_heavy,100,/items/:id/reserve [POST],"CatchResponseError('Conflict error: {""error_code"":""IDEMPOTENCY_CONFLICT"",""message"":""Duplicate idempotency key \'u2127105144400-b01f02b888864628\' used with conflicting reservation parameters.""}')",1
pessimistic_lock_write_heavy_c100_rep1,pessimistic_lock,write_heavy,100,/items/:id/reserve [POST],"CatchResponseError('Conflict error: {""error_code"":""IDEMPOTENCY_CONFLICT"",""message"":""Duplicate idempotency key \'u2127103863376-23965f226a9645de\' used with conflicting reservation parameters.""}')",1
pessimistic_lock_write_heavy_c100_rep1,pessimistic_lock,write_heavy,100,/items/:id/reserve [POST],"CatchResponseError('Conflict error: {""error_code"":""IDEMPOTENCY_CONFLICT"",""message"":""Duplicate idempotency key \'u2127105143440-cbff9e5f90894f8b\' used with conflicting reservation parameters.""}')",1
pessimistic_lock_write_heavy_c100_rep1,pessimistic_lock,write_heavy,100,/items/:id/reserve [POST],"CatchResponseError('Conflict error: {""error_code"":""IDEMPOTENCY_CONFLICT"",""message"":""Duplicate idempotency key \'u2127103867216-d343db13438d4fbc\' used with conflicting reservation parameters.""}')",1
pessimistic_lock_write_heavy_c100_rep1,pessimistic_lock,write_heavy,100,/items/:id/reserve [POST],"CatchResponseError('Conflict error: {""error_code"":""IDEMPOTENCY_CONFLICT"",""message"":""Duplicate idempotency key \'u2127105142288-9f4026b9de6a4d83\' used with conflicting reservation parameters.""}')",1
pessimistic_lock_write_heavy_c100_rep1,pessimistic_lock,write_heavy,100,/items/:id/reserve [POST],"CatchResponseError('Conflict error: {""error_code"":""IDEMPOTENCY_CONFLICT"",""message"":""Duplicate idempotency key \'u2127109312144-01a86e6e633745a2\' used with conflicting reservation parameters.""}')",2
pessimistic_lock_write_heavy_c100_rep1,pessimistic_lock,write_heavy,100,/items/:id/reserve [POST],"CatchResponseError('Conflict error: {""error_code"":""IDEMPOTENCY_CONFLICT"",""message"":""Duplicate idempotency key \'u2127105140368-baa297864bff49c8\' used with conflicting reservation parameters.""}')",1
pessimistic_lock_write_heavy_c100_rep1,pessimistic_lock,write_heavy,100,/items/:id/reserve [POST],"CatchResponseError('Conflict error: {""error_code"":""IDEMPOTENCY_CONFLICT"",""message"":""Duplicate idempotency key \'u2127103866064-5638065633854cb6\' used with conflicting reservation parameters.""}')",1
pessimistic_lock_write_heavy_c100_rep1,pessimistic_lock,write_heavy,100,/items/:id/reserve [POST],"CatchResponseError('Conflict error: {""error_code"":""IDEMPOTENCY_CONFLICT"",""message"":""Duplicate idempotency key \'u2127109323280-e82a5467f2b24b9e\' used with conflicting reservation parameters.""}')",1
pessimistic_lock_write_heavy_c100_rep1,pessimistic_lock,write_heavy,100,/items/:id/reserve [POST],"CatchResponseError('Conflict error: {""error_code"":""IDEMPOTENCY_CONFLICT"",""message"":""Duplicate idempotency key \'u2127103539792-308e3c5d7a93415b\' used with conflicting reservation parameters.""}')",1
pessimistic_lock_write_heavy_c100_rep1,pessimistic_lock,write_heavy,100,/items/:id/reserve [POST],"CatchResponseError('Conflict error: {""error_code"":""IDEMPOTENCY_CONFLICT"",""message"":""Duplicate idempotency key \'u2127109552272-10a939bf780b4de2\' used with conflicting reservation parameters.""}')",1
pessimistic_lock_write_heavy_c100_rep1,pessimistic_lock,write_heavy,100,/items/:id/reserve [POST],"CatchResponseError('Conflict error: {""error_code"":""IDEMPOTENCY_CONFLICT"",""message"":""Duplicate idempotency key \'u2127109313104-fe0d338c49934116\' used with conflicting reservation parameters.""}')",1
pessimistic_lock_write_heavy_c100_rep1,pessimistic_lock,write_heavy,100,/items/:id/reserve [POST],"CatchResponseError('Conflict error: {""error_code"":""IDEMPOTENCY_CONFLICT"",""message"":""Duplicate idempotency key \'u2127104449744-406bb888ea6946bb\' used with conflicting reservation parameters.""}')",1
pessimistic_lock_write_heavy_c100_rep1,pessimistic_lock,write_heavy,100,/items/:id/reserve [POST],"CatchResponseError('Conflict error: {""error_code"":""IDEMPOTENCY_CONFLICT"",""message"":""Duplicate idempotency key \'u2127109318672-ac93815d79354f78\' used with conflicting reservation parameters.""}')",2
pessimistic_lock_write_heavy_c100_rep1,pessimistic_lock,write_heavy,100,/items/:id/reserve [POST],"CatchResponseError('Conflict error: {""error_code"":""IDEMPOTENCY_CONFLICT"",""message"":""Duplicate idempotency key \'u2127104443024-f3776873b8434793\' used with conflicting reservation parameters.""}')",1
pessimistic_lock_write_heavy_c100_rep1,pessimistic_lock,write_heavy,100,/items/:id/reserve [POST],"CatchResponseError('Conflict error: {""error_code"":""IDEMPOTENCY_CONFLICT"",""message"":""Duplicate idempotency key \'u2127103865296-095484c753fa4550\' used with conflicting reservation parameters.""}')",1
pessimistic_lock_write_heavy_c100_rep1,pessimistic_lock,write_heavy,100,/items/:id/reserve [POST],"CatchResponseError('Conflict error: {""error_code"":""IDEMPOTENCY_CONFLICT"",""message"":""Duplicate idempotency key \'u2127103882384-a04fbd5c0cd24f3b\' used with conflicting reservation parameters.""}')",1
pessimistic_lock_write_heavy_c100_rep1,pessimistic_lock,write_heavy,100,/items/:id/reserve [POST],"CatchResponseError('Conflict error: {""error_code"":""IDEMPOTENCY_CONFLICT"",""message"":""Duplicate idempotency key \'u2127103494864-e9c1a8bbdd294921\' used with conflicting reservation parameters.""}')",1
pessimistic_lock_write_heavy_c100_rep1,pessimistic_lock,write_heavy,100,/items/:id/reserve [POST],"CatchResponseError('Conflict error: {""error_code"":""IDEMPOTENCY_CONFLICT"",""message"":""Duplicate idempotency key \'u2127103547088-eb5bb7c4535a4f03\' used with conflicting reservation parameters.""}')",1
pessimistic_lock_write_heavy_c100_rep1,pessimistic_lock,write_heavy,100,/items/:id/reserve [POST],"CatchResponseError('Conflict error: {""error_code"":""IDEMPOTENCY_CONFLICT"",""message"":""Duplicate idempotency key \'u2127105140368-c413019102444025\' used with conflicting reservation parameters.""}')",1
pessimistic_lock_write_heavy_c100_rep1,pessimistic_lock,write_heavy,100,/items/:id/reserve [POST],"CatchResponseError('Conflict error: {""error_code"":""IDEMPOTENCY_CONFLICT"",""message"":""Duplicate idempotency key \'u2127104443024-f767850980ce47e7\' used with conflicting reservation parameters.""}')",1
pessimistic_lock_write_heavy_c100_rep1,pessimistic_lock,write_heavy,100,/items/:id/reserve [POST],"CatchResponseError('Conflict error: {""error_code"":""IDEMPOTENCY_CONFLICT"",""message"":""Duplicate idempotency key \'u2127103860496-be7f3cf7abbc4eeb\' used with conflicting reservation parameters.""}')",1
pessimistic_lock_write_heavy_c100_rep1,pessimistic_lock,write_heavy,100,/items/:id/reserve [POST],"CatchResponseError('Conflict error: {""error_code"":""IDEMPOTENCY_CONFLICT"",""message"":""Duplicate idempotency key \'u2127105146320-7f35f8ce61464f47\' used with conflicting reservation parameters.""}')",1
pessimistic_lock_write_heavy_c100_rep1,pessimistic_lock,write_heavy,100,/items/:id/reserve [POST],"CatchResponseError('Conflict error: {""error_code"":""IDEMPOTENCY_CONFLICT"",""message"":""Duplicate idempotency key \'u2127103866832-ff8ea43beae64c21\' used with conflicting reservation parameters.""}')",1
pessimistic_lock_write_heavy_c100_rep1,pessimistic_lock,write_heavy,100,/items/:id/reserve [POST],"CatchResponseError('Conflict error: {""error_code"":""IDEMPOTENCY_CONFLICT"",""message"":""Duplicate idempotency key \'u2127105134992-e7e936570b3448d6\' used with conflicting reservation parameters.""}')",1
pessimistic_lock_write_heavy_c100_rep1,pessimistic_lock,write_heavy,100,/items/:id/reserve [POST],"CatchResponseError('Conflict error: {""error_code"":""IDEMPOTENCY_CONFLICT"",""message"":""Duplicate idempotency key \'u2127103867984-32db2b9d22b04cfa\' used with conflicting reservation parameters.""}')",1
pessimistic_lock_write_heavy_c100_rep1,pessimistic_lock,write_heavy,100,/items/:id/reserve [POST],"CatchResponseError('Conflict error: {""error_code"":""IDEMPOTENCY_CONFLICT"",""message"":""Duplicate idempotency key \'u2127105139600-10026e91a17d4ded\' used with conflicting reservation parameters.""}')",1
pessimistic_lock_write_heavy_c100_rep1,pessimistic_lock,write_heavy,100,/items/:id/reserve [POST],"CatchResponseError('Conflict error: {""error_code"":""IDEMPOTENCY_CONFLICT"",""message"":""Duplicate idempotency key \'u2127104444560-b8a8fa3d82074c79\' used with conflicting reservation parameters.""}')",1
pessimistic_lock_write_heavy_c100_rep1,pessimistic_lock,write_heavy,100,/items/:id/reserve [POST],"CatchResponseError('Conflict error: {""error_code"":""IDEMPOTENCY_CONFLICT"",""message"":""Duplicate idempotency key \'u2127104445904-79c96df7832a4936\' used with conflicting reservation parameters.""}')",1
pessimistic_lock_write_heavy_c100_rep1,pessimistic_lock,write_heavy,100,/items/:id/reserve [POST],"CatchResponseError('Conflict error: {""error_code"":""IDEMPOTENCY_CONFLICT"",""message"":""Duplicate idempotency key \'u2127109309456-2a7fcdda673f4c27\' used with conflicting reservation parameters.""}')",1
pessimistic_lock_write_heavy_c100_rep1,pessimistic_lock,write_heavy,100,/items/:id/reserve [POST],"CatchResponseError('Conflict error: {""error_code"":""IDEMPOTENCY_CONFLICT"",""message"":""Duplicate idempotency key \'u2127105143632-c84f9ca4ca204c77\' used with conflicting reservation parameters.""}')",1
pessimistic_lock_write_heavy_c100_rep1,pessimistic_lock,write_heavy,100,/items/:id/reserve [POST],"CatchResponseError('Conflict error: {""error_code"":""IDEMPOTENCY_CONFLICT"",""message"":""Duplicate idempotency key \'u2127103867216-237efa3174044cd9\' used with conflicting reservation parameters.""}')",1
pessimistic_lock_write_heavy_c100_rep1,pessimistic_lock,write_heavy,100,/items/:id/reserve [POST],"CatchResponseError('Conflict error: {""error_code"":""IDEMPOTENCY_CONFLICT"",""message"":""Duplicate idempotency key \'u2127103867984-fe90d03d3fe44829\' used with conflicting reservation parameters.""}')",1
pessimistic_lock_write_heavy_c100_rep1,pessimistic_lock,write_heavy,100,/items/:id/reserve [POST],"CatchResponseError('Conflict error: {""error_code"":""IDEMPOTENCY_CONFLICT"",""message"":""Duplicate idempotency key \'u2127109318480-6d3a0684d5ca4eaf\' used with conflicting reservation parameters.""}')",1
pessimistic_lock_write_heavy_c100_rep1,pessimistic_lock,write_heavy,100,/items/:id/reserve [POST],"CatchResponseError('Conflict error: {""error_code"":""IDEMPOTENCY_CONFLICT"",""message"":""Duplicate idempotency key \'u2127103030928-dbe14d99b79e4fa2\' used with conflicting reservation parameters.""}')",1
pessimistic_lock_write_heavy_c100_rep1,pessimistic_lock,write_heavy,100,/items/:id/reserve [POST],"CatchResponseError('Conflict error: {""error_code"":""IDEMPOTENCY_CONFLICT"",""message"":""Duplicate idempotency key \'u2127104452048-dc6a9c717fee4cca\' used with conflicting reservation parameters.""}')",1
pessimistic_lock_write_heavy_c100_rep1,pessimistic_lock,write_heavy,100,/items/:id/reserve [POST],"CatchResponseError('Conflict error: {""error_code"":""IDEMPOTENCY_CONFLICT"",""message"":""Duplicate idempotency key \'u2127103862992-0f99800fc13f447c\' used with conflicting reservation parameters.""}')",1
pessimistic_lock_write_heavy_c100_rep1,pessimistic_lock,write_heavy,100,/items/:id/reserve [POST],"CatchResponseError('Conflict error: {""error_code"":""IDEMPOTENCY_CONFLICT"",""message"":""Duplicate idempotency key \'u2127109323280-45bb95412d644940\' used with conflicting reservation parameters.""}')",1
pessimistic_lock_write_heavy_c100_rep1,pessimistic_lock,write_heavy,100,/items/:id/reserve [POST],"CatchResponseError('Conflict error: {""error_code"":""IDEMPOTENCY_CONFLICT"",""message"":""Duplicate idempotency key \'u2127109539792-82098089cadd4008\' used with conflicting reservation parameters.""}')",1
pessimistic_lock_write_heavy_c100_rep1,pessimistic_lock,write_heavy,100,/items/:id/reserve [POST],"CatchResponseError('Conflict error: {""error_code"":""IDEMPOTENCY_CONFLICT"",""message"":""Duplicate idempotency key \'u2127103884512-39808c1891174d26\' used with conflicting reservation parameters.""}')",1
pessimistic_lock_write_heavy_c100_rep2,pessimistic_lock,write_heavy,100,/items/:id/reserve [POST],"CatchResponseError('Conflict error: {""error_code"":""IDEMPOTENCY_CONFLICT"",""message"":""Duplicate idempotency key \'u2623239458832-adb2ef0cde1b4e86\' used with conflicting reservation parameters.""}')",1
pessimistic_lock_write_heavy_c100_rep2,pessimistic_lock,write_heavy,100,/items/:id/reserve [POST],"CatchResponseError('Conflict error: {""error_code"":""IDEMPOTENCY_CONFLICT"",""message"":""Duplicate idempotency key \'u2623239458832-7c517483dfe746f0\' used with conflicting reservation parameters.""}')",1
pessimistic_lock_write_heavy_c100_rep2,pessimistic_lock,write_heavy,100,/items/:id/reserve [POST],"CatchResponseError('Conflict error: {""error_code"":""IDEMPOTENCY_CONFLICT"",""message"":""Duplicate idempotency key \'u2623238190672-ec11dca57e3e4bbd\' used with conflicting reservation parameters.""}')",1
pessimistic_lock_write_heavy_c100_rep2,pessimistic_lock,write_heavy,100,/items/:id/reserve [POST],"CatchResponseError('Conflict error: {""error_code"":""IDEMPOTENCY_CONFLICT"",""message"":""Duplicate idempotency key \'u2623243604752-dbbe9e68f2914320\' used with conflicting reservation parameters.""}')",1
pessimistic_lock_write_heavy_c100_rep2,pessimistic_lock,write_heavy,100,/items/:id/reserve [POST],"CatchResponseError('Conflict error: {""error_code"":""IDEMPOTENCY_CONFLICT"",""message"":""Duplicate idempotency key \'u2623238183952-ece1c753704149f5\' used with conflicting reservation parameters.""}')",1
pessimistic_lock_write_heavy_c100_rep2,pessimistic_lock,write_heavy,100,/items/:id/reserve [POST],"CatchResponseError('Conflict error: {""error_code"":""IDEMPOTENCY_CONFLICT"",""message"":""Duplicate idempotency key \'u2623243609168-af85a9e4e44040e3\' used with conflicting reservation parameters.""}')",1
pessimistic_lock_write_heavy_c100_rep2,pessimistic_lock,write_heavy,100,/items/:id/reserve [POST],"CatchResponseError('Conflict error: {""error_code"":""IDEMPOTENCY_CONFLICT"",""message"":""Duplicate idempotency key \'u2623238188752-eae839e4086c499c\' used with conflicting reservation parameters.""}')",1
pessimistic_lock_write_heavy_c100_rep2,pessimistic_lock,write_heavy,100,/items/:id/reserve [POST],"CatchResponseError('Conflict error: {""error_code"":""IDEMPOTENCY_CONFLICT"",""message"":""Duplicate idempotency key \'u2623239464592-c3e48e6d817b4c47\' used with conflicting reservation parameters.""}')",1
pessimistic_lock_write_heavy_c100_rep2,pessimistic_lock,write_heavy,100,/items/:id/reserve [POST],"CatchResponseError('Conflict error: {""error_code"":""IDEMPOTENCY_CONFLICT"",""message"":""Duplicate idempotency key \'u2623243613008-92895474bbfc4cc6\' used with conflicting reservation parameters.""}')",1
pessimistic_lock_write_heavy_c100_rep2,pessimistic_lock,write_heavy,100,/items/:id/reserve [POST],"CatchResponseError('Conflict error: {""error_code"":""IDEMPOTENCY_CONFLICT"",""message"":""Duplicate idempotency key \'u2623243604560-2f7d74d1503a4738\' used with conflicting reservation parameters.""}')",1
pessimistic_lock_write_heavy_c100_rep2,pessimistic_lock,write_heavy,100,/items/:id/reserve [POST],"CatchResponseError('Conflict error: {""error_code"":""IDEMPOTENCY_CONFLICT"",""message"":""Duplicate idempotency key \'u2623239469008-d641935257764c9f\' used with conflicting reservation parameters.""}')",1
pessimistic_lock_write_heavy_c100_rep2,pessimistic_lock,write_heavy,100,/items/:id/reserve [POST],"CatchResponseError('Conflict error: {""error_code"":""IDEMPOTENCY_CONFLICT"",""message"":""Duplicate idempotency key \'u2623239470736-8fe18f0402274172\' used with conflicting reservation parameters.""}')",1
pessimistic_lock_write_heavy_c100_rep2,pessimistic_lock,write_heavy,100,/items/:id/reserve [POST],"CatchResponseError('Conflict error: {""error_code"":""IDEMPOTENCY_CONFLICT"",""message"":""Duplicate idempotency key \'u2623243603024-594d59096a1842d3\' used with conflicting reservation parameters.""}')",1
pessimistic_lock_write_heavy_c100_rep2,pessimistic_lock,write_heavy,100,/items/:id/reserve [POST],"CatchResponseError('Conflict error: {""error_code"":""IDEMPOTENCY_CONFLICT"",""message"":""Duplicate idempotency key \'u2623243614544-7c7786b2815d4d8c\' used with conflicting reservation parameters.""}')",1
pessimistic_lock_write_heavy_c100_rep2,pessimistic_lock,write_heavy,100,/items/:id/reserve [POST],"CatchResponseError('Conflict error: {""error_code"":""IDEMPOTENCY_CONFLICT"",""message"":""Duplicate idempotency key \'u2623238769552-93c7d38fe63d422b\' used with conflicting reservation parameters.""}')",1
pessimistic_lock_write_heavy_c100_rep2,pessimistic_lock,write_heavy,100,/items/:id/reserve [POST],"CatchResponseError('Conflict error: {""error_code"":""IDEMPOTENCY_CONFLICT"",""message"":""Duplicate idempotency key \'u2623238191440-1859513ccba549fd\' used with conflicting reservation parameters.""}')",1
pessimistic_lock_write_heavy_c100_rep2,pessimistic_lock,write_heavy,100,/items/:id/reserve [POST],"CatchResponseError('Conflict error: {""error_code"":""IDEMPOTENCY_CONFLICT"",""message"":""Duplicate idempotency key \'u2623238766864-108c9a33a0934858\' used with conflicting reservation parameters.""}')",1
pessimistic_lock_write_heavy_c100_rep2,pessimistic_lock,write_heavy,100,/items/:id/reserve [POST],"CatchResponseError('Conflict error: {""error_code"":""IDEMPOTENCY_CONFLICT"",""message"":""Duplicate idempotency key \'u2623238185872-6327398563c548fa\' used with conflicting reservation parameters.""}')",1
pessimistic_lock_write_heavy_c100_rep2,pessimistic_lock,write_heavy,100,/items/:id/reserve [POST],"CatchResponseError('Conflict error: {""error_code"":""IDEMPOTENCY_CONFLICT"",""message"":""Duplicate idempotency key \'u2623243604752-3d28e77aef91401b\' used with conflicting reservation parameters.""}')",1
pessimistic_lock_write_heavy_c100_rep2,pessimistic_lock,write_heavy,100,/items/:id/reserve [POST],"CatchResponseError('Conflict error: {""error_code"":""IDEMPOTENCY_CONFLICT"",""message"":""Duplicate idempotency key \'u2623243612432-9023737daa3c495e\' used with conflicting reservation parameters.""}')",1
pessimistic_lock_write_heavy_c100_rep2,pessimistic_lock,write_heavy,100,/items/:id/reserve [POST],"CatchResponseError('Conflict error: {""error_code"":""IDEMPOTENCY_CONFLICT"",""message"":""Duplicate idempotency key \'u2623238190288-bb028986ee7e4d1b\' used with conflicting reservation parameters.""}')",1
pessimistic_lock_write_heavy_c100_rep2,pessimistic_lock,write_heavy,100,/items/:id/reserve [POST],"CatchResponseError('Conflict error: {""error_code"":""IDEMPOTENCY_CONFLICT"",""message"":""Duplicate idempotency key \'u2623238182992-29fabd45a365425e\' used with conflicting reservation parameters.""}')",1
pessimistic_lock_write_heavy_c100_rep2,pessimistic_lock,write_heavy,100,/items/:id/reserve [POST],"CatchResponseError('Conflict error: {""error_code"":""IDEMPOTENCY_CONFLICT"",""message"":""Duplicate idempotency key \'u2623238187600-372a0cae8937413f\' used with conflicting reservation parameters.""}')",1
pessimistic_lock_write_heavy_c100_rep2,pessimistic_lock,write_heavy,100,/items/:id/reserve [POST],"CatchResponseError('Conflict error: {""error_code"":""IDEMPOTENCY_CONFLICT"",""message"":""Duplicate idempotency key \'u2623238192976-db2c412952bf4003\' used with conflicting reservation parameters.""}')",1
pessimistic_lock_write_heavy_c100_rep2,pessimistic_lock,write_heavy,100,/items/:id/reserve [POST],"CatchResponseError('Conflict error: {""error_code"":""IDEMPOTENCY_CONFLICT"",""message"":""Duplicate idempotency key \'u2623237847632-179fa14171844974\' used with conflicting reservation parameters.""}')",1
pessimistic_lock_write_heavy_c100_rep2,pessimistic_lock,write_heavy,100,/items/:id/reserve [POST],"CatchResponseError('Conflict error: {""error_code"":""IDEMPOTENCY_CONFLICT"",""message"":""Duplicate idempotency key \'u2623243607440-e83a8df8a3e6474a\' used with conflicting reservation parameters.""}')",1
pessimistic_lock_write_heavy_c100_rep2,pessimistic_lock,write_heavy,100,/items/:id/reserve [POST],"CatchResponseError('Conflict error: {""error_code"":""IDEMPOTENCY_CONFLICT"",""message"":""Duplicate idempotency key \'u2623243613008-bc1b43f51cf04752\' used with conflicting reservation parameters.""}')",1
pessimistic_lock_write_heavy_c100_rep2,pessimistic_lock,write_heavy,100,/items/:id/reserve [POST],"CatchResponseError('Conflict error: {""error_code"":""IDEMPOTENCY_CONFLICT"",""message"":""Duplicate idempotency key \'u2623238187984-a3d520d848ff4035\' used with conflicting reservation parameters.""}')",1
pessimistic_lock_write_heavy_c100_rep2,pessimistic_lock,write_heavy,100,/items/:id/reserve [POST],"CatchResponseError('Conflict error: {""error_code"":""IDEMPOTENCY_CONFLICT"",""message"":""Duplicate idempotency key \'u2623239468240-99d8984d5ff54520\' used with conflicting reservation parameters.""}')",1
pessimistic_lock_write_heavy_c100_rep2,pessimistic_lock,write_heavy,100,/items/:id/reserve [POST],"CatchResponseError('Conflict error: {""error_code"":""IDEMPOTENCY_CONFLICT"",""message"":""Duplicate idempotency key \'u2623238181840-2bf5353e6f094541\' used with conflicting reservation parameters.""}')",1
pessimistic_lock_write_heavy_c100_rep2,pessimistic_lock,write_heavy,100,/items/:id/reserve [POST],"CatchResponseError('Conflict error: {""error_code"":""IDEMPOTENCY_CONFLICT"",""message"":""Duplicate idempotency key \'u2623238189904-a63c6d93b7a043c7\' used with conflicting reservation parameters.""}')",1
pessimistic_lock_write_heavy_c100_rep2,pessimistic_lock,write_heavy,100,/items/:id/reserve [POST],"CatchResponseError('Conflict error: {""error_code"":""IDEMPOTENCY_CONFLICT"",""message"":""Duplicate idempotency key \'u2623238191056-17f3316fe4234167\' used with conflicting reservation parameters.""}')",1
pessimistic_lock_write_heavy_c100_rep2,pessimistic_lock,write_heavy,100,/items/:id/reserve [POST],"CatchResponseError('Conflict error: {""error_code"":""IDEMPOTENCY_CONFLICT"",""message"":""Duplicate idempotency key \'u2623237854928-dc4219b4f6c94e1a\' used with conflicting reservation parameters.""}')",1
pessimistic_lock_write_heavy_c100_rep2,pessimistic_lock,write_heavy,100,/items/:id/reserve [POST],"CatchResponseError('Conflict error: {""error_code"":""IDEMPOTENCY_CONFLICT"",""message"":""Duplicate idempotency key \'u2623243611472-05367dc497c0443a\' used with conflicting reservation parameters.""}')",1
pessimistic_lock_write_heavy_c100_rep2,pessimistic_lock,write_heavy,100,/items/:id/reserve [POST],"CatchResponseError('Conflict error: {""error_code"":""IDEMPOTENCY_CONFLICT"",""message"":""Duplicate idempotency key \'u2623238768016-708e4bcbf6094918\' used with conflicting reservation parameters.""}')",1
pessimistic_lock_write_heavy_c100_rep2,pessimistic_lock,write_heavy,100,/items/:id/reserve [POST],"CatchResponseError('Conflict error: {""error_code"":""IDEMPOTENCY_CONFLICT"",""message"":""Duplicate idempotency key \'u2623239464592-05663047306440f7\' used with conflicting reservation parameters.""}')",1
pessimistic_lock_write_heavy_c100_rep2,pessimistic_lock,write_heavy,100,/items/:id/reserve [POST],"CatchResponseError('Conflict error: {""error_code"":""IDEMPOTENCY_CONFLICT"",""message"":""Duplicate idempotency key \'u2623238188368-c8fdb8586a86478d\' used with conflicting reservation parameters.""}')",1
pessimistic_lock_write_heavy_c100_rep2,pessimistic_lock,write_heavy,100,/items/:id/reserve [POST],"CatchResponseError('Conflict error: {""error_code"":""IDEMPOTENCY_CONFLICT"",""message"":""Duplicate idempotency key \'u2623238189520-722d78871eec42ed\' used with conflicting reservation parameters.""}')",1
pessimistic_lock_write_heavy_c20_rep1,pessimistic_lock,write_heavy,20,/items/:id/reserve [POST],"CatchResponseError('Conflict error: {""error_code"":""IDEMPOTENCY_CONFLICT"",""message"":""Duplicate idempotency key \'u1782005322896-1aa68cabde79475a\' used with conflicting reservation parameters.""}')",1
pessimistic_lock_write_heavy_c20_rep1,pessimistic_lock,write_heavy,20,/items/:id/reserve [POST],"CatchResponseError('Conflict error: {""error_code"":""IDEMPOTENCY_CONFLICT"",""message"":""Duplicate idempotency key \'u1782005308048-99401ca357654058\' used with conflicting reservation parameters.""}')",1
pessimistic_lock_write_heavy_c20_rep1,pessimistic_lock,write_heavy,20,/items/:id/reserve [POST],"CatchResponseError('Conflict error: {""error_code"":""IDEMPOTENCY_CONFLICT"",""message"":""Duplicate idempotency key \'u1782006953360-9d95f18db9e14d4a\' used with conflicting reservation parameters.""}')",1
pessimistic_lock_write_heavy_c20_rep1,pessimistic_lock,write_heavy,20,/items/:id/reserve [POST],"CatchResponseError('Conflict error: {""error_code"":""IDEMPOTENCY_CONFLICT"",""message"":""Duplicate idempotency key \'u1782005015824-c0bd028185e84fbd\' used with conflicting reservation parameters.""}')",1
pessimistic_lock_write_heavy_c20_rep1,pessimistic_lock,write_heavy,20,/items/:id/reserve [POST],"CatchResponseError('Conflict error: {""error_code"":""IDEMPOTENCY_CONFLICT"",""message"":""Duplicate idempotency key \'u1782005308048-50e83dee063f4102\' used with conflicting reservation parameters.""}')",1
pessimistic_lock_write_heavy_c20_rep1,pessimistic_lock,write_heavy,20,/items/:id/reserve [POST],"CatchResponseError('Conflict error: {""error_code"":""IDEMPOTENCY_CONFLICT"",""message"":""Duplicate idempotency key \'u1782006954320-0bdc04fd27214035\' used with conflicting reservation parameters.""}')",1
pessimistic_lock_write_heavy_c20_rep1,pessimistic_lock,write_heavy,20,/items/:id/reserve [POST],"CatchResponseError('Conflict error: {""error_code"":""IDEMPOTENCY_CONFLICT"",""message"":""Duplicate idempotency key \'u1782006953936-478ca90c3f9241d2\' used with conflicting reservation parameters.""}')",1
pessimistic_lock_write_heavy_c20_rep1,pessimistic_lock,write_heavy,20,/items/:id/reserve [POST],"CatchResponseError('Conflict error: {""error_code"":""IDEMPOTENCY_CONFLICT"",""message"":""Duplicate idempotency key \'u1782005307088-62b9f070266e4a5b\' used with conflicting reservation parameters.""}')",1
pessimistic_lock_write_heavy_c20_rep1,pessimistic_lock,write_heavy,20,/items/:id/reserve [POST],"CatchResponseError('Conflict error: {""error_code"":""IDEMPOTENCY_CONFLICT"",""message"":""Duplicate idempotency key \'u1782005489712-a344419cde614e41\' used with conflicting reservation parameters.""}')",1
pessimistic_lock_write_heavy_c20_rep2,pessimistic_lock,write_heavy,20,/items/:id/reserve [POST],"CatchResponseError('Conflict error: {""error_code"":""IDEMPOTENCY_CONFLICT"",""message"":""Duplicate idempotency key \'u2786611058384-7514e5dbb99d4d1e\' used with conflicting reservation parameters.""}')",1
pessimistic_lock_write_heavy_c20_rep2,pessimistic_lock,write_heavy,20,/items/:id/reserve [POST],"CatchResponseError('Conflict error: {""error_code"":""IDEMPOTENCY_CONFLICT"",""message"":""Duplicate idempotency key \'u2786612244752-840730197b15493c\' used with conflicting reservation parameters.""}')",1
pessimistic_lock_write_heavy_c20_rep2,pessimistic_lock,write_heavy,20,/items/:id/reserve [POST],"CatchResponseError('Conflict error: {""error_code"":""IDEMPOTENCY_CONFLICT"",""message"":""Duplicate idempotency key \'u2786611122240-03ffd398993540c5\' used with conflicting reservation parameters.""}')",1
pessimistic_lock_write_heavy_c20_rep2,pessimistic_lock,write_heavy,20,/items/:id/reserve [POST],"CatchResponseError('Conflict error: {""error_code"":""IDEMPOTENCY_CONFLICT"",""message"":""Duplicate idempotency key \'u2786610889008-01b6f1e00ca64b01\' used with conflicting reservation parameters.""}')",1
pessimistic_lock_write_heavy_c20_rep2,pessimistic_lock,write_heavy,20,/items/:id/reserve [POST],"CatchResponseError('Conflict error: {""error_code"":""IDEMPOTENCY_CONFLICT"",""message"":""Duplicate idempotency key \'u2786611006160-f6a1d15ced1840e6\' used with conflicting reservation parameters.""}')",1
pessimistic_lock_write_heavy_c20_rep2,pessimistic_lock,write_heavy,20,/items/:id/reserve [POST],"CatchResponseError('Conflict error: {""error_code"":""IDEMPOTENCY_CONFLICT"",""message"":""Duplicate idempotency key \'u2786611124416-e9374bce287d4d50\' used with conflicting reservation parameters.""}')",1
pessimistic_lock_write_heavy_c20_rep2,pessimistic_lock,write_heavy,20,/items/:id/reserve [POST],"CatchResponseError('Conflict error: {""error_code"":""IDEMPOTENCY_CONFLICT"",""message"":""Duplicate idempotency key \'u2786612244752-190f4eadedca428b\' used with conflicting reservation parameters.""}')",1
pessimistic_lock_write_heavy_c20_rep2,pessimistic_lock,write_heavy,20,/items/:id/reserve [POST],"CatchResponseError('Conflict error: {""error_code"":""IDEMPOTENCY_CONFLICT"",""message"":""Duplicate idempotency key \'u2786611124416-cd66deae342e4c3b\' used with conflicting reservation parameters.""}')",1
pessimistic_lock_write_heavy_c20_rep2,pessimistic_lock,write_heavy,20,/items/:id/reserve [POST],"CatchResponseError('Conflict error: {""error_code"":""IDEMPOTENCY_CONFLICT"",""message"":""Duplicate idempotency key \'u2786611006160-361a559b4af646c1\' used with conflicting reservation parameters.""}')",1
pessimistic_lock_write_heavy_c20_rep2,pessimistic_lock,write_heavy,20,/items/:id/reserve [POST],"CatchResponseError('Conflict error: {""error_code"":""IDEMPOTENCY_CONFLICT"",""message"":""Duplicate idempotency key \'u2786612343056-67775c27fc074e34\' used with conflicting reservation parameters.""}')",2
pessimistic_lock_write_heavy_c20_rep2,pessimistic_lock,write_heavy,20,/items/:id/reserve [POST],"CatchResponseError('Conflict error: {""error_code"":""IDEMPOTENCY_CONFLICT"",""message"":""Duplicate idempotency key \'u2786611059344-8d5bdd5d691a476f\' used with conflicting reservation parameters.""}')",1
pessimistic_lock_write_heavy_c20_rep2,pessimistic_lock,write_heavy,20,/items/:id/reserve [POST],"CatchResponseError('Conflict error: {""error_code"":""IDEMPOTENCY_CONFLICT"",""message"":""Duplicate idempotency key \'u2786612343056-6f5d2bde42984824\' used with conflicting reservation parameters.""}')",1
pessimistic_lock_write_heavy_c20_rep2,pessimistic_lock,write_heavy,20,/items/:id/reserve [POST],"CatchResponseError('Conflict error: {""error_code"":""IDEMPOTENCY_CONFLICT"",""message"":""Duplicate idempotency key \'u2786610895504-702ef58634084dff\' used with conflicting reservation parameters.""}')",1
pessimistic_lock_write_heavy_c20_rep2,pessimistic_lock,write_heavy,20,/items/:id/reserve [POST],"CatchResponseError('Conflict error: {""error_code"":""IDEMPOTENCY_CONFLICT"",""message"":""Duplicate idempotency key \'u2786611224624-ccade96a4ba84f13\' used with conflicting reservation parameters.""}')",1
pessimistic_lock_write_heavy_c20_rep2,pessimistic_lock,write_heavy,20,/items/:id/reserve [POST],"CatchResponseError('Conflict error: {""error_code"":""IDEMPOTENCY_CONFLICT"",""message"":""Duplicate idempotency key \'u2786612342096-0e830e8c04964215\' used with conflicting reservation parameters.""}')",1
pessimistic_lock_write_heavy_c20_rep2,pessimistic_lock,write_heavy,20,/items/:id/reserve [POST],"CatchResponseError('Conflict error: {""error_code"":""IDEMPOTENCY_CONFLICT"",""message"":""Duplicate idempotency key \'u2786611122240-ee3dacfcae91461c\' used with conflicting reservation parameters.""}')",1
pessimistic_lock_write_heavy_c20_rep2,pessimistic_lock,write_heavy,20,/items/:id/reserve [POST],"CatchResponseError('Conflict error: {""error_code"":""IDEMPOTENCY_CONFLICT"",""message"":""Duplicate idempotency key \'u2786612337104-2745883d9f254a2e\' used with conflicting reservation parameters.""}')",1
pessimistic_lock_write_heavy_c20_rep2,pessimistic_lock,write_heavy,20,/items/:id/reserve [POST],"CatchResponseError('Conflict error: {""error_code"":""IDEMPOTENCY_CONFLICT"",""message"":""Duplicate idempotency key \'u2786611124416-4d903136f6614d61\' used with conflicting reservation parameters.""}')",1
pessimistic_lock_write_heavy_c20_rep2,pessimistic_lock,write_heavy,20,/items/:id/reserve [POST],"CatchResponseError('Conflict error: {""error_code"":""IDEMPOTENCY_CONFLICT"",""message"":""Duplicate idempotency key \'u2786610790480-edd1a7fd2f3444c5\' used with conflicting reservation parameters.""}')",1
pessimistic_lock_write_heavy_c20_rep2,pessimistic_lock,write_heavy,20,/items/:id/reserve [POST],"CatchResponseError('Conflict error: {""error_code"":""IDEMPOTENCY_CONFLICT"",""message"":""Duplicate idempotency key \'u2786611122240-1f0d4375192c4db1\' used with conflicting reservation parameters.""}')",1
pessimistic_lock_write_heavy_c20_rep2,pessimistic_lock,write_heavy,20,/items/:id/reserve [POST],"CatchResponseError('Conflict error: {""error_code"":""IDEMPOTENCY_CONFLICT"",""message"":""Duplicate idempotency key \'u2786612339600-43b553df97f74918\' used with conflicting reservation parameters.""}')",1
pessimistic_lock_write_heavy_c20_rep2,pessimistic_lock,write_heavy,20,/items/:id/reserve [POST],"CatchResponseError('Conflict error: {""error_code"":""IDEMPOTENCY_CONFLICT"",""message"":""Duplicate idempotency key \'u2786611224624-f79f540ac80e4470\' used with conflicting reservation parameters.""}')",1
pessimistic_lock_write_heavy_c20_rep2,pessimistic_lock,write_heavy,20,/items/:id/reserve [POST],"CatchResponseError('Conflict error: {""error_code"":""IDEMPOTENCY_CONFLICT"",""message"":""Duplicate idempotency key \'u2786612279920-bf08d5ef144d4be4\' used with conflicting reservation parameters.""}')",1
pessimistic_lock_write_heavy_c20_rep2,pessimistic_lock,write_heavy,20,/items/:id/reserve [POST],"CatchResponseError('Conflict error: {""error_code"":""IDEMPOTENCY_CONFLICT"",""message"":""Duplicate idempotency key \'u2786611058384-0b20888883cc406b\' used with conflicting reservation parameters.""}')",1
pessimistic_lock_write_heavy_c20_rep2,pessimistic_lock,write_heavy,20,/items/:id/reserve [POST],"CatchResponseError('Conflict error: {""error_code"":""IDEMPOTENCY_CONFLICT"",""message"":""Duplicate idempotency key \'u2786612340944-bc0094968e61435b\' used with conflicting reservation parameters.""}')",1
pessimistic_lock_write_heavy_c20_rep2,pessimistic_lock,write_heavy,20,/items/:id/reserve [POST],"CatchResponseError('Conflict error: {""error_code"":""IDEMPOTENCY_CONFLICT"",""message"":""Duplicate idempotency key \'u2786611074192-09b864e512cc4a27\' used with conflicting reservation parameters.""}')",1
pessimistic_lock_write_heavy_c20_rep2,pessimistic_lock,write_heavy,20,/items/:id/reserve [POST],"CatchResponseError('Conflict error: {""error_code"":""IDEMPOTENCY_CONFLICT"",""message"":""Duplicate idempotency key \'u2786611006160-b4f21d4b8c4646c3\' used with conflicting reservation parameters.""}')",1
pessimistic_lock_write_heavy_c20_rep2,pessimistic_lock,write_heavy,20,/items/:id/reserve [POST],"CatchResponseError('Conflict error: {""error_code"":""IDEMPOTENCY_CONFLICT"",""message"":""Duplicate idempotency key \'u2786611058384-81ddc4f7d3234b82\' used with conflicting reservation parameters.""}')",1
pessimistic_lock_write_heavy_c20_rep2,pessimistic_lock,write_heavy,20,/items/:id/reserve [POST],"CatchResponseError('Conflict error: {""error_code"":""IDEMPOTENCY_CONFLICT"",""message"":""Duplicate idempotency key \'u2786611224624-ffce82dfc6284b23\' used with conflicting reservation parameters.""}')",1
pessimistic_lock_write_heavy_c20_rep2,pessimistic_lock,write_heavy,20,/items/:id/reserve [POST],"CatchResponseError('Conflict error: {""error_code"":""IDEMPOTENCY_CONFLICT"",""message"":""Duplicate idempotency key \'u2786611058384-5826a5fa7a2e41cd\' used with conflicting reservation parameters.""}')",2
pessimistic_lock_write_heavy_c20_rep2,pessimistic_lock,write_heavy,20,/items/:id/reserve [POST],"CatchResponseError('Conflict error: {""error_code"":""IDEMPOTENCY_CONFLICT"",""message"":""Duplicate idempotency key \'u2786610889008-84a9392840e54a55\' used with conflicting reservation parameters.""}')",1
pessimistic_lock_write_heavy_c50_rep1,pessimistic_lock,write_heavy,50,/items/:id/reserve [POST],"CatchResponseError('Conflict error: {""error_code"":""IDEMPOTENCY_CONFLICT"",""message"":""Duplicate idempotency key \'u1834437311312-8f70973cd6a54800\' used with conflicting reservation parameters.""}')",1
pessimistic_lock_write_heavy_c50_rep1,pessimistic_lock,write_heavy,50,/items/:id/reserve [POST],"CatchResponseError('Conflict error: {""error_code"":""IDEMPOTENCY_CONFLICT"",""message"":""Duplicate idempotency key \'u1834437382208-fc22fe53c946440a\' used with conflicting reservation parameters.""}')",1
pessimistic_lock_write_heavy_c50_rep1,pessimistic_lock,write_heavy,50,/items/:id/reserve [POST],"CatchResponseError('Conflict error: {""error_code"":""IDEMPOTENCY_CONFLICT"",""message"":""Duplicate idempotency key \'u1834437649296-576ed4389731478c\' used with conflicting reservation parameters.""}')",1
pessimistic_lock_write_heavy_c50_rep1,pessimistic_lock,write_heavy,50,/items/:id/reserve [POST],"CatchResponseError('Conflict error: {""error_code"":""IDEMPOTENCY_CONFLICT"",""message"":""Duplicate idempotency key \'u1834438967760-c7267e94fb6348bd\' used with conflicting reservation parameters.""}')",1
pessimistic_lock_write_heavy_c50_rep1,pessimistic_lock,write_heavy,50,/items/:id/reserve [POST],"CatchResponseError('Conflict error: {""error_code"":""IDEMPOTENCY_CONFLICT"",""message"":""Duplicate idempotency key \'u1834437672160-18e8f9e9fec1429b\' used with conflicting reservation parameters.""}')",1
pessimistic_lock_write_heavy_c50_rep1,pessimistic_lock,write_heavy,50,/items/:id/reserve [POST],"CatchResponseError('Conflict error: {""error_code"":""IDEMPOTENCY_CONFLICT"",""message"":""Duplicate idempotency key \'u1834437099856-124ce157ef204e07\' used with conflicting reservation parameters.""}')",1
pessimistic_lock_write_heavy_c50_rep1,pessimistic_lock,write_heavy,50,/items/:id/reserve [POST],"CatchResponseError('Conflict error: {""error_code"":""IDEMPOTENCY_CONFLICT"",""message"":""Duplicate idempotency key \'u1834436834960-06c317d96e3749a6\' used with conflicting reservation parameters.""}')",1
pessimistic_lock_write_heavy_c50_rep1,pessimistic_lock,write_heavy,50,/items/:id/reserve [POST],"CatchResponseError('Conflict error: {""error_code"":""IDEMPOTENCY_CONFLICT"",""message"":""Duplicate idempotency key \'u1834437648528-52f4e443f3ad4fb8\' used with conflicting reservation parameters.""}')",1
pessimistic_lock_write_heavy_c50_rep1,pessimistic_lock,write_heavy,50,/items/:id/reserve [POST],"CatchResponseError('Conflict error: {""error_code"":""IDEMPOTENCY_CONFLICT"",""message"":""Duplicate idempotency key \'u1834438969104-5b511159c7e94696\' used with conflicting reservation parameters.""}')",1
pessimistic_lock_write_heavy_c50_rep1,pessimistic_lock,write_heavy,50,/items/:id/reserve [POST],"CatchResponseError('Conflict error: {""error_code"":""IDEMPOTENCY_CONFLICT"",""message"":""Duplicate idempotency key \'u1834438973904-5f7fa4c6d44e4b50\' used with conflicting reservation parameters.""}')",1
pessimistic_lock_write_heavy_c50_rep1,pessimistic_lock,write_heavy,50,/items/:id/reserve [POST],"CatchResponseError('Conflict error: {""error_code"":""IDEMPOTENCY_CONFLICT"",""message"":""Duplicate idempotency key \'u1834438980624-d0134600d9d841a1\' used with conflicting reservation parameters.""}')",1
pessimistic_lock_write_heavy_c50_rep1,pessimistic_lock,write_heavy,50,/items/:id/reserve [POST],"CatchResponseError('Conflict error: {""error_code"":""IDEMPOTENCY_CONFLICT"",""message"":""Duplicate idempotency key \'u1834438969872-3cd4bda00ccf41ee\' used with conflicting reservation parameters.""}')",1
pessimistic_lock_write_heavy_c50_rep1,pessimistic_lock,write_heavy,50,/items/:id/reserve [POST],"CatchResponseError('Conflict error: {""error_code"":""IDEMPOTENCY_CONFLICT"",""message"":""Duplicate idempotency key \'u1834438974288-865e407aae564ed2\' used with conflicting reservation parameters.""}')",1
pessimistic_lock_write_heavy_c50_rep1,pessimistic_lock,write_heavy,50,/items/:id/reserve [POST],"CatchResponseError('Conflict error: {""error_code"":""IDEMPOTENCY_CONFLICT"",""message"":""Duplicate idempotency key \'u1834437656400-e88e0695e51e4ab5\' used with conflicting reservation parameters.""}')",1
pessimistic_lock_write_heavy_c50_rep1,pessimistic_lock,write_heavy,50,/items/:id/reserve [POST],"CatchResponseError('Conflict error: {""error_code"":""IDEMPOTENCY_CONFLICT"",""message"":""Duplicate idempotency key \'u1834438969104-7470579d304d4d6d\' used with conflicting reservation parameters.""}')",1
pessimistic_lock_write_heavy_c50_rep1,pessimistic_lock,write_heavy,50,/items/:id/reserve [POST],"CatchResponseError('Conflict error: {""error_code"":""IDEMPOTENCY_CONFLICT"",""message"":""Duplicate idempotency key \'u1834437649680-0fd0417a40b94be8\' used with conflicting reservation parameters.""}')",1
pessimistic_lock_write_heavy_c50_rep1,pessimistic_lock,write_heavy,50,/items/:id/reserve [POST],"CatchResponseError('Conflict error: {""error_code"":""IDEMPOTENCY_CONFLICT"",""message"":""Duplicate idempotency key \'u1834438970640-58ed14b1961842e9\' used with conflicting reservation parameters.""}')",1
pessimistic_lock_write_heavy_c50_rep1,pessimistic_lock,write_heavy,50,/items/:id/reserve [POST],"CatchResponseError('Conflict error: {""error_code"":""IDEMPOTENCY_CONFLICT"",""message"":""Duplicate idempotency key \'u1834437652560-596d71e525c147d6\' used with conflicting reservation parameters.""}')",1
pessimistic_lock_write_heavy_c50_rep1,pessimistic_lock,write_heavy,50,/items/:id/reserve [POST],"CatchResponseError('Conflict error: {""error_code"":""IDEMPOTENCY_CONFLICT"",""message"":""Duplicate idempotency key \'u1834437656016-c56f6f1ed37d41b6\' used with conflicting reservation parameters.""}')",1
pessimistic_lock_write_heavy_c50_rep1,pessimistic_lock,write_heavy,50,/items/:id/reserve [POST],"CatchResponseError('Conflict error: {""error_code"":""IDEMPOTENCY_CONFLICT"",""message"":""Duplicate idempotency key \'u1834438969872-0b7b262e83b6437a\' used with conflicting reservation parameters.""}')",1
pessimistic_lock_write_heavy_c50_rep1,pessimistic_lock,write_heavy,50,/items/:id/reserve [POST],"CatchResponseError('Conflict error: {""error_code"":""IDEMPOTENCY_CONFLICT"",""message"":""Duplicate idempotency key \'u1834437670032-ebf144b47e4f46dc\' used with conflicting reservation parameters.""}')",1
pessimistic_lock_write_heavy_c50_rep1,pessimistic_lock,write_heavy,50,/items/:id/reserve [POST],"CatchResponseError('Conflict error: {""error_code"":""IDEMPOTENCY_CONFLICT"",""message"":""Duplicate idempotency key \'u1834438970256-2c6a3d2c6fad45f8\' used with conflicting reservation parameters.""}')",1
pessimistic_lock_write_heavy_c50_rep1,pessimistic_lock,write_heavy,50,/items/:id/reserve [POST],"CatchResponseError('Conflict error: {""error_code"":""IDEMPOTENCY_CONFLICT"",""message"":""Duplicate idempotency key \'u1834437648528-0d1b91e39ddc4666\' used with conflicting reservation parameters.""}')",1
pessimistic_lock_write_heavy_c50_rep1,pessimistic_lock,write_heavy,50,/items/:id/reserve [POST],"CatchResponseError('Conflict error: {""error_code"":""IDEMPOTENCY_CONFLICT"",""message"":""Duplicate idempotency key \'u1834438967952-1e9afa32327c4277\' used with conflicting reservation parameters.""}')",2
pessimistic_lock_write_heavy_c50_rep1,pessimistic_lock,write_heavy,50,/items/:id/reserve [POST],"CatchResponseError('Conflict error: {""error_code"":""IDEMPOTENCY_CONFLICT"",""message"":""Duplicate idempotency key \'u1834437311312-258e890e0a13449c\' used with conflicting reservation parameters.""}')",1
pessimistic_lock_write_heavy_c50_rep1,pessimistic_lock,write_heavy,50,/items/:id/reserve [POST],"CatchResponseError('Conflict error: {""error_code"":""IDEMPOTENCY_CONFLICT"",""message"":""Duplicate idempotency key \'u1834438977744-7845c74ccf5247a4\' used with conflicting reservation parameters.""}')",1
pessimistic_lock_write_heavy_c50_rep1,pessimistic_lock,write_heavy,50,/items/:id/reserve [POST],"CatchResponseError('Conflict error: {""error_code"":""IDEMPOTENCY_CONFLICT"",""message"":""Duplicate idempotency key \'u1834439120208-cd0f274a8690470f\' used with conflicting reservation parameters.""}')",1
pessimistic_lock_write_heavy_c50_rep1,pessimistic_lock,write_heavy,50,/items/:id/reserve [POST],"CatchResponseError('Conflict error: {""error_code"":""IDEMPOTENCY_CONFLICT"",""message"":""Duplicate idempotency key \'u1834438979280-c9ad164a858a4c71\' used with conflicting reservation parameters.""}')",1
pessimistic_lock_write_heavy_c50_rep1,pessimistic_lock,write_heavy,50,/items/:id/reserve [POST],"CatchResponseError('Conflict error: {""error_code"":""IDEMPOTENCY_CONFLICT"",""message"":""Duplicate idempotency key \'u1834438977168-274c7ebc1d8447c3\' used with conflicting reservation parameters.""}')",1
pessimistic_lock_write_heavy_c50_rep1,pessimistic_lock,write_heavy,50,/items/:id/reserve [POST],"CatchResponseError('Conflict error: {""error_code"":""IDEMPOTENCY_CONFLICT"",""message"":""Duplicate idempotency key \'u1834437649296-23157423b3aa4485\' used with conflicting reservation parameters.""}')",1
pessimistic_lock_write_heavy_c50_rep1,pessimistic_lock,write_heavy,50,/items/:id/reserve [POST],"CatchResponseError('Conflict error: {""error_code"":""IDEMPOTENCY_CONFLICT"",""message"":""Duplicate idempotency key \'u1834437656400-f3bed4cc93d14094\' used with conflicting reservation parameters.""}')",1
pessimistic_lock_write_heavy_c50_rep1,pessimistic_lock,write_heavy,50,/items/:id/reserve [POST],"CatchResponseError('Conflict error: {""error_code"":""IDEMPOTENCY_CONFLICT"",""message"":""Duplicate idempotency key \'u1834437650064-d151a2e23e0c442f\' used with conflicting reservation parameters.""}')",1
pessimistic_lock_write_heavy_c50_rep1,pessimistic_lock,write_heavy,50,/items/:id/reserve [POST],"CatchResponseError('Conflict error: {""error_code"":""IDEMPOTENCY_CONFLICT"",""message"":""Duplicate idempotency key \'u1834437649296-c9748e12cd384ab6\' used with conflicting reservation parameters.""}')",1
pessimistic_lock_write_heavy_c50_rep1,pessimistic_lock,write_heavy,50,/items/:id/reserve [POST],"CatchResponseError('Conflict error: {""error_code"":""IDEMPOTENCY_CONFLICT"",""message"":""Duplicate idempotency key \'u1834437648144-2cd4c41fc0a34ced\' used with conflicting reservation parameters.""}')",1
pessimistic_lock_write_heavy_c50_rep1,pessimistic_lock,write_heavy,50,/items/:id/reserve [POST],"CatchResponseError('Conflict error: {""error_code"":""IDEMPOTENCY_CONFLICT"",""message"":""Duplicate idempotency key \'u1834437099856-b17ba6d88c904858\' used with conflicting reservation parameters.""}')",1
pessimistic_lock_write_heavy_c50_rep2,pessimistic_lock,write_heavy,50,/items/:id/reserve [POST],"CatchResponseError('Conflict error: {""error_code"":""IDEMPOTENCY_CONFLICT"",""message"":""Duplicate idempotency key \'u2469101836368-073c3742ce72416d\' used with conflicting reservation parameters.""}')",2
pessimistic_lock_write_heavy_c50_rep2,pessimistic_lock,write_heavy,50,/items/:id/reserve [POST],"CatchResponseError('Conflict error: {""error_code"":""IDEMPOTENCY_CONFLICT"",""message"":""Duplicate idempotency key \'u2469101838480-824ae003e4874bc3\' used with conflicting reservation parameters.""}')",1
pessimistic_lock_write_heavy_c50_rep2,pessimistic_lock,write_heavy,50,/items/:id/reserve [POST],"CatchResponseError('Conflict error: {""error_code"":""IDEMPOTENCY_CONFLICT"",""message"":""Duplicate idempotency key \'u2469101692848-63f81ebf08744e40\' used with conflicting reservation parameters.""}')",1
pessimistic_lock_write_heavy_c50_rep2,pessimistic_lock,write_heavy,50,/items/:id/reserve [POST],"CatchResponseError('Conflict error: {""error_code"":""IDEMPOTENCY_CONFLICT"",""message"":""Duplicate idempotency key \'u2469101022448-749580965f964045\' used with conflicting reservation parameters.""}')",1
pessimistic_lock_write_heavy_c50_rep2,pessimistic_lock,write_heavy,50,/items/:id/reserve [POST],"CatchResponseError('Conflict error: {""error_code"":""IDEMPOTENCY_CONFLICT"",""message"":""Duplicate idempotency key \'u2469103071888-20a8b13e294c464d\' used with conflicting reservation parameters.""}')",1
pessimistic_lock_write_heavy_c50_rep2,pessimistic_lock,write_heavy,50,/items/:id/reserve [POST],"CatchResponseError('Conflict error: {""error_code"":""IDEMPOTENCY_CONFLICT"",""message"":""Duplicate idempotency key \'u2469100980944-a67d51da088d436f\' used with conflicting reservation parameters.""}')",1
pessimistic_lock_write_heavy_c50_rep2,pessimistic_lock,write_heavy,50,/items/:id/reserve [POST],"CatchResponseError('Conflict error: {""error_code"":""IDEMPOTENCY_CONFLICT"",""message"":""Duplicate idempotency key \'u2469103064400-d25eb99ebae3472a\' used with conflicting reservation parameters.""}')",1
pessimistic_lock_write_heavy_c50_rep2,pessimistic_lock,write_heavy,50,/items/:id/reserve [POST],"CatchResponseError('Conflict error: {""error_code"":""IDEMPOTENCY_CONFLICT"",""message"":""Duplicate idempotency key \'u2469101862112-fe4feeee099f4e2c\' used with conflicting reservation parameters.""}')",1
pessimistic_lock_write_heavy_c50_rep2,pessimistic_lock,write_heavy,50,/items/:id/reserve [POST],"CatchResponseError('Conflict error: {""error_code"":""IDEMPOTENCY_CONFLICT"",""message"":""Duplicate idempotency key \'u2469103060560-485111b406d240ce\' used with conflicting reservation parameters.""}')",1
pessimistic_lock_write_heavy_c50_rep2,pessimistic_lock,write_heavy,50,/items/:id/reserve [POST],"CatchResponseError('Conflict error: {""error_code"":""IDEMPOTENCY_CONFLICT"",""message"":""Duplicate idempotency key \'u2469101524112-51570e21166f48e5\' used with conflicting reservation parameters.""}')",1
pessimistic_lock_write_heavy_c50_rep2,pessimistic_lock,write_heavy,50,/items/:id/reserve [POST],"CatchResponseError('Conflict error: {""error_code"":""IDEMPOTENCY_CONFLICT"",""message"":""Duplicate idempotency key \'u2469103065744-7809099ef9da4480\' used with conflicting reservation parameters.""}')",1
pessimistic_lock_write_heavy_c50_rep2,pessimistic_lock,write_heavy,50,/items/:id/reserve [POST],"CatchResponseError('Conflict error: {""error_code"":""IDEMPOTENCY_CONFLICT"",""message"":""Duplicate idempotency key \'u2469103065168-cbe870f7b51a4a60\' used with conflicting reservation parameters.""}')",1
pessimistic_lock_write_heavy_c50_rep2,pessimistic_lock,write_heavy,50,/items/:id/reserve [POST],"CatchResponseError('Conflict error: {""error_code"":""IDEMPOTENCY_CONFLICT"",""message"":""Duplicate idempotency key \'u2469103061712-7f2ffe977ca0408f\' used with conflicting reservation parameters.""}')",1
pessimistic_lock_write_heavy_c50_rep2,pessimistic_lock,write_heavy,50,/items/:id/reserve [POST],"CatchResponseError('Conflict error: {""error_code"":""IDEMPOTENCY_CONFLICT"",""message"":""Duplicate idempotency key \'u2469101835216-46192839a5974f7e\' used with conflicting reservation parameters.""}')",1
pessimistic_lock_write_heavy_c50_rep2,pessimistic_lock,write_heavy,50,/items/:id/reserve [POST],"CatchResponseError('Conflict error: {""error_code"":""IDEMPOTENCY_CONFLICT"",""message"":""Duplicate idempotency key \'u2469103062864-f354a0667ceb47c0\' used with conflicting reservation parameters.""}')",1
pessimistic_lock_write_heavy_c50_rep2,pessimistic_lock,write_heavy,50,/items/:id/reserve [POST],"CatchResponseError('Conflict error: {""error_code"":""IDEMPOTENCY_CONFLICT"",""message"":""Duplicate idempotency key \'u2469101839632-3aadae5419824ce4\' used with conflicting reservation parameters.""}')",1
pessimistic_lock_write_heavy_c50_rep2,pessimistic_lock,write_heavy,50,/items/:id/reserve [POST],"CatchResponseError('Conflict error: {""error_code"":""IDEMPOTENCY_CONFLICT"",""message"":""Duplicate idempotency key \'u2469101862112-d2b3a19b096e47ac\' used with conflicting reservation parameters.""}')",1
pessimistic_lock_write_heavy_c50_rep2,pessimistic_lock,write_heavy,50,/items/:id/reserve [POST],"CatchResponseError('Conflict error: {""error_code"":""IDEMPOTENCY_CONFLICT"",""message"":""Duplicate idempotency key \'u2469103074768-57fe8624e43e401e\' used with conflicting reservation parameters.""}')",1
pessimistic_lock_write_heavy_c50_rep2,pessimistic_lock,write_heavy,50,/items/:id/reserve [POST],"CatchResponseError('Conflict error: {""error_code"":""IDEMPOTENCY_CONFLICT"",""message"":""Duplicate idempotency key \'u2469103067472-1180bf2c8980466e\' used with conflicting reservation parameters.""}')",1
pessimistic_lock_write_heavy_c50_rep2,pessimistic_lock,write_heavy,50,/items/:id/reserve [POST],"CatchResponseError('Conflict error: {""error_code"":""IDEMPOTENCY_CONFLICT"",""message"":""Duplicate idempotency key \'u2469101024912-aa140dcfaf004f32\' used with conflicting reservation parameters.""}')",1
pessimistic_lock_write_heavy_c50_rep2,pessimistic_lock,write_heavy,50,/items/:id/reserve [POST],"CatchResponseError('Conflict error: {""error_code"":""IDEMPOTENCY_CONFLICT"",""message"":""Duplicate idempotency key \'u2469103066896-83411a4c5c004903\' used with conflicting reservation parameters.""}')",1
pessimistic_lock_write_heavy_c50_rep2,pessimistic_lock,write_heavy,50,/items/:id/reserve [POST],"CatchResponseError('Conflict error: {""error_code"":""IDEMPOTENCY_CONFLICT"",""message"":""Duplicate idempotency key \'u2469103074768-83f7f67bd85f490f\' used with conflicting reservation parameters.""}')",1
pessimistic_lock_write_heavy_c50_rep2,pessimistic_lock,write_heavy,50,/items/:id/reserve [POST],"CatchResponseError('Conflict error: {""error_code"":""IDEMPOTENCY_CONFLICT"",""message"":""Duplicate idempotency key \'u2469103059024-44de86ad03a64af8\' used with conflicting reservation parameters.""}')",1
pessimistic_lock_write_heavy_c50_rep2,pessimistic_lock,write_heavy,50,/items/:id/reserve [POST],"CatchResponseError('Conflict error: {""error_code"":""IDEMPOTENCY_CONFLICT"",""message"":""Duplicate idempotency key \'u2469101839632-c14c816af7e84dfb\' used with conflicting reservation parameters.""}')",2
pessimistic_lock_write_heavy_c50_rep2,pessimistic_lock,write_heavy,50,/items/:id/reserve [POST],"CatchResponseError('Conflict error: {""error_code"":""IDEMPOTENCY_CONFLICT"",""message"":""Duplicate idempotency key \'u2469101572160-fca67f30ede64f9b\' used with conflicting reservation parameters.""}')",1
pessimistic_lock_write_heavy_c50_rep2,pessimistic_lock,write_heavy,50,/items/:id/reserve [POST],"CatchResponseError('Conflict error: {""error_code"":""IDEMPOTENCY_CONFLICT"",""message"":""Duplicate idempotency key \'u2469103070352-21d352fa52b34c5b\' used with conflicting reservation parameters.""}')",1
pessimistic_lock_write_heavy_c50_rep2,pessimistic_lock,write_heavy,50,/items/:id/reserve [POST],"CatchResponseError('Conflict error: {""error_code"":""IDEMPOTENCY_CONFLICT"",""message"":""Duplicate idempotency key \'u2469101501264-159264ed5c0e492c\' used with conflicting reservation parameters.""}')",1
pessimistic_lock_write_heavy_c50_rep2,pessimistic_lock,write_heavy,50,/items/:id/reserve [POST],"CatchResponseError('Conflict error: {""error_code"":""IDEMPOTENCY_CONFLICT"",""message"":""Duplicate idempotency key \'u2469100980944-591fd93e7b6d4ca4\' used with conflicting reservation parameters.""}')",1
pessimistic_lock_write_heavy_c50_rep2,pessimistic_lock,write_heavy,50,/items/:id/reserve [POST],"CatchResponseError('Conflict error: {""error_code"":""IDEMPOTENCY_CONFLICT"",""message"":""Duplicate idempotency key \'u2469101859984-d0d8da14cf9b495b\' used with conflicting reservation parameters.""}')",1
pessimistic_lock_write_heavy_c50_rep2,pessimistic_lock,write_heavy,50,/items/:id/reserve [POST],"CatchResponseError('Conflict error: {""error_code"":""IDEMPOTENCY_CONFLICT"",""message"":""Duplicate idempotency key \'u2469101572160-75e8d86812b545d8\' used with conflicting reservation parameters.""}')",1
pessimistic_lock_write_heavy_c50_rep2,pessimistic_lock,write_heavy,50,/items/:id/reserve [POST],"CatchResponseError('Conflict error: {""error_code"":""IDEMPOTENCY_CONFLICT"",""message"":""Duplicate idempotency key \'u2469103065936-f8a5ff5a0d734eb4\' used with conflicting reservation parameters.""}')",1
pessimistic_lock_write_heavy_c50_rep2,pessimistic_lock,write_heavy,50,/items/:id/reserve [POST],"CatchResponseError('Conflict error: {""error_code"":""IDEMPOTENCY_CONFLICT"",""message"":""Duplicate idempotency key \'u2469101692848-b94204ba7932426b\' used with conflicting reservation parameters.""}')",1
pessimistic_lock_write_heavy_c50_rep2,pessimistic_lock,write_heavy,50,/items/:id/reserve [POST],"CatchResponseError('Conflict error: {""error_code"":""IDEMPOTENCY_CONFLICT"",""message"":""Duplicate idempotency key \'u2469103068816-2b190e9b2fbc4f0f\' used with conflicting reservation parameters.""}')",1
pessimistic_lock_write_heavy_c50_rep2,pessimistic_lock,write_heavy,50,/items/:id/reserve [POST],"CatchResponseError('Conflict error: {""error_code"":""IDEMPOTENCY_CONFLICT"",""message"":""Duplicate idempotency key \'u2469103062864-5c0f5193724f442e\' used with conflicting reservation parameters.""}')",1
pessimistic_lock_write_heavy_c5_rep1,pessimistic_lock,write_heavy,5,/items/:id/reserve [POST],"CatchResponseError('Conflict error: {""error_code"":""IDEMPOTENCY_CONFLICT"",""message"":""Duplicate idempotency key \'u2587778579680-8ce2d3c59f264005\' used with conflicting reservation parameters.""}')",1
pessimistic_lock_write_heavy_c5_rep1,pessimistic_lock,write_heavy,5,/items/:id/reserve [POST],"CatchResponseError('Conflict error: {""error_code"":""IDEMPOTENCY_CONFLICT"",""message"":""Duplicate idempotency key \'u2587777698512-217bfa3b9bb84527\' used with conflicting reservation parameters.""}')",1
pessimistic_lock_write_heavy_c5_rep1,pessimistic_lock,write_heavy,5,/items/:id/reserve [POST],"CatchResponseError('Conflict error: {""error_code"":""IDEMPOTENCY_CONFLICT"",""message"":""Duplicate idempotency key \'u2587778579680-76aecd6bb88a4bd3\' used with conflicting reservation parameters.""}')",1
pessimistic_lock_write_heavy_c5_rep1,pessimistic_lock,write_heavy,5,/items/:id/reserve [POST],"CatchResponseError('Conflict error: {""error_code"":""IDEMPOTENCY_CONFLICT"",""message"":""Duplicate idempotency key \'u2587778225872-36c0175173fb44a8\' used with conflicting reservation parameters.""}')",1
pessimistic_lock_write_heavy_c5_rep1,pessimistic_lock,write_heavy,5,/items/:id/reserve [POST],"CatchResponseError('Conflict error: {""error_code"":""IDEMPOTENCY_CONFLICT"",""message"":""Duplicate idempotency key \'u2587778577552-8ca2a8e4a1ae4306\' used with conflicting reservation parameters.""}')",1
pessimistic_lock_write_heavy_c5_rep1,pessimistic_lock,write_heavy,5,/items/:id/reserve [POST],"CatchResponseError('Conflict error: {""error_code"":""IDEMPOTENCY_CONFLICT"",""message"":""Duplicate idempotency key \'u2587778225872-0836b28b82504575\' used with conflicting reservation parameters.""}')",1
pessimistic_lock_write_heavy_c5_rep1,pessimistic_lock,write_heavy,5,/items/:id/reserve [POST],"CatchResponseError('Conflict error: {""error_code"":""IDEMPOTENCY_CONFLICT"",""message"":""Duplicate idempotency key \'u2587777698512-889a717e0173452f\' used with conflicting reservation parameters.""}')",1
pessimistic_lock_write_heavy_c5_rep1,pessimistic_lock,write_heavy,5,/items/:id/reserve [POST],"CatchResponseError('Conflict error: {""error_code"":""IDEMPOTENCY_CONFLICT"",""message"":""Duplicate idempotency key \'u2587778577552-ebcf3cccf5e442f7\' used with conflicting reservation parameters.""}')",1
pessimistic_lock_write_heavy_c5_rep1,pessimistic_lock,write_heavy,5,/items/:id/reserve [POST],"CatchResponseError('Conflict error: {""error_code"":""IDEMPOTENCY_CONFLICT"",""message"":""Duplicate idempotency key \'u2587777698512-1dda01dfefe44dbb\' used with conflicting reservation parameters.""}')",1
pessimistic_lock_write_heavy_c5_rep1,pessimistic_lock,write_heavy,5,/items/:id/reserve [POST],"CatchResponseError('Conflict error: {""error_code"":""IDEMPOTENCY_CONFLICT"",""message"":""Duplicate idempotency key \'u2587778577552-de9a885237a44651\' used with conflicting reservation parameters.""}')",1
pessimistic_lock_write_heavy_c5_rep1,pessimistic_lock,write_heavy,5,/items/:id/reserve [POST],"CatchResponseError('Conflict error: {""error_code"":""IDEMPOTENCY_CONFLICT"",""message"":""Duplicate idempotency key \'u2587778226832-1095c61421f04baa\' used with conflicting reservation parameters.""}')",1
pessimistic_lock_write_heavy_c5_rep2,pessimistic_lock,write_heavy,5,/items/:id/reserve [POST],"CatchResponseError('Conflict error: {""error_code"":""IDEMPOTENCY_CONFLICT"",""message"":""Duplicate idempotency key \'u2868863270112-1ee0aba0b03044fe\' used with conflicting reservation parameters.""}')",1
pessimistic_lock_write_heavy_c5_rep2,pessimistic_lock,write_heavy,5,/items/:id/reserve [POST],"CatchResponseError('Conflict error: {""error_code"":""IDEMPOTENCY_CONFLICT"",""message"":""Duplicate idempotency key \'u2868862916304-5d011b70877349f7\' used with conflicting reservation parameters.""}')",1
pessimistic_lock_write_heavy_c5_rep2,pessimistic_lock,write_heavy,5,/items/:id/reserve [POST],"CatchResponseError('Conflict error: {""error_code"":""IDEMPOTENCY_CONFLICT"",""message"":""Duplicate idempotency key \'u2868863267984-92eed0aecd4843dc\' used with conflicting reservation parameters.""}')",1
pessimistic_lock_write_heavy_c5_rep2,pessimistic_lock,write_heavy,5,/items/:id/reserve [POST],"CatchResponseError('Conflict error: {""error_code"":""IDEMPOTENCY_CONFLICT"",""message"":""Duplicate idempotency key \'u2868863267984-25d5b2336c92453f\' used with conflicting reservation parameters.""}')",1
pessimistic_lock_write_heavy_c5_rep2,pessimistic_lock,write_heavy,5,/items/:id/reserve [POST],"CatchResponseError('Server error HTTP 404: {""error_code"":""ITEM_NOT_FOUND"",""message"":""Item with ID 8 not found.""}')",8
pessimistic_lock_write_heavy_c5_rep2,pessimistic_lock,write_heavy,5,/items/:id/reserve [POST],"CatchResponseError('Conflict error: {""error_code"":""IDEMPOTENCY_CONFLICT"",""message"":""Duplicate idempotency key \'u2868862388944-365c1d56adad46af\' used with conflicting reservation parameters.""}')",1
pessimistic_lock_write_heavy_c5_rep2,pessimistic_lock,write_heavy,5,/items/:id/reserve [POST],"CatchResponseError('Conflict error: {""error_code"":""IDEMPOTENCY_CONFLICT"",""message"":""Duplicate idempotency key \'u2868863267984-b9c87232ee78408c\' used with conflicting reservation parameters.""}')",1
pessimistic_lock_write_heavy_c5_rep2,pessimistic_lock,write_heavy,5,/items/:id/reserve [POST],"CatchResponseError('Server error HTTP 404: {""error_code"":""ITEM_NOT_FOUND"",""message"":""Item with ID 6 not found.""}')",7
pessimistic_lock_write_heavy_c5_rep2,pessimistic_lock,write_heavy,5,/items/:id/reserve [POST],"CatchResponseError('Conflict error: {""error_code"":""IDEMPOTENCY_CONFLICT"",""message"":""Duplicate idempotency key \'u2868862916304-287c31184a27461d\' used with conflicting reservation parameters.""}')",1
pessimistic_lock_write_heavy_c5_rep2,pessimistic_lock,write_heavy,5,/items/:id/reserve [POST],"CatchResponseError('Server error HTTP 404: {""error_code"":""ITEM_NOT_FOUND"",""message"":""Item with ID 11 not found.""}')",8
pessimistic_lock_write_heavy_c5_rep2,pessimistic_lock,write_heavy,5,/items/:id/reserve [POST],"CatchResponseError('Conflict error: {""error_code"":""IDEMPOTENCY_CONFLICT"",""message"":""Duplicate idempotency key \'u2868863270112-3892bc9e2d974062\' used with conflicting reservation parameters.""}')",1
pessimistic_lock_write_heavy_c5_rep2,pessimistic_lock,write_heavy,5,/items/:id/reserve [POST],"CatchResponseError('Conflict error: {""error_code"":""IDEMPOTENCY_CONFLICT"",""message"":""Duplicate idempotency key \'u2868862388944-d529295bf3d74330\' used with conflicting reservation parameters.""}')",1
pessimistic_lock_write_heavy_c5_rep2,pessimistic_lock,write_heavy,5,/items/:id/reserve [POST],"CatchResponseError('Conflict error: {""error_code"":""IDEMPOTENCY_CONFLICT"",""message"":""Duplicate idempotency key \'u2868862917264-8b6fa7222d024da6\' used with conflicting reservation parameters.""}')",1
pessimistic_lock_write_heavy_c5_rep2,pessimistic_lock,write_heavy,5,/items/:id/reserve [POST],"CatchResponseError('Server error HTTP 404: {""error_code"":""ITEM_NOT_FOUND"",""message"":""Item with ID 16 not found.""}')",5
pessimistic_lock_write_heavy_c5_rep2,pessimistic_lock,write_heavy,5,/items/:id [GET],HTTPError('404 Client Error: Not Found for url: /items/:id [GET]'),113
pessimistic_lock_write_heavy_c5_rep2,pessimistic_lock,write_heavy,5,/items/:id/reserve [POST],"CatchResponseError('Conflict error: {""error_code"":""IDEMPOTENCY_CONFLICT"",""message"":""Duplicate idempotency key \'u2868862916304-c431f6ea621a4e21\' used with conflicting reservation parameters.""}')",1
pessimistic_lock_write_heavy_c5_rep2,pessimistic_lock,write_heavy,5,/items/:id/reserve [POST],"CatchResponseError('Conflict error: {""error_code"":""IDEMPOTENCY_CONFLICT"",""message"":""Duplicate idempotency key \'u2868862917264-5312005669384cc7\' used with conflicting reservation parameters.""}')",1
pessimistic_lock_write_heavy_c5_rep2,pessimistic_lock,write_heavy,5,/items/:id/reserve [POST],"CatchResponseError('Server error HTTP 404: {""error_code"":""ITEM_NOT_FOUND"",""message"":""Item with ID 12 not found.""}')",12
pessimistic_lock_write_heavy_c5_rep2,pessimistic_lock,write_heavy,5,/items/:id/reserve [POST],"CatchResponseError('Conflict error: {""error_code"":""IDEMPOTENCY_CONFLICT"",""message"":""Duplicate idempotency key \'u2868862916304-fb750667cec24c1f\' used with conflicting reservation parameters.""}')",1
pessimistic_lock_write_heavy_c5_rep2,pessimistic_lock,write_heavy,5,/items/:id/reserve [POST],"CatchResponseError('Server error HTTP 404: {""error_code"":""ITEM_NOT_FOUND"",""message"":""Item with ID 3 not found.""}')",8
pessimistic_lock_write_heavy_c5_rep2,pessimistic_lock,write_heavy,5,/items/:id/reserve [POST],"CatchResponseError('Server error HTTP 404: {""error_code"":""ITEM_NOT_FOUND"",""message"":""Item with ID 20 not found.""}')",3
pessimistic_lock_write_heavy_c5_rep2,pessimistic_lock,write_heavy,5,/items/:id/reserve [POST],"CatchResponseError('Server error HTTP 404: {""error_code"":""ITEM_NOT_FOUND"",""message"":""Item with ID 18 not found.""}')",7
pessimistic_lock_write_heavy_c5_rep2,pessimistic_lock,write_heavy,5,/items/:id/reserve [POST],"CatchResponseError('Server error HTTP 404: {""error_code"":""ITEM_NOT_FOUND"",""message"":""Item with ID 13 not found.""}')",6
pessimistic_lock_write_heavy_c5_rep2,pessimistic_lock,write_heavy,5,/items/:id/reserve [POST],"CatchResponseError('Conflict error: {""error_code"":""IDEMPOTENCY_CONFLICT"",""message"":""Duplicate idempotency key \'u2868862388944-e8b5b82b4d204d06\' used with conflicting reservation parameters.""}')",1
pessimistic_lock_write_heavy_c5_rep2,pessimistic_lock,write_heavy,5,/items/:id/reserve [POST],"CatchResponseError('Conflict error: {""error_code"":""IDEMPOTENCY_CONFLICT"",""message"":""Duplicate idempotency key \'u2868862388944-37ea46c6e8204966\' used with conflicting reservation parameters.""}')",1
pessimistic_lock_write_heavy_c5_rep2,pessimistic_lock,write_heavy,5,/items/:id/reserve [POST],"CatchResponseError('Server error HTTP 404: {""error_code"":""ITEM_NOT_FOUND"",""message"":""Item with ID 14 not found.""}')",6
pessimistic_lock_write_heavy_c5_rep2,pessimistic_lock,write_heavy,5,/items/:id/reserve [POST],"CatchResponseError('Conflict error: {""error_code"":""IDEMPOTENCY_CONFLICT"",""message"":""Duplicate idempotency key \'u2868862388944-88928d2153a049d5\' used with conflicting reservation parameters.""}')",1
pessimistic_lock_write_heavy_c5_rep2,pessimistic_lock,write_heavy,5,/items/:id/reserve [POST],"CatchResponseError('Conflict error: {""error_code"":""IDEMPOTENCY_CONFLICT"",""message"":""Duplicate idempotency key \'u2868863270112-6bea6eb4dacd40f2\' used with conflicting reservation parameters.""}')",1
pessimistic_lock_write_heavy_c5_rep2,pessimistic_lock,write_heavy,5,/items/:id/reserve [POST],"CatchResponseError('Conflict error: {""error_code"":""IDEMPOTENCY_CONFLICT"",""message"":""Duplicate idempotency key \'u2868862917264-46a84ea451b14ff1\' used with conflicting reservation parameters.""}')",1
pessimistic_lock_write_heavy_c5_rep2,pessimistic_lock,write_heavy,5,/items/:id/reserve [POST],"CatchResponseError('Server error HTTP 404: {""error_code"":""ITEM_NOT_FOUND"",""message"":""Item with ID 17 not found.""}')",4
pessimistic_lock_write_heavy_c5_rep2,pessimistic_lock,write_heavy,5,/items/:id/reserve [POST],"CatchResponseError('Server error HTTP 404: {""error_code"":""ITEM_NOT_FOUND"",""message"":""Item with ID 9 not found.""}')",6
pessimistic_lock_write_heavy_c5_rep2,pessimistic_lock,write_heavy,5,/items/:id/reserve [POST],"CatchResponseError('Server error HTTP 404: {""error_code"":""ITEM_NOT_FOUND"",""message"":""Item with ID 4 not found.""}')",5
pessimistic_lock_write_heavy_c5_rep2,pessimistic_lock,write_heavy,5,/items/:id/reserve [POST],"CatchResponseError('Server error HTTP 404: {""error_code"":""ITEM_NOT_FOUND"",""message"":""Item with ID 2 not found.""}')",5
pessimistic_lock_write_heavy_c5_rep2,pessimistic_lock,write_heavy,5,/items/:id/reserve [POST],"CatchResponseError('Server error HTTP 500: {""error_code"":""INTERNAL_SERVER_ERROR"",""message"":""An unexpected error occurred while processing the request.""}')",1
pessimistic_lock_write_heavy_c5_rep2,pessimistic_lock,write_heavy,5,/items/:id/reserve [POST],"CatchResponseError('Server error HTTP 404: {""error_code"":""ITEM_NOT_FOUND"",""message"":""Item with ID 5 not found.""}')",7
pessimistic_lock_write_heavy_c5_rep2,pessimistic_lock,write_heavy,5,/items/:id/reserve [POST],"CatchResponseError('Conflict error: {""error_code"":""IDEMPOTENCY_CONFLICT"",""message"":""Duplicate idempotency key \'u2868863270112-d619844ef5fb474b\' used with conflicting reservation parameters.""}')",2
pessimistic_lock_write_heavy_c5_rep2,pessimistic_lock,write_heavy,5,/items/:id/reserve [POST],"CatchResponseError('Conflict error: {""error_code"":""IDEMPOTENCY_CONFLICT"",""message"":""Duplicate idempotency key \'u2868863267984-f124b924507d40f8\' used with conflicting reservation parameters.""}')",1
pessimistic_lock_write_heavy_c5_rep2,pessimistic_lock,write_heavy,5,/items/:id/reserve [POST],"CatchResponseError('Server error HTTP 404: {""error_code"":""ITEM_NOT_FOUND"",""message"":""Item with ID 19 not found.""}')",7
pessimistic_lock_write_heavy_c5_rep2,pessimistic_lock,write_heavy,5,/items/:id/reserve [POST],"CatchResponseError('Conflict error: {""error_code"":""IDEMPOTENCY_CONFLICT"",""message"":""Duplicate idempotency key \'u2868862916304-8cfec82d967b4774\' used with conflicting reservation parameters.""}')",1
pessimistic_lock_write_heavy_c5_rep2,pessimistic_lock,write_heavy,5,/items/:id/reserve [POST],"CatchResponseError('Server error HTTP 404: {""error_code"":""ITEM_NOT_FOUND"",""message"":""Item with ID 15 not found.""}')",4
pessimistic_lock_write_heavy_c5_rep2,pessimistic_lock,write_heavy,5,/items/:id/reserve [POST],"CatchResponseError('Conflict error: {""error_code"":""IDEMPOTENCY_CONFLICT"",""message"":""Duplicate idempotency key \'u2868863267984-140807463ade4a79\' used with conflicting reservation parameters.""}')",1
pessimistic_lock_write_heavy_c5_rep2,pessimistic_lock,write_heavy,5,/items/:id/reserve [POST],"CatchResponseError('Conflict error: {""error_code"":""IDEMPOTENCY_CONFLICT"",""message"":""Duplicate idempotency key \'u2868862917264-db2875c23ebe4318\' used with conflicting reservation parameters.""}')",1
pessimistic_lock_write_heavy_c5_rep2,pessimistic_lock,write_heavy,5,/items/:id/reserve [POST],"CatchResponseError('Server error HTTP 404: {""error_code"":""ITEM_NOT_FOUND"",""message"":""Item with ID 7 not found.""}')",8
pessimistic_lock_write_heavy_c5_rep2,pessimistic_lock,write_heavy,5,/items/:id/reserve [POST],"CatchResponseError('Conflict error: {""error_code"":""IDEMPOTENCY_CONFLICT"",""message"":""Duplicate idempotency key \'u2868862916304-47d0b72a6bae4862\' used with conflicting reservation parameters.""}')",1
pessimistic_lock_write_heavy_c5_rep2,pessimistic_lock,write_heavy,5,/items/:id/reserve [POST],"CatchResponseError('Server error HTTP 404: {""error_code"":""ITEM_NOT_FOUND"",""message"":""Item with ID 10 not found.""}')",8
pessimistic_lock_write_heavy_c5_rep2,pessimistic_lock,write_heavy,5,/items/:id/reserve [POST],"CatchResponseError('Conflict error: {""error_code"":""IDEMPOTENCY_CONFLICT"",""message"":""Duplicate idempotency key \'u2868862388944-dc285bfaf635459e\' used with conflicting reservation parameters.""}')",1
pessimistic_lock_write_heavy_c5_rep2,pessimistic_lock,write_heavy,5,/items/:id/reserve [POST],"CatchResponseError('Conflict error: {""error_code"":""IDEMPOTENCY_CONFLICT"",""message"":""Duplicate idempotency key \'u2868863270112-3022b1ee0e9343f5\' used with conflicting reservation parameters.""}')",1
pool_constrained_pool_c50,atomic_update,mixed,20,/items/:id/reserve [POST],"CatchResponseError('Conflict error: {""error_code"":""IDEMPOTENCY_CONFLICT"",""message"":""Duplicate idempotency key \'u1738304463568-d1ae4742a291423d\' used with conflicting reservation parameters.""}')",1
pool_constrained_pool_c50,atomic_update,mixed,20,/items/:id/reserve [POST],"CatchResponseError('Conflict error: {""error_code"":""IDEMPOTENCY_CONFLICT"",""message"":""Duplicate idempotency key \'u1738304133776-60c3b0a8b67f4a2e\' used with conflicting reservation parameters.""}')",1
pool_constrained_pool_c50,atomic_update,mixed,20,/items/:id/reserve [POST],"CatchResponseError('Conflict error: {""error_code"":""IDEMPOTENCY_CONFLICT"",""message"":""Duplicate idempotency key \'u1738304467024-c6922ee9a75e45f5\' used with conflicting reservation parameters.""}')",1
pool_constrained_pool_c50,atomic_update,mixed,20,/items/:id/reserve [POST],"CatchResponseError('Conflict error: {""error_code"":""IDEMPOTENCY_CONFLICT"",""message"":""Duplicate idempotency key \'u1738304467792-689d5f10e2f14165\' used with conflicting reservation parameters.""}')",1
pool_constrained_pool_c50,atomic_update,mixed,20,/items/:id/reserve [POST],"CatchResponseError('Conflict error: {""error_code"":""IDEMPOTENCY_CONFLICT"",""message"":""Duplicate idempotency key \'u1738304133776-ffdf26c09f1e4f9a\' used with conflicting reservation parameters.""}')",1
pool_constrained_pool_c50,atomic_update,mixed,20,/items/:id/reserve [POST],"CatchResponseError('Conflict error: {""error_code"":""IDEMPOTENCY_CONFLICT"",""message"":""Duplicate idempotency key \'u1738304467024-abcf36d38081463e\' used with conflicting reservation parameters.""}')",1
pool_constrained_pool_c50,atomic_update,mixed,20,/items/:id/reserve [POST],"CatchResponseError('Conflict error: {""error_code"":""IDEMPOTENCY_CONFLICT"",""message"":""Duplicate idempotency key \'u1738304486624-4cdf5deb535c46c8\' used with conflicting reservation parameters.""}')",1
pool_constrained_pool_c50,atomic_update,mixed,20,/items/:id/reserve [POST],"CatchResponseError('Conflict error: {""error_code"":""IDEMPOTENCY_CONFLICT"",""message"":""Duplicate idempotency key \'u1738303838640-d46f663e7f1c496a\' used with conflicting reservation parameters.""}')",1
pool_constrained_pool_c50,atomic_update,mixed,20,/items/:id/reserve [POST],"CatchResponseError('Conflict error: {""error_code"":""IDEMPOTENCY_CONFLICT"",""message"":""Duplicate idempotency key \'u1738304484496-c47ca08511854466\' used with conflicting reservation parameters.""}')",1
pool_constrained_pool_c50,atomic_update,mixed,20,/items/:id/reserve [POST],"CatchResponseError('Conflict error: {""error_code"":""IDEMPOTENCY_CONFLICT"",""message"":""Duplicate idempotency key \'u1738304125520-74c7d2ca75374dd8\' used with conflicting reservation parameters.""}')",1
pool_constrained_pool_c50,atomic_update,mixed,20,/items/:id/reserve [POST],"CatchResponseError('Conflict error: {""error_code"":""IDEMPOTENCY_CONFLICT"",""message"":""Duplicate idempotency key \'u1738304469904-be02d5e6afe94640\' used with conflicting reservation parameters.""}')",1
pool_constrained_pool_c50,atomic_update,mixed,20,/items/:id/reserve [POST],"CatchResponseError('Conflict error: {""error_code"":""IDEMPOTENCY_CONFLICT"",""message"":""Duplicate idempotency key \'u1738305396064-5f40f0a89c8a451a\' used with conflicting reservation parameters.""}')",1
pool_constrained_pool_c50,atomic_update,mixed,20,/items/:id/reserve [POST],"CatchResponseError('Conflict error: {""error_code"":""IDEMPOTENCY_CONFLICT"",""message"":""Duplicate idempotency key \'u1738303897680-e3e7a7c104e140d4\' used with conflicting reservation parameters.""}')",1
pool_high_concurrency_pool_c50,atomic_update,mixed,20,/items/:id/reserve [POST],"CatchResponseError('Conflict error: {""error_code"":""IDEMPOTENCY_CONFLICT"",""message"":""Duplicate idempotency key \'u2711673567824-fe14100bda81455c\' used with conflicting reservation parameters.""}')",1
pool_high_concurrency_pool_c50,atomic_update,mixed,20,/items/:id/reserve [POST],"CatchResponseError('Conflict error: {""error_code"":""IDEMPOTENCY_CONFLICT"",""message"":""Duplicate idempotency key \'u2711673576080-ab8500d66dee46ca\' used with conflicting reservation parameters.""}')",1
pool_high_concurrency_pool_c50,atomic_update,mixed,20,/items/:id/reserve [POST],"CatchResponseError('Conflict error: {""error_code"":""IDEMPOTENCY_CONFLICT"",""message"":""Duplicate idempotency key \'u2711673641152-bb3d86efb2f74328\' used with conflicting reservation parameters.""}')",1
pool_high_concurrency_pool_c50,atomic_update,mixed,20,/items/:id/reserve [POST],"CatchResponseError('Conflict error: {""error_code"":""IDEMPOTENCY_CONFLICT"",""message"":""Duplicate idempotency key \'u2711673757744-0a2130672a6449ae\' used with conflicting reservation parameters.""}')",1
pool_high_concurrency_pool_c50,atomic_update,mixed,20,/items/:id/reserve [POST],"CatchResponseError('Conflict error: {""error_code"":""IDEMPOTENCY_CONFLICT"",""message"":""Duplicate idempotency key \'u2711675000768-a16911d6e23d4a35\' used with conflicting reservation parameters.""}')",1
pool_high_concurrency_pool_c50,atomic_update,mixed,20,/items/:id/reserve [POST],"CatchResponseError('Conflict error: {""error_code"":""IDEMPOTENCY_CONFLICT"",""message"":""Duplicate idempotency key \'u2711673047760-a44dda548b014249\' used with conflicting reservation parameters.""}')",1
pool_high_concurrency_pool_c50,atomic_update,mixed,20,/items/:id/reserve [POST],"CatchResponseError('Conflict error: {""error_code"":""IDEMPOTENCY_CONFLICT"",""message"":""Duplicate idempotency key \'u2711673928928-46d78d1b171e4053\' used with conflicting reservation parameters.""}')",2
pool_high_concurrency_pool_c50,atomic_update,mixed,20,/items/:id/reserve [POST],"CatchResponseError('Conflict error: {""error_code"":""IDEMPOTENCY_CONFLICT"",""message"":""Duplicate idempotency key \'u2711673575120-ebeb4dbbdfb041ba\' used with conflicting reservation parameters.""}')",1
pool_high_concurrency_pool_c50,atomic_update,mixed,20,/items/:id/reserve [POST],"CatchResponseError('Conflict error: {""error_code"":""IDEMPOTENCY_CONFLICT"",""message"":""Duplicate idempotency key \'u2711673590928-b9aea8b6bc224fd5\' used with conflicting reservation parameters.""}')",1
pool_high_concurrency_pool_c50,atomic_update,mixed,20,/items/:id/reserve [POST],"CatchResponseError('Conflict error: {""error_code"":""IDEMPOTENCY_CONFLICT"",""message"":""Duplicate idempotency key \'u2711673047760-040358d63c064fd5\' used with conflicting reservation parameters.""}')",1
pool_high_concurrency_pool_c50,atomic_update,mixed,20,/items/:id/reserve [POST],"CatchResponseError('Conflict error: {""error_code"":""IDEMPOTENCY_CONFLICT"",""message"":""Duplicate idempotency key \'u2711673641152-b83459e8ff7e4d9e\' used with conflicting reservation parameters.""}')",1
pool_high_concurrency_pool_c50,atomic_update,mixed,20,/items/:id/reserve [POST],"CatchResponseError('Conflict error: {""error_code"":""IDEMPOTENCY_CONFLICT"",""message"":""Duplicate idempotency key \'u2711673928928-be6362b97f424ecb\' used with conflicting reservation parameters.""}')",1
pool_high_concurrency_pool_c50,atomic_update,mixed,20,/items/:id/reserve [POST],"CatchResponseError('Conflict error: {""error_code"":""IDEMPOTENCY_CONFLICT"",""message"":""Duplicate idempotency key \'u2711673908752-1fbfede3a9a8455b\' used with conflicting reservation parameters.""}')",1
pool_high_concurrency_pool_c50,atomic_update,mixed,20,/items/:id/reserve [POST],"CatchResponseError('Conflict error: {""error_code"":""IDEMPOTENCY_CONFLICT"",""message"":""Duplicate idempotency key \'u2711673909520-bb31a3348fd64bae\' used with conflicting reservation parameters.""}')",2
pool_high_concurrency_pool_c50,atomic_update,mixed,20,/items/:id/reserve [POST],"CatchResponseError('Conflict error: {""error_code"":""IDEMPOTENCY_CONFLICT"",""message"":""Duplicate idempotency key \'u2711673567824-5eaa9ac1e3a74043\' used with conflicting reservation parameters.""}')",1
pool_standard_pool_c50,atomic_update,mixed,20,/items/:id/reserve [POST],"CatchResponseError('Conflict error: {""error_code"":""IDEMPOTENCY_CONFLICT"",""message"":""Duplicate idempotency key \'u2247614208192-a9fa807c293243f6\' used with conflicting reservation parameters.""}')",1
pool_standard_pool_c50,atomic_update,mixed,20,/items/:id/reserve [POST],"CatchResponseError('Conflict error: {""error_code"":""IDEMPOTENCY_CONFLICT"",""message"":""Duplicate idempotency key \'u2247614142160-b7c23d7ca0984fc2\' used with conflicting reservation parameters.""}')",1
pool_standard_pool_c50,atomic_update,mixed,20,/items/:id/reserve [POST],"CatchResponseError('Conflict error: {""error_code"":""IDEMPOTENCY_CONFLICT"",""message"":""Duplicate idempotency key \'u2247613907024-89884bf5565a4993\' used with conflicting reservation parameters.""}')",1
pool_standard_pool_c50,atomic_update,mixed,20,/items/:id/reserve [POST],"CatchResponseError('Conflict error: {""error_code"":""IDEMPOTENCY_CONFLICT"",""message"":""Duplicate idempotency key \'u2247614477136-3d0edd11c1864051\' used with conflicting reservation parameters.""}')",1
pool_standard_pool_c50,atomic_update,mixed,20,/items/:id/reserve [POST],"CatchResponseError('Conflict error: {""error_code"":""IDEMPOTENCY_CONFLICT"",""message"":""Duplicate idempotency key \'u2247614206016-3467340b1a2c4f7d\' used with conflicting reservation parameters.""}')",1
pool_standard_pool_c50,atomic_update,mixed,20,/items/:id/reserve [POST],"CatchResponseError('Conflict error: {""error_code"":""IDEMPOTENCY_CONFLICT"",""message"":""Duplicate idempotency key \'u2247615367360-ba818ca1eee14198\' used with conflicting reservation parameters.""}')",1
pool_standard_pool_c50,atomic_update,mixed,20,/items/:id/reserve [POST],"CatchResponseError('Conflict error: {""error_code"":""IDEMPOTENCY_CONFLICT"",""message"":""Duplicate idempotency key \'u2247614493840-1726a20c4437477f\' used with conflicting reservation parameters.""}')",1
pool_standard_pool_c50,atomic_update,mixed,20,/items/:id/reserve [POST],"CatchResponseError('Conflict error: {""error_code"":""IDEMPOTENCY_CONFLICT"",""message"":""Duplicate idempotency key \'u2247614475216-de3135b13bd64c6f\' used with conflicting reservation parameters.""}')",1
pool_standard_pool_c50,atomic_update,mixed,20,/items/:id/reserve [POST],"CatchResponseError('Conflict error: {""error_code"":""IDEMPOTENCY_CONFLICT"",""message"":""Duplicate idempotency key \'u2247614495968-d85e03cb19124c83\' used with conflicting reservation parameters.""}')",1
pool_standard_pool_c50,atomic_update,mixed,20,/items/:id/reserve [POST],"CatchResponseError('Conflict error: {""error_code"":""IDEMPOTENCY_CONFLICT"",""message"":""Duplicate idempotency key \'u2247614143120-55287932a7a94d87\' used with conflicting reservation parameters.""}')",1
pool_standard_pool_c50,atomic_update,mixed,20,/items/:id/reserve [POST],"CatchResponseError('Conflict error: {""error_code"":""IDEMPOTENCY_CONFLICT"",""message"":""Duplicate idempotency key \'u2247614479632-fd52fe0e6688478a\' used with conflicting reservation parameters.""}')",1
pool_standard_pool_c50,atomic_update,mixed,20,/items/:id/reserve [POST],"CatchResponseError('Conflict error: {""error_code"":""IDEMPOTENCY_CONFLICT"",""message"":""Duplicate idempotency key \'u2247614142160-dc9055182fbd47b5\' used with conflicting reservation parameters.""}')",1
pool_standard_pool_c50,atomic_update,mixed,20,/items/:id/reserve [POST],"CatchResponseError('Conflict error: {""error_code"":""IDEMPOTENCY_CONFLICT"",""message"":""Duplicate idempotency key \'u2247613907024-7ad6d2a9f1564979\' used with conflicting reservation parameters.""}')",1
